datetime,actual,Historical Mean,Linear Regression,Ridge,Lasso,Random Forest,Gradient Boosting
2012-08-08 21:00:00,381,176.51612434631028,390.3631688467607,390.19299077634383,390.38656612343505,349.0793475274726,388.56530305527514
2012-08-08 22:00:00,233,176.51612434631028,301.3711750493113,301.31951502347056,301.4124397550884,282.8129267676768,310.69064255535284
2012-08-08 23:00:00,136,176.51612434631028,171.14869497215864,171.31097588418433,171.18550221276115,164.85127454489958,169.09780309201122
2012-08-09 00:00:00,67,176.51612434631028,85.21017829790225,85.38637070237178,85.26874661904078,68.44797709235208,92.54442322960958
2012-08-09 01:00:00,28,176.51612434631028,41.77422580154172,41.893031389989005,41.81930165783456,30.729259559884564,38.35797235496704
2012-08-09 02:00:00,14,176.51612434631028,15.92894184014321,15.992232893168904,15.97287282000778,10.991733585858588,18.947644512482036
2012-08-09 03:00:00,6,176.51612434631028,5.449936350348054,5.494337840977124,5.4844657410031346,6.523560175935176,6.846285565553663
2012-08-09 04:00:00,10,176.51612434631028,-3.963503093718316,-3.949310506603098,-3.9703430433784774,7.1468614718614685,6.019355702086607
2012-08-09 05:00:00,41,176.51612434631028,22.87404030660724,22.68252128577018,22.837169274656787,39.34587968975468,12.754180659095448
2012-08-09 06:00:00,167,176.51612434631028,127.21671302460581,127.04669811112399,127.20462506855509,175.794571969697,127.15920406346461
2012-08-09 07:00:00,475,176.51612434631028,356.90852906421685,356.8514465580786,356.9341848269694,447.72954589854606,446.02361222427714
2012-08-09 08:00:00,698,176.51612434631028,659.1954941520593,658.7131691885958,659.2122136471145,724.8666446192696,748.5855408952784
2012-08-09 09:00:00,353,176.51612434631028,474.55888697872297,474.61094529302136,474.5874017356226,340.30561979686985,351.7567099437463
2012-08-09 10:00:00,205,176.51612434631028,272.37330611733336,272.50816927810354,272.420998270528,214.27968217893215,269.97935560066236
2012-08-09 11:00:00,260,176.51612434631028,256.2273980792964,256.25451467568644,256.19116734188503,235.37177755577747,230.12841053475418
2012-08-09 12:00:00,277,176.51612434631028,314.5517290834574,314.49702131895424,314.5211726449478,298.37248809523794,308.1036062326586
2012-08-09 13:00:00,281,176.51612434631028,311.53852619685006,311.86401079886684,311.52067699732504,285.27488870851363,304.2534959294553
2012-08-09 14:00:00,247,176.51612434631028,278.028157399506,278.2006294710511,277.9803217077829,266.3220614246864,268.79505873602693
2012-08-09 15:00:00,267,176.51612434631028,286.8322258323987,287.03593120068535,286.78767637326195,278.88975807525804,266.9927511271405
2012-08-09 16:00:00,417,176.51612434631028,379.77870450524244,379.95525822015384,379.7630680766558,412.74225577200593,405.90401651879057
2012-08-09 17:00:00,810,176.51612434631028,693.9060477290623,694.1645979508477,693.895775814246,777.5510508658009,804.1848567086829
2012-08-09 18:00:00,811,176.51612434631028,777.9826995849016,778.2792398917779,778.0318477428865,825.5056361832609,824.6009606266807
2012-08-09 19:00:00,623,176.51612434631028,666.5040886259869,666.8908348467204,666.5479321940177,615.3032979797979,631.4238886010958
2012-08-09 20:00:00,478,176.51612434631028,495.9764698349662,496.06444025616406,496.0192412005986,479.4003656204907,485.7597408885846
2012-08-09 21:00:00,336,176.51612434631028,384.3886900889112,384.39995814612195,384.4308785125841,357.577010059385,397.82214609314633
2012-08-09 22:00:00,259,176.51612434631028,261.6709119827513,261.7311795293829,261.7222550274442,252.6256617965368,258.44178430100266
2012-08-09 23:00:00,156,176.51612434631028,189.95107944506142,189.98572175531908,189.9808869445132,170.4459728604729,182.0644644392686
2012-08-10 00:00:00,85,176.51612434631028,103.60333345039766,103.63936249941536,103.6389227498584,77.68398498723496,104.30128009075699
2012-08-10 01:00:00,41,176.51612434631028,57.6066732533383,57.64082820383992,57.642744606901715,41.0916176046176,49.728468492756505
2012-08-10 02:00:00,20,176.51612434631028,26.644521828437632,26.697784212342725,26.698578379731117,17.921580849705844,22.22050930535731
2012-08-10 03:00:00,9,176.51612434631028,1.613343422491397,1.7464798505488375,1.686041843866633,10.566777417027415,13.379699170258094
2012-08-10 04:00:00,7,176.51612434631028,-36.517728455706816,-36.50000823377596,-36.48306584265055,7.818170995670996,-3.477291301892959
2012-08-10 05:00:00,33,176.51612434631028,-16.14807195776831,-16.197837980281122,-16.1111506115638,37.576299963924946,3.6551284362549064
2012-08-10 06:00:00,44,176.51612434631028,71.91994304265737,71.66932328757561,71.93396484865136,150.1167358613609,81.69930656233906
2012-08-10 07:00:00,133,176.51612434631028,238.5237550252923,238.69431942674004,238.55263980118366,116.52981658619159,130.36879781828898
2012-08-10 08:00:00,119,176.51612434631028,392.4644323862472,392.85805264953757,392.4987925551933,279.69245974858467,269.2369311264248
2012-08-10 09:00:00,220,176.51612434631028,138.10882849026564,140.06777618470807,138.17213988637,231.9444158064158,239.07635311263857
2012-08-10 10:00:00,193,176.51612434631028,195.06602916171505,195.45784526688186,195.09767329956358,221.5099258658008,207.91888344856568
2012-08-10 11:00:00,251,176.51612434631028,197.5200096443727,197.60630426838674,197.5557285902019,189.38809000721503,197.08861134421798
2012-08-10 12:00:00,315,176.51612434631028,295.0855518988949,295.15690970975686,295.11727424689445,298.0615346320346,299.0088728841673
2012-08-10 13:00:00,290,176.51612434631028,313.0333765960452,313.2498162770981,313.05968719334436,320.67040169552655,322.6323605771945
2012-08-10 14:00:00,307,176.51612434631028,287.11457159368535,287.4255421532256,287.13602697496975,291.19579365079363,299.7503736248037
2012-08-10 15:00:00,324,176.51612434631028,325.46941940766555,325.59608435631725,325.48247188314383,316.7825275696526,332.77286356598574
2012-08-10 16:00:00,467,176.51612434631028,415.3723720190935,415.42296476821093,415.39046617403403,469.3489534632035,465.45494088093915
2012-08-10 17:00:00,730,176.51612434631028,679.8549599099282,679.9428001591472,679.8887100875038,773.5369986818741,782.4788426750927
2012-08-10 18:00:00,640,176.51612434631028,702.7722060454062,703.294645405212,702.8466749761053,706.5909871378622,725.9279948616798
2012-08-10 19:00:00,492,176.51612434631028,525.1458122393254,526.0355943933581,525.2158813867734,503.8912727272728,495.39159942895367
2012-08-10 20:00:00,370,176.51612434631028,406.9791071930114,407.5165397996402,407.04816813861055,398.3100073953825,399.0272397236805
2012-08-10 21:00:00,286,176.51612434631028,306.7881990276019,307.11384207184346,306.8495021096587,300.84265873015886,315.04547433519264
2012-08-10 22:00:00,218,176.51612434631028,230.08924951862417,230.34326172030123,230.1642973488573,215.33367750305248,238.63869427894466
2012-08-10 23:00:00,192,176.51612434631028,170.7673750568996,170.98407027262724,170.82494042510547,171.7065887445888,162.30190171037216
2012-08-11 00:00:00,180,176.51612434631028,139.33426202676884,139.26776754548712,139.36020204373642,145.469141996892,129.4704244371376
2012-08-11 01:00:00,116,176.51612434631028,123.11943346549062,122.8340258658228,123.14151975624705,113.34072150072154,114.25886658245888
2012-08-11 02:00:00,85,176.51612434631028,39.513314027682554,39.21110527248416,39.55293515103368,80.63305808080808,62.97711496176742
2012-08-11 03:00:00,21,176.51612434631028,6.219907224603929,5.966679070561781,6.262518303968534,33.73124314574312,33.78271208241929
2012-08-11 04:00:00,10,176.51612434631028,11.782562772536266,11.712694757281923,11.754554519799456,8.391378385503387,21.483243284636085
2012-08-11 05:00:00,11,176.51612434631028,21.002520782372784,20.8151255336644,20.963101885542216,12.466568750693748,14.78469164531758
2012-08-11 06:00:00,23,176.51612434631028,54.14935808750164,53.86430193255525,54.122530120083255,31.21136156898657,44.347401016918106
2012-08-11 07:00:00,62,176.51612434631028,146.7115265336014,146.5663069163765,146.6922828585635,54.925864732489714,68.81128661682342
2012-08-11 08:00:00,162,176.51612434631028,211.7204824448192,211.7653783365502,211.71833999342584,139.9452182262183,134.56324013489035
2012-08-11 09:00:00,271,176.51612434631028,125.14752945516668,126.8562996976566,125.20999056454576,269.01810335497834,223.444878904137
2012-08-11 10:00:00,407,176.51612434631028,260.50984588669587,260.9357031569469,260.550027138849,370.7028336940837,332.7697815787863
2012-08-11 11:00:00,499,176.51612434631028,407.2755958275683,406.7132194802971,407.2494722594041,465.24978508990995,448.9238436079142
2012-08-11 12:00:00,546,176.51612434631028,497.5440168865738,496.76350012952776,497.5122685170438,516.2580950577202,525.2885263105776
2012-08-11 13:00:00,569,176.51612434631028,495.27579469237037,494.65461142726826,495.24077896399183,532.5507770562772,500.85051506003083
2012-08-11 14:00:00,538,176.51612434631028,490.08751174093993,489.43593586310567,490.0495776138191,537.6821764069266,485.81726769254834
2012-08-11 15:00:00,562,176.51612434631028,492.6573450460006,491.92944509425365,492.6063556421666,524.616173881674,494.36255698048217
2012-08-11 16:00:00,531,176.51612434631028,554.4776472596351,553.6203101535531,554.4380034931369,507.2085715395717,499.43696457223876
2012-08-11 17:00:00,512,176.51612434631028,603.8179727004846,603.528253783142,603.8727377855298,504.6820292762792,461.86461093735517
2012-08-11 18:00:00,300,176.51612434631028,501.5991980847897,502.7702057299026,501.69882660877647,457.1899455266955,515.720850344085
2012-08-11 19:00:00,275,176.51612434631028,279.7748780164094,281.6345040791064,279.8395014337644,252.01092446442442,328.80257835883
2012-08-11 20:00:00,160,176.51612434631028,197.53875192098224,198.55738886196718,197.61674637307334,242.7287620990121,220.368999631242
2012-08-11 21:00:00,128,176.51612434631028,165.27723986062523,166.16295989641395,165.3198452206061,201.83074855699854,214.28065189863082
2012-08-11 22:00:00,168,176.51612434631028,135.32419134704807,135.93273441163544,135.3562739874007,150.94500775613278,183.5275038216972
2012-08-11 23:00:00,163,176.51612434631028,107.7372419417637,108.02672865038228,107.78827509861173,128.81835696248197,130.86885009291888
2012-08-12 00:00:00,120,176.51612434631028,123.66409126208629,123.79204267904345,123.72174289435358,122.70416264291262,120.94131378250768
2012-08-12 01:00:00,113,176.51612434631028,87.734845683874,87.68713682374502,87.78253792250001,94.80313887501384,84.99451357773353
2012-08-12 02:00:00,86,176.51612434631028,85.78093447778653,85.6185601750777,85.8261592102246,87.16336949161945,72.51404768347317
2012-08-12 03:00:00,48,176.51612434631028,52.171518041611336,52.02073542682152,52.216669488746874,38.73246085858586,50.79329595373622
2012-08-12 04:00:00,10,176.51612434631028,28.958195933873725,28.871777737549138,28.95474013537452,13.915456640581635,26.760219509433178
2012-08-12 05:00:00,10,176.51612434631028,20.35624243983679,20.401206268652373,20.379322852263897,18.582842629592626,14.200755881842005
2012-08-12 06:00:00,16,176.51612434631028,53.1351919178517,52.974802295953225,53.147970800407336,21.581471500721495,43.249033602641774
2012-08-12 07:00:00,39,176.51612434631028,133.16096170575935,133.16997238454258,133.1882943372358,45.06471771284273,62.58307560751091
2012-08-12 08:00:00,119,176.51612434631028,191.94468042729935,192.22197293714723,191.98827836236615,111.82211033411033,96.27173481816818
2012-08-12 09:00:00,217,176.51612434631028,103.59083663716238,105.55136811425352,103.67801155158942,232.69412157287152,199.2859783637859
2012-08-12 10:00:00,328,176.51612434631028,250.9880549103122,251.70853454014562,251.05348479292877,311.7815882034633,293.92999198941004
2012-08-12 11:00:00,449,176.51612434631028,394.81838947765925,394.63832043911833,394.8007608713772,434.9847709235209,440.41714433362654
2012-08-12 12:00:00,505,176.51612434631028,491.6049004566436,491.05660482715825,491.57962738726906,510.2385018037518,547.5650703820321
2012-08-12 13:00:00,543,176.51612434631028,515.3737614049434,514.9726894152665,515.3281814498814,524.6256544705295,534.6276812131085
2012-08-12 14:00:00,579,176.51612434631028,518.738052802344,518.2872280337267,518.7039830416929,536.4677170190921,530.8773143600389
2012-08-12 15:00:00,577,176.51612434631028,541.5906989491937,540.8440185101814,541.5490644439951,522.7042453102458,523.8010886927381
2012-08-12 16:00:00,513,176.51612434631028,566.9169704289397,566.0498418808387,566.8814401786907,532.1872945387947,537.2764963153076
2012-08-12 17:00:00,505,176.51612434631028,599.9723605982633,599.5068141079402,599.9422209718055,492.16903717116213,509.37545076369
2012-08-12 18:00:00,491,176.51612434631028,420.05224764760067,420.76143415474064,420.0829993315947,460.71182702020184,421.51881830567
2012-08-12 19:00:00,465,176.51612434631028,337.210414282114,338.22705114077604,337.246661916623,424.0118297258298,380.2288061698842
2012-08-12 20:00:00,300,176.51612434631028,312.84162939727617,313.11084440641247,312.8666087539482,396.3070113636363,332.6882718145757
2012-08-12 21:00:00,220,176.51612434631028,224.50727764724445,224.86271911284584,224.55091110797161,253.17098953823952,261.02055318618096
2012-08-12 22:00:00,181,176.51612434631028,172.16261943094997,172.48653021984603,172.21283975564506,176.92933838383843,195.39954954669105
2012-08-12 23:00:00,110,176.51612434631028,129.44245712751723,129.70635688917258,129.48660728077937,125.13953066378072,152.81600244492603
2012-08-13 00:00:00,47,176.51612434631028,74.75096681326009,74.98949400287127,74.79868013731027,48.66243777056279,86.70779389561802
2012-08-13 01:00:00,14,176.51612434631028,39.67795618895394,39.912061783762795,39.72516049296112,24.14724429736931,38.75915165177107
2012-08-13 02:00:00,9,176.51612434631028,19.789864639116075,19.980309359299213,19.841751945841793,9.63780248917749,10.881396924902035
2012-08-13 03:00:00,6,176.51612434631028,11.690009102922403,11.82983175293046,11.733880618635027,6.3632876984127,8.651074998878576
2012-08-13 04:00:00,11,176.51612434631028,8.120053987290333,8.191496249581576,8.117412070226578,7.308107489732487,5.931452730877376
2012-08-13 05:00:00,36,176.51612434631028,25.92920101537817,25.884906507236707,25.92697278303882,36.01609816572316,11.491599144822047
2012-08-13 06:00:00,159,176.51612434631028,94.76023642873014,94.52299839022325,94.7603297763956,147.87504244366747,106.63645280118529
2012-08-13 07:00:00,436,176.51612434631028,286.3672663081895,285.92106314062494,286.361865550243,465.97303607503613,398.7743791033578
2012-08-13 08:00:00,673,176.51612434631028,519.7280271105199,518.6791067414496,519.6986528785359,605.1887049894549,608.8987683303508
2012-08-13 09:00:00,305,176.51612434631028,430.0614407759921,429.93711386342,430.0507992982971,320.06243813131323,333.2208419636111
2012-08-13 10:00:00,199,176.51612434631028,266.9055378653761,267.15873518900776,266.927174377133,230.2286374458873,238.4177284096017
2012-08-13 11:00:00,245,176.51612434631028,284.7618104207563,284.97230503004806,284.7471336069474,234.84992744755237,243.89792873096434
2012-08-13 12:00:00,276,176.51612434631028,333.46771714236036,333.5654809778668,333.45362800020644,278.25120725108223,335.7843426922287
2012-08-13 13:00:00,254,176.51612434631028,333.580766685893,333.9551600020484,333.56895994624847,293.44639849039834,375.84072787614235
2012-08-13 14:00:00,248,176.51612434631028,320.1090530424085,320.62282340078457,320.08193459474205,285.23342135642133,329.3051879837359
2012-08-13 15:00:00,274,176.51612434631028,325.97266674652076,326.4295227981022,325.95991092765803,279.1450476190476,308.8452868163782
2012-08-13 16:00:00,464,176.51612434631028,404.2584517478773,404.5221635052409,404.242890521204,435.9821071428573,458.1720980378969
2012-08-13 17:00:00,818,176.51612434631028,668.3843440199933,668.3556782060075,668.3714466681474,826.1204089660341,729.3504913264726
2012-08-13 18:00:00,812,176.51612434631028,747.9278587048586,748.0054201253671,747.9612574199116,806.0697135642132,741.9594197390339
2012-08-13 19:00:00,555,176.51612434631028,640.9981492190232,641.2875292423505,641.0255418913389,684.8182079725829,636.4582474373876
2012-08-13 20:00:00,432,176.51612434631028,434.5945679545945,434.74090374421814,434.62615154248454,435.47676316738807,423.8055675942398
2012-08-13 21:00:00,290,176.51612434631028,333.52688089092726,333.5037316996213,333.5691094387362,318.04106295093794,358.7789062928728
2012-08-13 22:00:00,192,176.51612434631028,225.25255758769697,225.39948665786386,225.30874650314593,220.54078370240867,226.71594817991462
2012-08-13 23:00:00,128,176.51612434631028,132.58386237308636,132.77116487964668,132.62629980837596,123.48525890775883,139.80715865353898
2012-08-14 00:00:00,60,176.51612434631028,75.99769722779519,76.16381345728728,76.04393769768646,62.4868740981241,91.22634303001976
2012-08-14 01:00:00,27,176.51612434631028,30.303391620320895,30.405573599058442,30.34035490367299,24.052093253968255,35.00047505965503
2012-08-14 02:00:00,11,176.51612434631028,8.608115163612553,8.680556974333825,8.650136956292698,11.820833250083256,18.260017303228008
2012-08-14 03:00:00,3,176.51612434631028,-4.142911682054688,-4.061427159067762,-4.101009523054785,6.118814574314577,6.019355702086607
2012-08-14 04:00:00,5,176.51612434631028,-3.4786529250992544,-3.4320389368201916,-3.4866015656296554,7.1310546536796515,6.019355702086607
2012-08-14 05:00:00,36,176.51612434631028,17.084109063232205,17.02584051308682,17.076621163428058,37.53642514430014,11.579502116031284
2012-08-14 06:00:00,64,176.51612434631028,79.5286399581201,79.2258216898073,79.5231614795174,158.24133531746037,87.16513223620993
2012-08-14 07:00:00,179,176.51612434631028,296.8497116540279,296.91191596106796,296.84805133226564,209.20130465367976,276.19619678656517
2012-08-14 08:00:00,618,176.51612434631028,457.8625416731826,457.9112022570299,457.85250779137675,416.72285438172935,411.4284592202166
2012-08-14 09:00:00,402,176.51612434631028,411.25501096896676,411.46311501782236,411.2781607616424,315.18312523587537,326.4292927299382
2012-08-14 10:00:00,208,176.51612434631028,303.55055060596356,303.4134057612094,303.58253637554594,259.5967674963926,294.188586003596
2012-08-14 11:00:00,196,176.51612434631028,246.4086980396066,246.47143831203914,246.3915809260426,244.63043759018763,233.84750503364472
2012-08-14 12:00:00,300,176.51612434631028,271.71071662184437,271.9047398313489,271.69742942439336,245.67396843434352,267.45987485465264
2012-08-14 13:00:00,286,176.51612434631028,300.9349667119874,301.0795475023584,300.9078805118247,278.66457832445326,304.102653607818
2012-08-14 14:00:00,255,176.51612434631028,284.02460681641355,284.31638456880603,284.0029527384745,265.40545968614714,283.7339663069471
2012-08-14 15:00:00,283,176.51612434631028,290.6024555371915,290.9787428021395,290.59865592397773,280.24158116883103,299.0386330210096
2012-08-14 16:00:00,458,176.51612434631028,398.9689370677178,399.22324574927916,398.9597154121252,445.2221603535352,426.46054874381525
2012-08-14 17:00:00,812,176.51612434631028,655.7523999322572,655.9853967243782,655.8210268658929,800.5194715007221,676.8962338490393
2012-08-14 18:00:00,854,176.51612434631028,780.971924576078,781.2537985994222,781.0225364990127,808.7406765873017,804.43298755061
2012-08-14 19:00:00,627,176.51612434631028,669.8260610588235,670.0447468124156,669.8664772345837,649.6530431096679,652.7824494635425
2012-08-14 20:00:00,436,176.51612434631028,489.6981616654077,489.724702695112,489.7441130922912,472.2321461038963,468.8859010813051
2012-08-14 21:00:00,308,176.51612434631028,348.67799760101775,348.62993897507124,348.6990363793494,317.21920761183264,365.04334286682723
2012-08-14 22:00:00,189,176.51612434631028,244.6928443429371,244.77232442847435,244.72683333711856,225.05366287878795,244.51809283408062
2012-08-14 23:00:00,167,176.51612434631028,142.70300742006586,142.99840853378032,142.74613027439136,134.5269273088023,145.50279584032043
2012-08-15 00:00:00,60,176.51612434631028,106.41619401917632,106.44928448384654,106.44478050769013,74.81411363636364,114.38463230501047
2012-08-15 01:00:00,37,176.51612434631028,42.51833641843896,42.67169348332109,42.541126846922594,24.68212723387723,39.61896699900751
2012-08-15 02:00:00,8,176.51612434631028,27.729613974201868,27.800455528295316,27.755999271113495,15.203597402597403,24.953117289484563
2012-08-15 03:00:00,11,176.51612434631028,3.4107627717166054,3.522887606216756,3.4453619672137563,5.591063582251085,6.767365667767441
2012-08-15 04:00:00,4,176.51612434631028,6.8683163322807275,6.773613123469431,6.826367876990616,6.722426663614167,6.596335843491234
2012-08-15 05:00:00,39,176.51612434631028,27.69593123862819,27.633078249534748,27.67145454426594,39.58746735209235,12.327512081712111
2012-08-15 06:00:00,172,176.51612434631028,108.97474361044,108.64193225232059,108.9473488044303,159.3973286019537,112.22566791440977
2012-08-15 07:00:00,492,176.51612434631028,318.18488431514106,317.6569909965996,318.17487441349783,500.0668814935067,408.63182053804337
2012-08-15 08:00:00,682,176.51612434631028,640.5867472042733,639.616809760171,640.5694857742759,666.5968306832058,682.9301251944132
2012-08-15 09:00:00,367,176.51612434631028,465.44777752687526,465.5567617931466,465.4753667446445,368.9361568015315,367.16243021553527
2012-08-15 10:00:00,233,176.51612434631028,273.536169715975,273.56882857896517,273.581270911037,222.9701848845599,259.23127729203924
2012-08-15 11:00:00,235,176.51612434631028,249.17325236879927,249.16181803413923,249.16717401256997,238.79309024309026,240.03376714690148
2012-08-15 12:00:00,307,176.51612434631028,290.7571629103394,290.84692877071177,290.75336351148735,286.2726696359197,290.77212576434556
2012-08-15 13:00:00,294,176.51612434631028,310.1101883509208,310.3127863095931,310.09961820455806,295.6873547979798,320.05291093101687
2012-08-15 14:00:00,255,176.51612434631028,268.272466481371,268.5662402859449,268.27538400958736,261.0495684038183,280.48270858325304
2012-08-15 15:00:00,266,176.51612434631028,279.67761699899245,280.0145509804852,279.67567373821805,281.3349078282829,296.91835675925427
2012-08-15 16:00:00,431,176.51612434631028,382.44155138696635,382.73753339355824,382.43347399001334,420.3521366133864,429.4807282506788
2012-08-15 17:00:00,851,176.51612434631028,680.0888170487214,680.354334784976,680.1134431020715,826.070181457432,788.7301816362583
2012-08-15 18:00:00,848,176.51612434631028,822.7251755280483,822.8650254716925,822.7473872876217,845.3409909812406,855.2858038616802
2012-08-15 19:00:00,649,176.51612434631028,691.6937902994672,691.9538593010136,691.7185685832285,699.2867754329001,683.3157975322072
2012-08-15 20:00:00,427,176.51612434631028,517.0838023919156,517.0044158822652,517.1033446784423,492.9441433982686,503.12843981937374
2012-08-15 21:00:00,315,176.51612434631028,357.1795737097485,357.21961213155043,357.2067732703765,326.9285586219337,371.20445284542785
2012-08-15 22:00:00,226,176.51612434631028,248.74897411907622,248.7679338859167,248.77534350131748,227.58510861360875,235.61120846246612
2012-08-15 23:00:00,138,176.51612434631028,168.39637385090714,168.56957296128826,168.42828591295378,170.58458757908764,165.04067960742796
2012-08-16 00:00:00,76,176.51612434631028,90.72204029418646,90.855010721597,90.75686981400095,68.31159036796537,100.13684963210125
2012-08-16 01:00:00,21,176.51612434631028,48.50732819660553,48.6178535133281,48.54473703547785,37.550254870129876,44.05618156244874
2012-08-16 02:00:00,15,176.51612434631028,13.730495914550715,13.886825657447332,13.782070900008279,9.109114267676771,16.59201858935419
2012-08-16 03:00:00,4,176.51612434631028,4.698294842848554,4.8328282657130615,4.754436546127067,6.551542332667333,6.906668321980476
2012-08-16 04:00:00,5,176.51612434631028,2.5991105273688504,2.6978674723621054,2.603563603756726,6.530206085581088,6.767365667767441
2012-08-16 05:00:00,37,176.51612434631028,25.68614897361985,25.705597655005477,25.691509327489044,37.07698773448774,13.50219062477628
2012-08-16 06:00:00,165,176.51612434631028,119.09628937759604,118.91136041052604,119.10280564049813,167.83274801587305,124.25419612381738
2012-08-16 07:00:00,464,176.51612434631028,362.1211816221514,361.78072686120277,362.12789465152963,460.7808762626261,439.696543063817
2012-08-16 08:00:00,682,176.51612434631028,633.7734025551496,632.9032567569736,633.7604163294404,659.9198694638695,672.5736585971292
2012-08-16 09:00:00,337,176.51612434631028,474.2665555121115,474.32506665155495,474.2759450314197,361.6014960594959,377.56907468988106
2012-08-16 10:00:00,199,176.51612434631028,271.71563592757616,271.7796626199862,271.7324310333242,224.210943015318,250.59083754089738
2012-08-16 11:00:00,274,176.51612434631028,256.31229357519646,256.370575762768,256.27480775667084,241.56328314740804,243.74087915047858
2012-08-16 12:00:00,343,176.51612434631028,327.0437910208392,326.9197672882852,326.9959198994896,306.46988257575754,346.0822102777461
2012-08-16 13:00:00,300,176.51612434631028,339.89227232622716,339.86524488167987,339.8467134344462,339.2999915223664,337.40514720875956
2012-08-16 14:00:00,248,176.51612434631028,296.9460977821421,297.10259761934003,296.8903250491054,278.1797846042846,298.4966033282375
2012-08-16 15:00:00,260,176.51612434631028,280.2081095082757,280.47375666362825,280.17613714309414,274.2754357448107,280.8683969565308
2012-08-16 16:00:00,419,176.51612434631028,379.0515216672085,379.29235294622754,379.02239809925396,413.7231762959263,401.96617083091917
2012-08-16 17:00:00,897,176.51612434631028,682.1254692958715,682.3819882770935,682.1223015168456,846.3865113636365,810.6777956119339
2012-08-16 18:00:00,832,176.51612434631028,850.096455018462,850.0337888472758,850.0939844849531,838.5301428571429,862.3225660322977
2012-08-16 19:00:00,677,176.51612434631028,682.7641989996774,683.0258295194119,682.7715333191659,698.9390324675322,700.0655849072607
2012-08-16 20:00:00,514,176.51612434631028,537.5974816278101,537.3360610313056,537.5910365833327,488.6885842352092,502.03982660450805
2012-08-16 21:00:00,356,176.51612434631028,404.9145472012601,404.55614442109925,404.91705696955654,352.093608141858,383.84138382037514
2012-08-16 22:00:00,254,176.51612434631028,286.6917451262145,286.60646471398064,286.7176479714128,276.399648088023,290.4158788801623
2012-08-16 23:00:00,226,176.51612434631028,188.55936653870924,188.6487761932165,188.5910673378482,170.96507861582867,187.2538737113832
2012-08-17 00:00:00,88,176.51612434631028,154.6197611328124,153.0659096908596,154.31382263195223,128.27775341325335,132.77614987017967
2012-08-17 01:00:00,54,176.51612434631028,62.340854242892235,61.049956471840076,62.05455968660476,43.60052834665335,58.65591338357561
2012-08-17 02:00:00,19,176.51612434631028,44.33074146586465,43.015071996656474,44.04867875772548,26.55054166666666,26.274443962447346
2012-08-17 03:00:00,6,176.51612434631028,17.04437110486927,15.853002838753042,16.77885020787261,9.224260572760572,10.560517522712747
2012-08-17 04:00:00,9,176.51612434631028,10.115376587327404,8.869594787512511,9.801022299756937,6.406490176490174,5.069414422556028
2012-08-17 05:00:00,36,176.51612434631028,34.7631413762073,33.433805544918954,34.44761832748138,35.582301046176056,10.629560836500705
2012-08-17 06:00:00,157,176.51612434631028,98.62427198586214,97.12499451967946,98.32922779814757,142.9736964008214,119.34788642720858
2012-08-17 07:00:00,379,176.51612434631028,290.22122929363024,288.453092845237,289.91461516606273,431.60480212842725,398.6714506696632
2012-08-17 08:00:00,668,176.51612434631028,472.472602824909,470.2922114148829,472.1371162904935,650.1940510045508,553.8961160928978
2012-08-17 09:00:00,378,176.51612434631028,438.6155401300217,437.1841483684967,438.2798335410066,339.98899510212004,317.90581812635526
2012-08-17 10:00:00,231,176.51612434631028,291.5144045172452,289.8484458782244,291.16172065864737,235.218928030303,279.7119396544568
2012-08-17 11:00:00,303,176.51612434631028,276.2880813389968,274.6797058277749,275.8936650618967,263.51044387556885,266.57150113349206
2012-08-17 12:00:00,365,176.51612434631028,359.962850661261,358.06394314054666,359.5111003625517,327.80326537351533,364.06598728733667
2012-08-17 13:00:00,357,176.51612434631028,360.22754464167053,358.34168799699364,359.7605649505116,367.1993910533909,368.7466854995209
2012-08-17 14:00:00,328,176.51612434631028,343.078444549544,341.2162919206139,342.59508398942796,326.1698612637363,355.0579609444607
2012-08-17 15:00:00,383,176.51612434631028,345.8401624008213,343.9859772233474,345.36075130868494,337.00616648629153,340.83751948540214
2012-08-17 16:00:00,488,176.51612434631028,456.17846562462626,454.24589578696043,455.7297444360926,478.4315396825397,462.2881610187319
2012-08-17 17:00:00,791,176.51612434631028,716.784607108681,715.0877545654902,716.3683600851109,772.3836702741703,798.4628404562311
2012-08-17 18:00:00,669,176.51612434631028,748.2256287703417,746.7583342372312,747.835949035233,733.9073860028855,719.5896317886147
2012-08-17 19:00:00,491,176.51612434631028,554.547457745568,553.8701986966722,554.2393399138978,575.8009549062051,514.3063460830612
2012-08-17 20:00:00,359,176.51612434631028,409.25983804922384,408.2221200023945,408.95132002677724,419.9697797619049,407.9124510828193
2012-08-17 21:00:00,255,176.51612434631028,298.6219495079029,297.46779385766143,298.3426137635846,294.6471527777777,310.07985040882545
2012-08-17 22:00:00,213,176.51612434631028,175.86039514861642,174.67271563270077,175.60632798910046,185.50467965367966,180.43323767202065
2012-08-17 23:00:00,121,176.51612434631028,136.5352273240597,135.46634398891837,136.2997721107585,126.82152179764677,134.503638422263
2012-08-18 00:00:00,105,176.51612434631028,91.67088988834786,91.78549774688906,91.69082045138101,100.28370508658013,101.76886503512486
2012-08-18 01:00:00,92,176.51612434631028,34.88866872219816,34.66602296662563,34.903540812207325,95.63875919913418,71.76229655634864
2012-08-18 02:00:00,43,176.51612434631028,23.492929033578577,23.205468518400977,23.521108785215148,72.10860642135644,43.91370044144981
2012-08-18 03:00:00,30,176.51612434631028,19.450932969844388,19.29466583678871,19.46052023449107,25.33651695526697,29.88669097447967
2012-08-18 04:00:00,13,176.51612434631028,16.77312684558592,16.76204750873893,16.76642741463982,9.57111381673882,24.070281788466957
2012-08-18 05:00:00,9,176.51612434631028,20.772078167134538,20.73979539527042,20.773285420289398,12.667937798312796,14.955721469593785
2012-08-18 06:00:00,27,176.51612434631028,68.85837785968243,68.69691341091455,68.85278135670067,29.3825826950827,53.320058245931364
2012-08-18 07:00:00,64,176.51612434631028,178.262280064675,178.2727299783436,178.27548963563584,63.194631840381845,90.2108155608694
2012-08-18 08:00:00,189,176.51612434631028,288.98374532852836,289.6730945281977,289.04066100781637,166.8499206210456,150.80121162563543
2012-08-18 09:00:00,292,176.51612434631028,164.77339231002316,166.6726219132251,164.8564533380524,294.27135588023083,243.65918962338696
2012-08-18 10:00:00,480,176.51612434631028,280.54379311280957,280.8947962023196,280.5779256875615,406.9405622294372,335.93947496805504
2012-08-18 11:00:00,536,176.51612434631028,469.9635467326824,469.2163263827239,469.91619874405615,528.9586933621936,521.7653968681713
2012-08-18 12:00:00,654,176.51612434631028,535.1266605752072,534.2338621163738,535.0561791807394,573.0763751873125,556.9740976182004
2012-08-18 13:00:00,644,176.51612434631028,579.7515916324248,578.7644123878562,579.6757828564395,634.9344355228106,588.8970266300406
2012-08-18 14:00:00,598,176.51612434631028,553.5331797795307,552.6125817032106,553.4586392618562,617.7206285034409,574.4880653022141
2012-08-18 15:00:00,596,176.51612434631028,554.2395564973797,553.415430895639,554.1686037781325,590.9395362554112,574.1303537366119
2012-08-18 16:00:00,641,176.51612434631028,597.0690248642165,596.1902462596986,597.0115838261357,573.3765325160953,567.6940841147764
2012-08-18 17:00:00,635,176.51612434631028,736.0715082994052,735.4616276140624,736.0462908661448,589.482442099567,643.65036655042
2012-08-18 18:00:00,554,176.51612434631028,562.2996429871853,562.959604144047,562.3342262073975,574.2294911616164,578.0759490534904
2012-08-18 19:00:00,488,176.51612434631028,422.268122328204,423.402711191584,422.3188485230147,456.07827308802314,462.96326991711294
2012-08-18 20:00:00,341,176.51612434631028,347.76557565360633,348.0928735723881,347.79183232353944,416.8707581168832,393.7571929729369
2012-08-18 21:00:00,338,176.51612434631028,248.0627046974942,248.27796774867957,248.09712321028502,280.3561195887446,279.49251018097146
2012-08-18 22:00:00,261,176.51612434631028,251.46049884241864,251.38773244112878,251.48403493873386,311.1227498196249,269.0962156792777
2012-08-18 23:00:00,235,176.51612434631028,184.69851857230134,184.74349132482257,184.73004201264357,213.57121238483745,197.06555668834326
2012-08-19 00:00:00,187,176.51612434631028,160.45526846619055,160.2622011112494,160.49161849979393,176.93612229437235,161.71251834655612
2012-08-19 01:00:00,131,176.51612434631028,134.8141939504717,134.56720085246008,134.8472260583336,130.13251533189043,118.84690282545488
2012-08-19 02:00:00,119,176.51612434631028,85.57068951392937,85.3994052925011,85.63351334252185,83.1430606060606,71.88885222852062
2012-08-19 03:00:00,55,176.51612434631028,68.46423929952503,68.33455486101678,68.534453312436,59.33015623265621,73.89442164298968
2012-08-19 04:00:00,26,176.51612434631028,24.305039992880182,24.297554629803017,24.33013947700161,14.813772838272833,29.72499999415961
2012-08-19 05:00:00,11,176.51612434631028,16.996023187450106,16.976719671713596,17.02527785507928,12.055718892218897,22.563742020792407
2012-08-19 06:00:00,20,176.51612434631028,45.7440541772264,45.65999485836166,45.77734089252948,23.70585364635365,39.884995113708484
2012-08-19 07:00:00,41,176.51612434631028,120.36216450659677,120.38286835521457,120.41075116103018,49.575420093795074,68.2976627844646
2012-08-19 08:00:00,124,176.51612434631028,192.53204578494262,193.05850413588246,192.59063451923345,123.85437193362195,96.14972316483544
2012-08-19 09:00:00,270,176.51612434631028,96.42059145346578,98.46410381202824,96.51441098344705,221.17605988455983,189.76440792763833
2012-08-19 10:00:00,425,176.51612434631028,274.314404504963,274.8487691298252,274.37754262066346,359.10726244588733,349.8103227579827
2012-08-19 11:00:00,272,176.51612434631028,402.9064359578738,402.35971491451596,402.91993483434237,446.4782270923521,420.7598379710333
2012-08-19 12:00:00,298,176.51612434631028,357.1869078761217,357.46939844404676,357.2363019441352,372.3339575702076,338.2922391829969
2012-08-19 13:00:00,162,176.51612434631028,348.97903454880606,349.33767558426996,349.00500986232475,400.3375865384616,335.94603733930484
2012-08-19 14:00:00,149,176.51612434631028,264.7457350995095,265.77219647604306,264.80792878490155,258.7436015512267,172.07609864488572
2012-08-19 15:00:00,276,176.51612434631028,306.46154859724004,307.49396903708384,306.509627065853,316.7910191197691,277.4305212529992
2012-08-19 16:00:00,356,176.51612434631028,410.5702084147389,411.0647000878559,410.61202585704666,382.2602960511711,436.1768426708386
2012-08-19 17:00:00,343,176.51612434631028,522.8392771656088,523.243522806941,522.8929392989821,432.61249082861553,513.8688991539517
2012-08-19 18:00:00,377,176.51612434631028,391.98864194705266,393.82205107592915,392.1021278238296,332.7579068154069,431.19367856608017
2012-08-19 19:00:00,341,176.51612434631028,339.13937815052986,341.08247883852215,339.2523896842921,323.2481406648908,360.71141877098665
2012-08-19 20:00:00,274,176.51612434631028,267.5376370755326,268.53184092712166,267.62845966020757,294.65554022366524,323.7566626252216
2012-08-19 21:00:00,190,176.51612434631028,189.16312918197974,189.73257539179798,189.25813756015054,240.66214285714298,221.659314390804
2012-08-19 22:00:00,56,176.51612434631028,157.0708752218183,157.59090330576018,157.1480611370839,171.24034830447334,201.15777196723175
2012-08-19 23:00:00,46,176.51612434631028,60.3526837254565,61.20723342106825,60.43267560703278,92.2704362026862,86.16970940827902
2012-08-20 00:00:00,26,176.51612434631028,36.87152491822101,37.33683617829078,36.92879349259732,53.6621616022866,70.59920447062625
2012-08-20 01:00:00,10,176.51612434631028,23.30331599291634,23.559791219529842,23.350160252213186,19.154650252525244,32.93669994622926
2012-08-20 02:00:00,5,176.51612434631028,17.405829074678508,17.547867232804833,17.451388725362364,8.101381909756908,11.23236298348976
2012-08-20 03:00:00,3,176.51612434631028,3.5162409259343974,3.5307848702598505,3.540689023682262,4.88657824120324,8.48004517460237
2012-08-20 04:00:00,7,176.51612434631028,-2.5469657733467272,-2.5133101517027967,-2.5528378493183084,6.807295634920633,5.243825521623354
2012-08-20 05:00:00,37,176.51612434631028,16.286977533086628,16.19712434419901,16.27618687039677,34.55548773448773,10.80397193556803
2012-08-20 06:00:00,161,176.51612434631028,90.1061353863447,89.90115925333322,90.11786209367324,157.29787694250194,106.66908218136034
2012-08-20 07:00:00,442,176.51612434631028,281.63319819715184,281.16419398340304,281.63688785225696,469.4735082972584,421.4049903137514
2012-08-20 08:00:00,655,176.51612434631028,530.3928488393473,529.60327452003,530.3914370766659,666.9517147435894,632.2757029976322
2012-08-20 09:00:00,357,176.51612434631028,423.46738248512395,423.674912109357,423.500093812409,345.5362186147186,329.01084237580307
2012-08-20 10:00:00,193,176.51612434631028,292.73944535739355,292.98883973873023,292.80332291243553,268.4544087995337,318.6695626467173
2012-08-20 11:00:00,241,176.51612434631028,239.86595629666994,239.98840590383716,239.8766856637535,232.1214502164502,235.97523843088337
2012-08-20 12:00:00,282,176.51612434631028,282.5105865046821,282.634488419443,282.5327325047085,287.77416772116766,292.63845189942157
2012-08-20 13:00:00,291,176.51612434631028,265.51494379246424,265.58668922429644,265.51291083173487,249.24731007881007,272.99423374202087
2012-08-20 14:00:00,275,176.51612434631028,258.14378875837156,258.19675303384633,258.1373129548306,252.9003695887446,260.13946986941204
2012-08-20 15:00:00,309,176.51612434631028,284.8453048051954,284.98710589139614,284.8518642073559,286.99091093628596,292.6392757982818
2012-08-20 16:00:00,460,176.51612434631028,391.80700017426625,391.93096514595175,391.82246043538254,440.55941763791765,442.6641536136774
2012-08-20 17:00:00,893,176.51612434631028,620.6262865752304,620.5877307429931,620.6515345615285,803.5821269841275,694.6487482137771
2012-08-20 18:00:00,815,176.51612434631028,750.6481187333555,750.5155881155471,750.703710849218,724.3771212121211,711.0564680832373
2012-08-20 19:00:00,299,176.51612434631028,590.702938023623,590.950545053016,590.7564007940474,547.9593533966034,556.2197593112384
2012-08-20 20:00:00,261,176.51612434631028,260.47714166941705,261.545615262968,260.5544959516844,312.74901945276946,313.01247288295843
2012-08-20 21:00:00,245,176.51612434631028,220.55929377001243,221.07113714237065,220.60337116879694,227.18520580808072,256.6955452897761
2012-08-20 22:00:00,161,176.51612434631028,167.17945052075126,167.26977059983892,167.21502852868593,187.32691017316003,180.64845690820948
2012-08-20 23:00:00,102,176.51612434631028,99.46880231496453,99.74438694370421,99.51035624558091,114.61781487956495,135.46193024407825
2012-08-21 00:00:00,59,176.51612434631028,50.94603252637569,51.13917020111697,50.9828439776382,51.01086192279944,80.61833159039665
2012-08-21 01:00:00,33,176.51612434631028,23.019320864648506,23.136352595197053,23.05657736733437,25.819958666333676,35.655750605864704
2012-08-21 02:00:00,8,176.51612434631028,5.977551857312875,6.017919382389408,6.02403330189432,13.660051046176045,16.991092415188913
2012-08-21 03:00:00,3,176.51612434631028,-0.6430814712685731,-0.5708159261634762,-0.6139202673149668,4.546232864357864,6.767365667767441
2012-08-21 04:00:00,4,176.51612434631028,1.3864737533860136,1.410062617294983,1.365319075502839,6.577828012265513,6.767365667767441
2012-08-21 05:00:00,34,176.51612434631028,24.054238489564057,24.023204105350146,24.041629580472033,33.04379166666668,12.327512081712111
2012-08-21 06:00:00,169,176.51612434631028,95.70762539502391,95.51316594049482,95.70186849440654,143.1258621656122,120.11495696083414
2012-08-21 07:00:00,519,176.51612434631028,298.41758175688926,298.0710425347661,298.4265576777358,494.886960858586,412.9918844988266
2012-08-21 08:00:00,723,176.51612434631028,643.8557486527241,643.0341860232028,643.8533449494208,682.2238952158949,675.7803198766711
2012-08-21 09:00:00,328,176.51612434631028,503.3943444654459,503.45799892419427,503.40768792756694,378.27994627594614,379.84852692158313
2012-08-21 10:00:00,178,176.51612434631028,256.47512757459265,256.7265781093156,256.51869098001407,214.73693618881123,250.98322520820642
2012-08-21 11:00:00,256,176.51612434631028,224.93106806589205,225.10193925183003,224.92448719936186,221.98632990620487,221.5559215290254
2012-08-21 12:00:00,305,176.51612434631028,311.8086865132311,311.83246905652425,311.78468196909546,300.9738524531024,324.402854920193
2012-08-21 13:00:00,331,176.51612434631028,315.33681080308236,315.3589271693734,315.2891680971074,294.34810538073043,303.2173053131536
2012-08-21 14:00:00,302,176.51612434631028,311.2576518874515,311.183041468189,311.2056416508963,294.6021361138861,293.0510253892932
2012-08-21 15:00:00,302,176.51612434631028,320.8978763903642,320.9066876967398,320.8481342285371,294.0264955322456,305.5267880114228
2012-08-21 16:00:00,467,176.51612434631028,414.81512890019457,414.9405213294159,414.77982071407246,453.45882251082253,448.729525517253
2012-08-21 17:00:00,878,176.51612434631028,706.4448932628009,706.6644631990863,706.4618324872231,843.2868327922075,815.0678678274123
2012-08-21 18:00:00,625,176.51612434631028,831.168250981581,831.3448085371643,831.2095084480604,826.7109852092359,829.9620604445206
2012-08-21 19:00:00,476,176.51612434631028,457.814310735955,458.60234849608923,457.8870928124222,545.5117770424023,430.3232182717078
2012-08-21 20:00:00,358,176.51612434631028,376.7144908491413,377.11152715851995,376.7505513141408,411.7629815739818,385.9800966875296
2012-08-21 21:00:00,280,176.51612434631028,292.5310406201663,292.78912389631324,292.5670273256752,279.91868331668326,321.51371322666375
2012-08-21 22:00:00,232,176.51612434631028,212.06623938458833,212.0597881350681,212.08134147397655,198.90839646464644,213.73331049992387
2012-08-21 23:00:00,136,176.51612434631028,165.05408514852965,165.08661673857296,165.0706244449708,159.19597125097135,167.14598614343026
2012-08-22 00:00:00,55,176.51612434631028,81.62182345783262,81.67447751831412,81.64518051205638,66.9550007215007,95.81525801523335
2012-08-22 01:00:00,21,176.51612434631028,35.88287247297913,36.06481442235733,35.91780880724531,30.704828102453117,34.939237312825185
2012-08-22 02:00:00,17,176.51612434631028,12.833334775054738,12.947533481478132,12.86878897593445,9.445832042957043,16.59201858935419
2012-08-22 03:00:00,7,176.51612434631028,8.934499516571947,9.02960315304233,8.96888202457066,6.205548451548451,7.660039447295695
2012-08-22 04:00:00,8,176.51612434631028,2.0082950369040873,2.0272693556945853,1.9900349107600164,6.625364718614722,6.767365667767441
2012-08-22 05:00:00,40,176.51612434631028,29.158988308975125,29.153600739149482,29.148689373564963,35.0540883838384,12.327512081712111
2012-08-22 06:00:00,187,176.51612434631028,127.60559176375702,127.52745460130225,127.60062421715124,175.08862835775344,126.23321335212458
2012-08-22 07:00:00,553,176.51612434631028,386.8248584051446,386.704906042984,386.82789671535716,501.8414091325344,466.58717925871855
2012-08-22 08:00:00,740,176.51612434631028,689.0610665874061,688.2144814607371,689.0499044252608,705.118072150072,710.0992924726106
2012-08-22 09:00:00,376,176.51612434631028,503.31237129138117,503.23418707830035,503.31350338739753,351.0520310661561,363.9174586532282
2012-08-22 10:00:00,225,176.51612434631028,288.0647834743783,288.09326695358425,288.090904015252,237.3036827478076,280.2043605311795
2012-08-22 11:00:00,267,176.51612434631028,259.8252092713442,259.85092229569767,259.8133538983967,255.7969069264069,252.9278825353256
2012-08-22 12:00:00,312,176.51612434631028,321.0553410907455,321.0175264007023,321.0245639421438,312.1758704906204,337.74537056157186
2012-08-22 13:00:00,316,176.51612434631028,322.44925492025766,322.50764647003825,322.41549877306545,302.29780036630035,311.9727050013035
2012-08-22 14:00:00,266,176.51612434631028,302.5829297600666,302.62871784761654,302.547505377824,268.7458641081141,295.1621449042569
2012-08-22 15:00:00,316,176.51612434631028,288.6941028937437,288.8576152806698,288.6678295966916,279.10707597957605,291.2310211977334
2012-08-22 16:00:00,460,176.51612434631028,365.0654109968078,365.1898093520242,365.09473508060233,424.7939014874016,357.16007997218134
2012-08-22 17:00:00,783,176.51612434631028,665.9574494116882,666.2529225633739,666.0088773057188,835.1414090909092,701.8610710355247
2012-08-22 18:00:00,683,176.51612434631028,700.124881768088,700.41823681747,700.1996100400631,734.4777794011544,638.837115819609
2012-08-22 19:00:00,580,176.51612434631028,555.7390029341794,556.3399124728845,555.7755872288615,555.4239074675323,522.4878546130195
2012-08-22 20:00:00,391,176.51612434631028,443.93047380683424,443.96641960880675,443.9650551435061,425.48232961482955,437.1992263517685
2012-08-22 21:00:00,351,176.51612434631028,316.85147057928236,316.9946976550199,316.88298553424704,293.98109440559443,344.79699057447533
2012-08-22 22:00:00,281,176.51612434631028,270.99713313491367,270.87789095293675,271.02071848684994,250.66997817460316,253.47218535448
2012-08-22 23:00:00,140,176.51612434631028,191.924605346316,191.70360901300353,191.91888976520283,171.727226010101,192.0402629254879
2012-08-23 00:00:00,60,176.51612434631028,90.02854567903931,90.06730434743122,90.05024172569463,73.84052904040404,100.67099621206481
2012-08-23 01:00:00,25,176.51612434631028,32.61858243576597,32.68959525359159,32.644172956438126,25.28693711843713,36.88635901488024
2012-08-23 02:00:00,20,176.51612434631028,16.756640266916804,16.794399983174685,16.783831651005897,11.835340909090908,18.405847318597825
2012-08-23 03:00:00,9,176.51612434631028,7.164111589437454,7.1774473922934305,7.194711332966449,9.25954369241869,15.65487572936036
2012-08-23 04:00:00,6,176.51612434631028,6.6391058861563295,6.622766444870365,6.615545362932011,7.558456696081699,6.596335843491234
2012-08-23 05:00:00,37,176.51612434631028,27.92588463235839,27.842816011302915,27.904339411643633,38.06827886002886,13.331160800500074
2012-08-23 06:00:00,192,176.51612434631028,114.75210041751146,114.57109264594885,114.73872193688499,172.3780328282828,122.37721530108861
2012-08-23 07:00:00,481,176.51612434631028,379.5537278746484,379.40972278717027,379.56308736266317,504.11552308802305,442.2102139272381
2012-08-23 08:00:00,707,176.51612434631028,643.4617246106071,642.918047470452,643.47074836942,702.8648087884336,719.2336794560395
2012-08-23 09:00:00,412,176.51612434631028,477.0573118331605,477.1068584980894,477.0735775361991,368.5831648906647,364.81994615830325
2012-08-23 10:00:00,233,176.51612434631028,311.0182462835761,310.9067608709797,311.0406795553945,274.36566594516603,303.43101477534714
2012-08-23 11:00:00,278,176.51612434631028,279.39113711387193,279.37079663484485,279.36385540850466,274.9533297535797,276.22998740308594
2012-08-23 12:00:00,332,176.51612434631028,342.40562258622185,342.3017136573677,342.35719767323553,323.1481619769119,354.6805682127407
2012-08-23 13:00:00,346,176.51612434631028,340.28755380837254,340.2617109602984,340.24207067894554,327.3359601370852,321.4822588395453
2012-08-23 14:00:00,305,176.51612434631028,312.1426056103526,312.0519970176974,312.11089843734806,281.64573250360763,301.015386631814
2012-08-23 15:00:00,305,176.51612434631028,313.9032416529067,313.9490735282923,313.8762976492304,280.99623092185595,303.8321714107501
2012-08-23 16:00:00,465,176.51612434631028,401.16165824360087,401.3104923812055,401.15466639210524,448.931760170385,438.2734661086615
2012-08-23 17:00:00,820,176.51612434631028,710.18707411825,710.3814751108586,710.1969095670104,815.7178620684874,767.86022357497
2012-08-23 18:00:00,941,176.51612434631028,774.279043533076,774.3297650569081,774.3006107674142,788.0066307720049,760.1637011727911
2012-08-23 19:00:00,633,176.51612434631028,739.2159738018778,738.9322050942277,739.2201153029802,616.5303861832612,660.4490808280444
2012-08-23 20:00:00,474,176.51612434631028,503.5892973847875,503.45199144898163,503.60921840177286,476.7468667027419,498.5706080577204
2012-08-23 21:00:00,329,176.51612434631028,386.5692937459408,386.48752512898284,386.59832833945677,344.9859336080585,396.863289911739
2012-08-23 22:00:00,198,176.51612434631028,267.0741614227545,267.1396720905518,267.1171516282135,254.37427965090458,250.4724458417649
2012-08-23 23:00:00,157,176.51612434631028,159.13373681062436,159.410902919761,159.1765133196601,152.5483824231325,140.94111575628645
2012-08-24 00:00:00,111,176.51612434631028,98.40594609957064,98.46543412932729,98.45026867376005,84.87868578643578,99.93414017297727
2012-08-24 01:00:00,42,176.51612434631028,64.97078027954939,64.96077021671904,65.01612867022749,54.045757034632,72.67841028043705
2012-08-24 02:00:00,16,176.51612434631028,32.20843689861877,32.25983841133697,32.249824381401055,18.629788086913088,22.391539129633518
2012-08-24 03:00:00,8,176.51612434631028,9.653420926717189,9.750208960201718,9.698737357010572,6.3441038961038965,6.906668321980476
2012-08-24 04:00:00,8,176.51612434631028,2.1863447216411203,2.2640826514945616,2.188713855519694,7.822364885114886,6.079738458513419
2012-08-24 05:00:00,38,176.51612434631028,29.99310908688679,29.896128092185506,29.975263176773794,37.898790945165956,12.327512081712111
2012-08-24 06:00:00,151,176.51612434631028,117.23639421276847,117.11248420759138,117.23702262210617,169.25645627983133,127.78059440489179
2012-08-24 07:00:00,425,176.51612434631028,331.6777870490289,331.62025936527743,331.69072967162265,421.9716005138653,406.0874191850311
2012-08-24 08:00:00,744,176.51612434631028,604.9953884425026,604.6317724398632,605.0118386489631,658.356542013542,687.9720954382109
2012-08-24 09:00:00,389,176.51612434631028,516.4679466965702,516.4724999148392,516.4859582746568,404.73458154345644,391.09709457316757
2012-08-24 10:00:00,262,176.51612434631028,304.26556655000843,304.2386203368851,304.2823958754175,268.00072781385273,302.99022767374885
2012-08-24 11:00:00,281,176.51612434631028,296.0503052838237,295.9521764976502,296.0335211922743,307.7106735209236,297.5594142166637
2012-08-24 12:00:00,371,176.51612434631028,338.75332728673277,338.71183732753303,338.740489509559,327.16992334054817,353.14069063732313
2012-08-24 13:00:00,351,176.51612434631028,369.0744292507631,368.9824097243885,369.0448898777347,352.1718596264846,383.8992956743627
2012-08-24 14:00:00,338,176.51612434631028,339.84472636750695,339.8033806643916,339.81351941622495,350.8114487734487,331.6900450515364
2012-08-24 15:00:00,350,176.51612434631028,347.6737684102933,347.6738673217276,347.65949989135265,353.0267839799091,342.6025704053585
2012-08-24 16:00:00,515,176.51612434631028,435.3745417005234,435.41631692913734,435.374101161701,467.85491945554446,477.91734695811243
2012-08-24 17:00:00,812,176.51612434631028,711.892701780765,711.859772787018,711.9155254909261,783.6102903485404,761.953456518385
2012-08-24 18:00:00,736,176.51612434631028,760.6160784397459,760.9246261968466,760.6942875047012,760.0290772005775,766.4940677215822
2012-08-24 19:00:00,536,176.51612434631028,579.3166155673564,579.7138146813198,579.3642583753816,526.7980975829724,520.027774577141
2012-08-24 20:00:00,363,176.51612434631028,416.8798203842443,417.07213591933714,416.93397540055423,434.6081836219336,417.559028574013
2012-08-24 21:00:00,306,176.51612434631028,290.844159229038,291.12092357100715,290.900829896167,288.2360532106783,308.9045454747531
2012-08-24 22:00:00,251,176.51612434631028,235.78302262511548,235.81549382634415,235.82127817360242,230.29727534965033,234.68012087013653
2012-08-24 23:00:00,178,176.51612434631028,169.31692042986742,169.32352263228807,169.36096275393624,168.54707369019874,174.19843603353982
2012-08-25 00:00:00,135,176.51612434631028,123.89647240692199,123.91646959185724,123.91984193735183,143.381064033189,124.42870087828503
2012-08-25 01:00:00,115,176.51612434631028,90.11971047075458,90.01517249132814,90.14118093471308,93.78601201576204,85.99724849069415
2012-08-25 02:00:00,79,176.51612434631028,67.6103000849979,67.40027625399176,67.63917116556719,79.83304365079361,71.6869447304966
2012-08-25 03:00:00,38,176.51612434631028,49.86058209651176,49.73547866200826,49.88602507990153,30.710376262626266,40.32102158813789
2012-08-25 04:00:00,12,176.51612434631028,19.407854867734756,19.378064865617404,19.395268982237383,12.927036616161615,26.831701868769194
2012-08-25 05:00:00,14,176.51612434631028,17.063947769747415,17.04303033278083,17.062472051516323,13.031345446220444,15.03996393093895
2012-08-25 06:00:00,30,176.51612434631028,69.07181069307742,68.9805766827048,69.06842945394517,36.02533596958595,49.7285844822855
2012-08-25 07:00:00,102,176.51612434631028,185.79856900225195,186.08804201166112,185.82616752723902,63.29254544067044,88.89450291088227
2012-08-25 08:00:00,162,176.51612434631028,321.2353467037285,321.9698398864652,321.299508574887,217.5847110389611,241.82006361414756
2012-08-25 09:00:00,288,176.51612434631028,148.56832573744376,150.64626582723008,148.66078978945131,269.37656425518924,233.21916531587317
2012-08-25 10:00:00,442,176.51612434631028,286.1005065236467,286.59253820414017,286.15233200464206,394.65614375901873,389.0210973175833
2012-08-25 11:00:00,457,176.51612434631028,436.58160629764086,435.9831597905944,436.5691055509727,496.5054345238095,502.84486101205897
2012-08-25 12:00:00,584,176.51612434631028,459.009993270917,458.45740065413975,459.01383197367625,454.56560281385276,464.5639293290112
2012-08-25 13:00:00,517,176.51612434631028,537.8370714309002,537.1499593131302,537.8094365010162,575.468574134199,549.5858220317203
2012-08-25 14:00:00,482,176.51612434631028,437.53955005322064,437.0458633707003,437.54155406799055,511.3274660894664,431.84910100075194
2012-08-25 15:00:00,233,176.51612434631028,462.9420572586971,462.54794564928295,462.93874673126004,492.60279373404404,500.98199949199466
2012-08-25 16:00:00,434,176.51612434631028,389.5817041441988,390.1708222872512,389.6193395743677,447.9652940392942,397.96099761700276
2012-08-25 17:00:00,403,176.51612434631028,619.0336062489575,619.2869078908918,619.086122743211,576.3419271839273,631.7551082937027
2012-08-25 18:00:00,383,176.51612434631028,462.7901223785292,464.448290132278,462.90915603921246,430.3238450577199,521.8728061283664
2012-08-25 19:00:00,354,176.51612434631028,349.4607563329839,351.0392764959393,349.53774034488276,344.7390741064492,366.31571081796903
2012-08-25 20:00:00,241,176.51612434631028,249.2228350165708,249.89820436295923,249.29594098127743,277.8445378510378,271.21949995937325
2012-08-25 21:00:00,208,176.51612434631028,228.31994979766415,228.98096460477532,228.37466145065508,244.41952435064937,260.6467650407679
2012-08-25 22:00:00,182,176.51612434631028,187.820293925118,188.18096100632158,187.86521088654237,189.05592803030297,216.90904191679869
2012-08-25 23:00:00,158,176.51612434631028,146.52589851905833,146.7930317396062,146.5660551295643,148.32991143578636,153.6929264875643
2012-08-26 00:00:00,134,176.51612434631028,122.81198549399923,122.76410735530715,122.8362333220245,115.42866702741706,116.81031119954372
2012-08-26 01:00:00,134,176.51612434631028,102.2053190992397,101.98458186411484,102.22203093129623,105.7112718115218,88.8553590272503
2012-08-26 02:00:00,116,176.51612434631028,93.53630516980543,93.17186241429974,93.55899946047325,100.9097472249972,77.30399727488143
2012-08-26 03:00:00,53,176.51612434631028,62.18346844095106,61.79499569032629,62.207245636474056,57.86934433621936,66.47373277110643
2012-08-26 04:00:00,16,176.51612434631028,21.136364803571013,20.876733305770983,21.112654957846843,18.1382116910867,26.24533529935353
2012-08-26 05:00:00,16,176.51612434631028,16.098544084958263,15.850046416758346,16.073560948606428,9.52897186147186,10.799040709198865
2012-08-26 06:00:00,21,176.51612434631028,50.67883682448618,50.41034809700571,50.672376415805445,28.54191666666666,53.42078090693853
2012-08-26 07:00:00,34,176.51612434631028,132.27499776644396,132.31263108755687,132.28487877799762,55.297696622821604,66.74427642291768
2012-08-26 08:00:00,133,176.51612434631028,189.8445686198184,190.425408431921,189.90123190000787,101.18478210678205,98.59597436655979
2012-08-26 09:00:00,263,176.51612434631028,114.65305667641576,116.70207237738587,114.74931330604808,238.43816594516585,210.90180681337267
2012-08-26 10:00:00,385,176.51612434631028,288.6932237938291,289.3234837183939,288.7709838244167,390.00052471139975,368.1605291068215
2012-08-26 11:00:00,482,176.51612434631028,376.1626092496298,375.6836240261403,376.1718949874289,371.22259018759013,423.4583486508362
2012-08-26 12:00:00,626,176.51612434631028,421.0227998695268,420.3720588622032,421.07258742005627,465.25768771506296,443.6230401580693
2012-08-26 13:00:00,541,176.51612434631028,438.06442486821584,436.94054072224117,438.0716309151519,551.1840523088023,481.2340967944857
2012-08-26 14:00:00,377,176.51612434631028,413.6132119892952,412.73271218337334,413.57539266084643,493.7947036435786,453.91699431276623
2012-08-26 15:00:00,391,176.51612434631028,278.15339502473944,277.5592606385409,278.15232953664946,288.64476578976587,308.52933649881305
2012-08-26 16:00:00,173,176.51612434631028,369.0765501896052,368.64706762936737,369.0966792164021,323.5362443806193,367.85870496224413
2012-08-26 17:00:00,233,176.51612434631028,351.7095348720325,352.2952051994565,351.75166676560775,202.14855275280274,256.7652302357866
2012-08-26 18:00:00,264,176.51612434631028,275.736426933204,277.47983172563534,275.8282557877218,236.13702045177052,269.16655456351504
2012-08-26 19:00:00,292,176.51612434631028,220.95182968227172,222.63487979467178,221.02636816901827,258.68305573593074,297.5984487094267
2012-08-26 20:00:00,211,176.51612434631028,220.8694853509616,221.5479514296014,220.91125344235135,238.10140241702734,252.0255514736556
2012-08-26 21:00:00,166,176.51612434631028,167.67881312104188,168.19195832408352,167.71913954763446,192.84217844655345,202.94786705020434
2012-08-26 22:00:00,114,176.51612434631028,112.03417781853449,112.30801608228401,112.06869610108595,159.13306078643575,168.18235192704225
2012-08-26 23:00:00,80,176.51612434631028,72.0745195654925,72.43930459479705,72.12181055760335,99.63442572705073,111.16523427177131
2012-08-27 00:00:00,32,176.51612434631028,53.866457069896086,54.11259013921837,53.90145356397002,44.711495129870116,71.54999118794207
2012-08-27 01:00:00,7,176.51612434631028,27.193307081118377,27.338456912557064,27.217749703776875,22.305167929292924,32.939793732560325
2012-08-27 02:00:00,8,176.51612434631028,14.729143868451189,14.809371708478551,14.756313432442596,10.810246156621151,12.366893355581968
2012-08-27 03:00:00,4,176.51612434631028,5.121996467565026,5.112506798343674,5.142393778063905,4.324580946830946,8.48004517460237
2012-08-27 04:00:00,12,176.51612434631028,4.782018340943239,4.76039309298713,4.760397696214511,6.937863095238095,5.7604229066011685
2012-08-27 05:00:00,36,176.51612434631028,26.713481000988367,26.506049360153952,26.677247348861698,34.65742338217336,11.320569320545841
2012-08-27 06:00:00,145,176.51612434631028,98.90552989938655,98.59362810784414,98.87385024812758,161.47433268120767,111.08640446576956
2012-08-27 07:00:00,433,176.51612434631028,285.24492797483725,284.9718199010164,285.22793382517875,444.2800105450105,421.0848581656031
2012-08-27 08:00:00,699,176.51612434631028,530.4122757688334,529.634076171728,530.387610179702,677.9719724719724,643.1137698266609
2012-08-27 09:00:00,342,176.51612434631028,461.3177026813959,461.2724179024618,461.3235556678594,361.9584983766233,356.03891390791983
2012-08-27 10:00:00,206,176.51612434631028,284.06931753936993,284.3324172208016,284.13769685835234,230.06513213175708,286.2072511336145
2012-08-27 11:00:00,229,176.51612434631028,278.31727248746364,278.60248263432845,278.3408039657264,239.50501911976906,236.40707235154588
2012-08-27 12:00:00,283,176.51612434631028,336.74556361451107,337.17555167141415,336.76689450417723,302.4287797619047,325.5616951853856
2012-08-27 13:00:00,288,176.51612434631028,331.3870515113713,331.8863309424919,331.40950933313945,300.42687400099885,370.38385444081723
2012-08-27 14:00:00,246,176.51612434631028,302.0728110291557,302.4062116548681,302.072016328116,279.513018134643,302.55329467814545
2012-08-27 15:00:00,282,176.51612434631028,292.5680876811799,292.8562968587321,292.588553958176,305.5986700937951,297.24807019912964
2012-08-27 16:00:00,444,176.51612434631028,350.91982863670864,350.93429864893244,350.93317229209185,395.53150595238105,401.1103945316597
2012-08-27 17:00:00,845,176.51612434631028,618.9567586681576,618.7230666432539,618.9446901421252,820.2914977106228,701.4003626302272
2012-08-27 18:00:00,834,176.51612434631028,725.5657376288096,725.2333670565297,725.5742789129628,802.4437714646458,760.1884344116925
2012-08-27 19:00:00,573,176.51612434631028,551.1038509249987,550.8081424175015,551.1279221418813,558.6749432928184,550.0979910203198
2012-08-27 20:00:00,416,176.51612434631028,387.71227870623795,387.4936587931428,387.74242623447935,356.3442857142859,387.759575110563
2012-08-27 21:00:00,278,176.51612434631028,298.72846290372115,298.68669002038735,298.7816633900619,301.93897420634926,287.28433676781924
2012-08-27 22:00:00,161,176.51612434631028,193.97178882683096,194.0040004764381,194.0197776964045,190.60916233766235,205.90468435306755
2012-08-27 23:00:00,114,176.51612434631028,104.43881291502,104.68893019410251,104.49042387370392,96.49767821067819,132.85427622453525
2012-08-28 00:00:00,38,176.51612434631028,64.63903909731147,64.80652937639267,64.68563121103145,52.092325036075074,83.39843672257278
2012-08-28 01:00:00,21,176.51612434631028,17.947947121407225,18.102622652894325,17.98245477676022,17.513152902652905,32.56094477052243
2012-08-28 02:00:00,15,176.51612434631028,10.203891798373235,10.2953582875395,10.243362041715386,11.213721819846821,17.837196029295804
2012-08-28 03:00:00,4,176.51612434631028,3.6924942487669625,3.6261856340547354,3.6994220464765135,5.850506243756241,6.846285565553663
2012-08-28 04:00:00,8,176.51612434631028,3.925286921485167,3.9044054420128873,3.8971348422999483,6.765566738816736,6.596335843491234
2012-08-28 05:00:00,42,176.51612434631028,21.582543603307045,21.492230044429732,21.560715694938295,38.6332196969697,11.46885504818189
2012-08-28 06:00:00,147,176.51612434631028,114.55916699589845,114.30018856980176,114.52972834005965,175.2912566045066,113.64523378251685
2012-08-28 07:00:00,269,176.51612434631028,350.3597615340919,350.3506134276701,350.36011384982953,443.68895511433004,451.927399179297
2012-08-28 08:00:00,693,176.51612434631028,522.1197172640209,522.360129738964,522.1466831293022,520.5565791847043,641.8168331738842
2012-08-28 09:00:00,395,176.51612434631028,458.1417043257661,458.28376169118474,458.17492008529723,350.95976986901957,353.59731786646574
2012-08-28 10:00:00,204,176.51612434631028,291.2499318570784,291.178281700966,291.276641141449,237.05646825396826,301.35548263234153
2012-08-28 11:00:00,218,176.51612434631028,250.6973930526513,250.8885130234518,250.69987680465283,237.38638888888886,237.93321061056406
2012-08-28 12:00:00,297,176.51612434631028,290.3451184900743,290.69303653659597,290.3542018780306,269.99570634920616,281.90843366771685
2012-08-28 13:00:00,288,176.51612434631028,319.73785940180903,320.03718680450675,319.7214543875248,295.48577723665227,320.4056517661764
2012-08-28 14:00:00,251,176.51612434631028,293.36904412960297,293.5536913408452,293.33036797527257,274.3258976370852,295.60820501348456
2012-08-28 15:00:00,317,176.51612434631028,289.71246281214724,289.8198609382672,289.67476230525347,283.4873645382397,282.1549427990171
2012-08-28 16:00:00,480,176.51612434631028,420.73868395379327,420.62258519866634,420.6939177930516,448.8339477605725,433.317683851081
2012-08-28 17:00:00,864,176.51612434631028,725.0505496578998,724.9306108395615,725.0286054482926,842.5357619047619,817.4264241845675
2012-08-28 18:00:00,818,176.51612434631028,783.5809674325658,783.4384782625137,783.5903127668207,804.9468497474746,812.306685070691
2012-08-28 19:00:00,597,176.51612434631028,629.8745552086772,629.9780761162463,629.8793837715473,590.0761031746035,582.0362554251699
2012-08-28 20:00:00,435,176.51612434631028,460.23335465014475,460.20208318118523,460.25161125297984,446.5323740981239,450.659848725134
2012-08-28 21:00:00,314,176.51612434631028,344.4365227052991,344.4130546637019,344.4557382687651,319.9434741092242,354.98739205357634
2012-08-28 22:00:00,216,176.51612434631028,249.62651401919572,249.64083020301618,249.64514875339188,229.09324389499406,238.23903957472965
2012-08-28 23:00:00,109,176.51612434631028,159.53423850135812,159.6935313392782,159.5603520946208,142.31356145243643,152.7982863408054
2012-08-29 00:00:00,47,176.51612434631028,68.22813479657455,68.42144093180809,68.25768764108537,52.142239149739154,81.62200999882646
2012-08-29 01:00:00,14,176.51612434631028,26.947957786116064,27.169069346682278,26.989440817429895,24.39963279775779,34.3845731671405
2012-08-29 02:00:00,6,176.51612434631028,10.934470903743346,11.136118101604012,10.980833209938794,9.985640623265628,8.978341554066507
2012-08-29 03:00:00,9,176.51612434631028,1.4593229316086251,1.6248606652672493,1.5024140458957334,4.796084582084584,6.767365667767441
2012-08-29 04:00:00,10,176.51612434631028,4.951905241454,5.109479863524399,4.966610107311567,6.611712752525257,6.767365667767441
2012-08-29 05:00:00,40,176.51612434631028,29.465202067084903,29.552360176953556,29.480547215127203,38.966786075036055,13.50219062477628
2012-08-29 06:00:00,181,176.51612434631028,123.45997830069555,123.45500978315309,123.48099189427666,178.53693968531476,117.39058476570342
2012-08-29 07:00:00,554,176.51612434631028,362.63304138002525,362.4084496324966,362.6293200236388,500.5097352092354,449.08610144326207
2012-08-29 08:00:00,808,176.51612434631028,700.946957990497,700.2161732670457,700.9408016531391,725.8572563131315,729.6575330637595
2012-08-29 09:00:00,348,176.51612434631028,556.4515511867409,556.2837571496608,556.4588291399812,420.78657224719717,438.99724044895606
2012-08-29 10:00:00,178,176.51612434631028,277.6779305823977,277.8637554976107,277.70994717578674,234.45450942113442,262.6214329612822
2012-08-29 11:00:00,253,176.51612434631028,240.263709157606,240.48766259858527,240.2414649641193,224.95722902097904,236.3846221267168
2012-08-29 12:00:00,360,176.51612434631028,319.2416024067412,319.4080483487447,319.21437878178403,309.899876984127,321.56780214546507
2012-08-29 13:00:00,300,176.51612434631028,353.0958283300871,353.1413880987934,353.0617025401838,366.53336075036066,373.20834468511765
2012-08-29 14:00:00,301,176.51612434631028,291.1220098798838,291.27810155233624,291.08877706804185,275.5125140207015,293.3143181429224
2012-08-29 15:00:00,338,176.51612434631028,321.60610251159727,321.58923754763737,321.5734948569327,304.7638184454434,319.437737621365
2012-08-29 16:00:00,493,176.51612434631028,433.8594938208489,433.7203312987682,433.819131486748,455.6030066738816,448.9309491020154
2012-08-29 17:00:00,870,176.51612434631028,716.485719015787,716.3023736493886,716.460036621902,837.7553010461756,821.1421089695516
2012-08-29 18:00:00,812,176.51612434631028,795.5459928242337,795.5162861308685,795.5626255613504,810.0730847763348,804.964277351331
2012-08-29 19:00:00,643,176.51612434631028,645.2391614041376,645.5275259041448,645.2689151336594,598.5378237734493,599.4737202576868
2012-08-29 20:00:00,427,176.51612434631028,492.92263977165237,492.77922094552696,492.9390395598765,469.9987859501609,467.4020806407689
2012-08-29 21:00:00,313,176.51612434631028,353.6478699396804,353.7375808429411,353.681384107025,322.6868759018759,371.39056982258984
2012-08-29 22:00:00,235,176.51612434631028,263.8089812569077,263.89262447835546,263.8362849799426,237.0763694083694,259.6326801806284
2012-08-29 23:00:00,157,176.51612434631028,168.67628900024178,168.76616559268584,168.702578340923,151.36030054667555,170.6183415999926
2012-08-30 00:00:00,65,176.51612434631028,97.32723594237913,97.36462844079097,97.36183141762523,68.31673556998561,101.739701930906
2012-08-30 01:00:00,23,176.51612434631028,40.27493938100085,40.43413587512407,40.31469420027017,27.285171356421355,39.68190465675656
2012-08-30 02:00:00,17,176.51612434631028,17.51808448968805,17.671250781316616,17.562439424826437,13.39364576395827,17.89757878572262
2012-08-30 03:00:00,5,176.51612434631028,10.540349043843776,10.665651849802686,10.583586029065287,6.853740440115439,7.660039447295695
2012-08-30 04:00:00,8,176.51612434631028,7.0237598822791085,7.117349875002304,7.017201325450941,7.348954920079925,6.767365667767441
2012-08-30 05:00:00,35,176.51612434631028,31.421495342613298,31.435551089157798,31.416722561863963,38.93256493506494,13.50219062477628
2012-08-30 06:00:00,163,176.51612434631028,124.80764200456281,124.68620845003566,124.80500820745519,175.9927290764791,123.0248549007272
2012-08-30 07:00:00,532,176.51612434631028,376.6944300199809,376.62697093622796,376.7034826559206,462.10190656565663,461.2967472212884
2012-08-30 08:00:00,754,176.51612434631028,699.5400005531005,698.9522597834263,699.5398287236151,750.0941837468089,774.035165790415
2012-08-30 09:00:00,396,176.51612434631028,526.7971273119716,526.7605513521391,526.8030572121667,386.4092597541348,393.44227459636807
2012-08-30 10:00:00,234,176.51612434631028,303.82942907285496,303.7758108263465,303.8511233648022,246.65099425574422,299.39804355599307
2012-08-30 11:00:00,276,176.51612434631028,281.87545486989006,281.8993496644869,281.8490441647622,276.80085439560435,278.2996046345763
2012-08-30 12:00:00,294,176.51612434631028,341.6385076051929,341.7762675268925,341.62513820913273,344.4121168831168,381.75569588118856
2012-08-30 13:00:00,290,176.51612434631028,319.79707234661146,320.05568360523523,319.77670329922466,301.48375487012987,323.6907656352576
2012-08-30 14:00:00,273,176.51612434631028,296.86741640821543,297.09094071064,296.84595741547747,289.83204698079703,301.9907229565429
2012-08-30 15:00:00,338,176.51612434631028,306.454230042621,306.5576489189859,306.43479513881755,299.7518865440115,307.5415705246096
2012-08-30 16:00:00,482,176.51612434631028,435.95980808200693,435.90285768879505,435.94517158170913,457.26065014152505,469.11599237881126
2012-08-30 17:00:00,844,176.51612434631028,721.4750101177262,721.4151304268604,721.4615812331658,839.2535672799419,820.6124000148939
2012-08-30 18:00:00,853,176.51612434631028,838.0686011778628,838.2337839938513,838.0765302530026,818.9224821428575,841.0034465257871
2012-08-30 19:00:00,610,176.51612434631028,692.4933496921004,692.6215295077778,692.4976693869858,667.0262963564214,674.6007463892892
2012-08-30 20:00:00,471,176.51612434631028,489.32840257145597,489.30092646247283,489.34962394495017,467.32436291486295,468.40156665057935
2012-08-30 21:00:00,307,176.51612434631028,372.434450908808,372.30260195026733,372.4687826754356,329.4660926573426,372.11202503903627
2012-08-30 22:00:00,291,176.51612434631028,242.79719160026804,242.77332701282157,242.8211662900876,221.71542478354976,239.54295950712032
2012-08-30 23:00:00,152,176.51612434631028,205.92155836752283,205.81388731095987,205.95709163391555,173.7592645271395,197.88856147065601
2012-08-31 00:00:00,82,176.51612434631028,101.77739921274,101.77497536132609,101.81622327503754,90.32003948828948,100.1349956233281
2012-08-31 01:00:00,32,176.51612434631028,48.20469204870426,48.210702010598595,48.24513081212342,32.41644895382396,44.85602915321494
2012-08-31 02:00:00,20,176.51612434631028,18.3579957968048,18.27854368324529,18.376757143722813,16.31667546342546,20.427328319457704
2012-08-31 03:00:00,5,176.51612434631028,6.915862450537929,6.821279428200995,6.932058629246143,14.474223845598855,15.765522797209753
2012-08-31 04:00:00,7,176.51612434631028,1.6383934805018612,1.5432780406784161,1.609891309077085,7.876601717726723,6.706982911340629
2012-08-31 05:00:00,29,176.51612434631028,24.312827281436824,24.139353158710747,24.287579714152088,38.068427669552676,12.2671293252853
2012-08-31 06:00:00,108,176.51612434631028,102.76585701213821,102.5341045554425,102.75490972173472,132.77414484126987,105.68949056161335
2012-08-31 07:00:00,421,176.51612434631028,318.32598501726557,318.3009447386505,318.3295702521791,314.8340355339106,342.3725160107971
2012-08-31 08:00:00,690,176.51612434631028,627.0040967618627,626.8268340666656,627.0322096378341,685.2457755994005,722.884804967922
2012-08-31 09:00:00,398,176.51612434631028,489.04523670469416,489.2200319386384,489.0697170327046,392.9820377261626,366.5673250226427
2012-08-31 10:00:00,256,176.51612434631028,315.8364314837082,315.8019559147349,315.8737659774548,266.2323594877344,324.3857669383416
2012-08-31 11:00:00,309,176.51612434631028,305.44472293421813,305.29715025359167,305.3921279324738,289.2485461344212,281.6986904923222
2012-08-31 12:00:00,410,176.51612434631028,370.22693333486177,370.11711502012906,370.17662985622474,350.23710389610386,367.909827178378
2012-08-31 13:00:00,368,176.51612434631028,397.3492444745183,397.0641493138821,397.2845548459001,387.9318575036074,396.5877133244085
2012-08-31 14:00:00,436,176.51612434631028,360.2048655477686,360.0141617839516,360.1297454092744,360.2382458513711,359.15796398383947
2012-08-31 15:00:00,526,176.51612434631028,421.2971783219433,420.75498045235133,421.2293486875625,365.1453680486182,402.2969883586332
2012-08-31 16:00:00,528,176.51612434631028,564.2685515488429,563.4504914168268,564.1996326442977,497.9465995670994,544.7207986530486
2012-08-31 17:00:00,617,176.51612434631028,748.1621621291997,747.8722633635492,748.1295581169941,765.2934410173162,783.4547492082618
2012-08-31 18:00:00,546,176.51612434631028,672.3898002570277,673.2412811877548,672.422503769033,752.33701497114,774.4344444241344
2012-08-31 19:00:00,452,176.51612434631028,491.49647553709315,492.7399877937645,491.5587117200306,512.0206394300143,499.72818164280693
2012-08-31 20:00:00,356,176.51612434631028,387.52175164975097,388.07979562949214,387.5684649679479,390.91495422632937,380.41696608975064
2012-08-31 21:00:00,303,176.51612434631028,303.29059418397213,303.5431032974185,303.3388892395003,295.9961023559775,307.4918698323223
2012-08-31 22:00:00,277,176.51612434631028,262.1719204769936,262.30731144489096,262.21781746178897,246.53344780219786,252.8945145783565
2012-08-31 23:00:00,174,176.51612434631028,206.54665343831715,206.43850022984924,206.56927754735966,178.7839415584415,200.70829896132653
2012-09-01 00:00:00,168,176.51612434631028,138.1071829834219,138.09002985220778,138.11525884396397,135.03711295648796,125.91402867339094
2012-09-01 01:00:00,79,176.51612434631028,124.94445417284774,124.80720531211826,124.9770236251253,107.75158531746035,112.31198233303711
2012-09-01 02:00:00,69,176.51612434631028,71.48758365688316,71.44904595554,71.50885266943472,67.94183892496395,42.392694820223916
2012-09-01 03:00:00,35,176.51612434631028,54.533681204060144,54.45648297151787,54.550914523718575,32.46370232545232,36.56907909230818
2012-09-01 04:00:00,12,176.51612434631028,35.55929784995507,35.52281181275316,35.52450513553141,12.477390873015874,28.886167552638387
2012-09-01 05:00:00,22,176.51612434631028,34.55161930898669,34.492088537697185,34.52355686325089,13.279062798312795,14.78469164531758
2012-09-01 06:00:00,36,176.51612434631028,86.31740909630302,86.15117898503605,86.29697806276424,50.74633585858584,69.4206606173282
2012-09-01 07:00:00,66,176.51612434631028,213.9037335476392,214.17600412214924,213.91718953718595,81.97389700577203,93.78324981483509
2012-09-01 08:00:00,162,176.51612434631028,304.63659548057853,305.57505875985817,304.69842392113753,165.09681363081367,154.08812722491018
2012-09-01 09:00:00,237,176.51612434631028,165.30684447651097,167.46127770809002,165.39120599263893,271.0187375957377,233.73992537750422
2012-09-01 10:00:00,417,176.51612434631028,263.98726281452053,264.66476330618804,264.0324919287243,331.7728396464647,331.8222175394658
2012-09-01 11:00:00,492,176.51612434631028,425.581779345564,425.17028938435124,425.5680451582871,460.9165196608946,444.16582730592603
2012-09-01 12:00:00,471,176.51612434631028,521.6810374234605,521.2802088326149,521.6691458515663,470.9627340298591,530.6871615364164
2012-09-01 13:00:00,504,176.51612434631028,466.9409553794171,466.768068970547,466.9204807541355,467.1117726301477,487.7571934457048
2012-09-01 14:00:00,514,176.51612434631028,481.3596940683424,481.05055509960687,481.3173248867836,483.5687509435011,457.6551271575384
2012-09-01 15:00:00,563,176.51612434631028,460.29279404150816,459.77575734211564,460.2604384995449,477.16998593073583,444.3684648855354
2012-09-01 16:00:00,462,176.51612434631028,563.9315688081765,563.1880666458095,563.9080115753867,502.855243742369,519.8067511825544
2012-09-01 17:00:00,463,176.51612434631028,584.7276856625082,584.5379362152361,584.7375827910882,463.83614370351876,494.1321236140854
2012-09-01 18:00:00,442,176.51612434631028,462.6928883979406,463.92975067894724,462.76366859610334,428.60455100455096,448.28690926644924
2012-09-01 19:00:00,392,176.51612434631028,333.9963762378206,335.46850891423514,334.0854522334897,357.5325207153955,323.77817026476214
2012-09-01 20:00:00,207,176.51612434631028,267.39377093308747,268.1136846453494,267.4819144112639,301.0073546176046,302.7882281916786
2012-09-01 21:00:00,104,176.51612434631028,153.07494545481916,153.646713472095,153.11732351708469,172.33587144799648,183.0672958732382
2012-09-01 22:00:00,78,176.51612434631028,122.46257761460872,123.1484905016543,122.48798348740613,120.68161471861478,160.76729323268268
2012-09-01 23:00:00,145,176.51612434631028,87.61022807584493,88.11047225176223,87.62315302177579,86.2729401709402,102.87720084242802
2012-09-02 00:00:00,99,176.51612434631028,113.18974715458815,113.19546766225318,113.20937268275068,126.14997348484845,110.07515006855786
2012-09-02 01:00:00,73,176.51612434631028,89.10841862687545,88.979178908237,89.11091432864163,84.21305934343437,78.67599756094418
2012-09-02 02:00:00,84,176.51612434631028,75.68074112042723,75.52057330410065,75.68587019553291,63.695025335775355,42.052656863446444
2012-09-02 03:00:00,42,176.51612434631028,61.31070955584377,61.0312905683673,61.31705577845911,43.85885425685424,41.16093355342486
2012-09-02 04:00:00,22,176.51612434631028,31.760336111137264,31.536888793351835,31.715764447855122,13.786045634920638,24.729486792243463
2012-09-02 05:00:00,12,176.51612434631028,33.750051665821076,33.508921643345246,33.709658979118416,13.084081168831165,19.71827794085497
2012-09-02 06:00:00,15,176.51612434631028,55.625962983856766,55.333164871146295,55.600615578517505,26.919576659451668,43.57174082837991
2012-09-02 07:00:00,42,176.51612434631028,129.83455458699626,129.7408019540161,129.82552105229547,39.39030663780665,60.750355907061206
2012-09-02 08:00:00,129,176.51612434631028,205.52468017135834,206.11908695562107,205.56838516459248,122.19304040404039,98.7297757308538
2012-09-02 09:00:00,232,176.51612434631028,107.91851089945409,110.00308305065047,108.0135444700577,214.64559884559878,193.7271633932898
2012-09-02 10:00:00,388,176.51612434631028,261.32519936491786,262.0669318173325,261.40507698921,313.4287750721502,313.36554071568077
2012-09-02 11:00:00,489,176.51612434631028,432.72728496121795,432.45713743242686,432.7254855762982,456.6213603896104,491.8419272513907
2012-09-02 12:00:00,545,176.51612434631028,494.0439714170956,493.5103946924585,494.0528813611239,435.8051420107671,455.2368589901148
2012-09-02 13:00:00,493,176.51612434631028,484.280536694866,483.85385611720835,484.30749901036893,497.2932041847041,438.86750778760603
2012-09-02 14:00:00,457,176.51612434631028,409.800697275611,409.54316823636066,409.8364387052867,428.9632575757576,404.16734968428256
2012-09-02 15:00:00,355,176.51612434631028,415.249307213984,415.16388029329266,415.2951564348067,400.4467769869018,403.4209577837243
2012-09-02 16:00:00,474,176.51612434631028,376.51242850244967,376.3395843794174,376.52336359460674,371.6817779581532,397.49492866168896
2012-09-02 17:00:00,503,176.51612434631028,530.6765015882759,530.3189505837767,530.7096673288156,432.1328849206347,441.26276177892277
2012-09-02 18:00:00,500,176.51612434631028,440.25465985367293,441.2445622375607,440.3450140937548,442.232987914863,432.78063402348903
2012-09-02 19:00:00,292,176.51612434631028,364.46545605662857,365.6699262066335,364.5567828558161,409.6310443722943,387.2017594664585
2012-09-02 20:00:00,104,176.51612434631028,207.8742873625288,208.80780702211962,207.9569339530364,242.51289917027424,256.17652768275906
2012-09-02 21:00:00,171,176.51612434631028,98.48926232739919,99.42073032996693,98.55356564879582,133.1815983044733,141.99161251312816
2012-09-02 22:00:00,166,176.51612434631028,80.92876455207261,81.26020041261879,81.00140141239254,117.06386507936504,143.836036058056
2012-09-02 23:00:00,123,176.51612434631028,74.02613688563538,74.12534641271431,74.06783369972248,104.60913322788318,111.20403243797375
2012-09-03 00:00:00,104,176.51612434631028,68.2293212322333,68.20045545990284,68.27156865511328,74.02182647907647,88.17735833112218
2012-09-03 01:00:00,55,176.51612434631028,53.43546456801539,53.33370644957637,53.50446040371054,67.22582405094904,66.75779414684928
2012-09-03 02:00:00,40,176.51612434631028,41.69257547522514,41.55586817433178,41.73417566882583,38.1754402958153,29.476837718466275
2012-09-03 03:00:00,28,176.51612434631028,24.28738938738738,24.146419710928996,24.32931179935008,18.009155122655127,23.522964935842886
2012-09-03 04:00:00,11,176.51612434631028,20.999710322468445,20.832069367598308,20.989358638703578,12.153772907647912,18.11517899941573
2012-09-03 05:00:00,4,176.51612434631028,28.228586111820277,28.018926596150067,28.216061201496657,31.037364760239747,8.417840309734128
2012-09-03 06:00:00,15,176.51612434631028,77.05461807664396,76.76574021829472,77.04607788663189,18.78463852813853,46.26079814320809
2012-09-03 07:00:00,43,176.51612434631028,209.7392908273133,209.86988953405893,209.7708224883805,41.25309740259743,131.50942874741057
2012-09-03 08:00:00,127,176.51612434631028,309.0590513364372,309.8663210790462,309.13767760890045,123.98185184260184,148.2934831899243
2012-09-03 09:00:00,229,176.51612434631028,117.86667583378534,119.96203373379318,117.99388526194407,224.39013261738256,203.0376301487811
2012-09-03 10:00:00,359,176.51612434631028,215.92673550107162,216.62281609624327,216.04513607067537,257.2073387445888,258.7591470309217
2012-09-03 11:00:00,459,176.51612434631028,357.70541612696036,357.4779992087357,357.7536256980492,365.9450357142857,403.2901558394814
2012-09-03 12:00:00,543,176.51612434631028,447.81005997465013,447.34812564087963,447.8509789176263,446.8523210678211,493.4227712109712
2012-09-03 13:00:00,566,176.51612434631028,463.70045860799166,463.22257856328724,463.7422254515893,494.75465721778215,475.5802407034241
2012-09-03 14:00:00,512,176.51612434631028,457.73987327863824,457.18637797746874,457.76766329586906,497.7008744588746,470.7102660566617
2012-09-03 15:00:00,449,176.51612434631028,435.16010114709206,434.7003394354891,435.1883693250629,461.0898870296368,462.04800700548776
2012-09-03 16:00:00,500,176.51612434631028,484.0024029845655,483.73993894919533,484.04515819354526,451.1838547979797,469.26828354329325
2012-09-03 17:00:00,498,176.51612434631028,672.9235446004878,672.7551244689535,672.9715122110828,574.1097401348651,582.2681028154778
2012-09-03 18:00:00,482,176.51612434631028,561.0558405359031,562.3594223062754,561.1680922602908,569.0064544205794,575.4679393601765
2012-09-03 19:00:00,374,176.51612434631028,406.28871511586146,407.6347744872588,406.40348809621753,448.8414810328561,396.14260331903836
2012-09-03 20:00:00,261,176.51612434631028,291.05039554498524,291.6195953017159,291.1284388680757,356.5589351343101,327.7737251013647
2012-09-03 21:00:00,184,176.51612434631028,219.17577182681106,219.61666843231274,219.25562095349238,226.28921008158486,230.01463689462057
2012-09-03 22:00:00,121,176.51612434631028,143.092539643456,143.53923128549863,143.18731919521255,168.2655936147186,168.02087533937353
2012-09-03 23:00:00,70,176.51612434631028,83.59288948772496,84.07832035775361,83.6927955862886,104.31278532578526,114.64830748215955
2012-09-04 00:00:00,29,176.51612434631028,46.40267508430351,46.83253479977394,46.46269746017241,43.17557464757465,68.69594170676787
2012-09-04 01:00:00,24,176.51612434631028,27.78398639617197,28.01515326322081,27.815487588677755,16.7941019119769,22.972826976851643
2012-09-04 02:00:00,5,176.51612434631028,28.31958050869312,28.451692477786906,28.351278094767977,12.082727189477193,20.996733125879786
2012-09-04 03:00:00,10,176.51612434631028,3.5474492799856137,3.5937772427276684,3.559291710415607,5.269674603174605,6.019355702086607
2012-09-04 04:00:00,8,176.51612434631028,10.275907076812274,10.218707973002694,10.23072264356722,7.4372178030303004,6.019355702086607
2012-09-04 05:00:00,38,176.51612434631028,26.93167880698465,26.770568192245662,26.88633798763628,33.636081529581524,11.579502116031284
2012-09-04 06:00:00,172,176.51612434631028,96.42907672525918,96.12529055701691,96.41136933259249,152.0532098318349,108.078371645378
2012-09-04 07:00:00,493,176.51612434631028,262.44196679202844,261.7962073523853,262.420842157892,495.64883044733034,382.72035447860776
2012-09-04 08:00:00,632,176.51612434631028,577.5050609967756,576.3935414213147,577.4738872346052,654.985374209124,618.0904264782058
2012-09-04 09:00:00,323,176.51612434631028,427.3201868239714,427.641606985188,427.36178523933256,341.35956240981255,335.79149394892215
2012-09-04 10:00:00,172,176.51612434631028,273.2081999419277,273.6841790952045,273.28508706148773,226.03667538017532,272.86491368239587
2012-09-04 11:00:00,198,176.51612434631028,252.24978173182922,252.84070561870584,252.28550476709614,206.421552933178,220.08797247164398
2012-09-04 12:00:00,287,176.51612434631028,313.0586906340699,313.72627975673026,313.1019487388287,258.80533279220765,280.4095271296007
2012-09-04 13:00:00,275,176.51612434631028,344.67001612637284,345.33749984954454,344.7059861851561,319.71278162115664,375.8200979910925
2012-09-04 14:00:00,274,176.51612434631028,312.98954939898,313.76358383709066,313.027389280909,273.02815259740254,344.851344474966
2012-09-04 15:00:00,292,176.51612434631028,328.24589183512325,328.9446557348594,328.2959072614623,336.6971670274169,352.35584168247755
2012-09-04 16:00:00,458,176.51612434631028,409.3725127389664,409.81814530965386,409.4152369557647,434.8089147519147,452.49572754024155
2012-09-04 17:00:00,856,176.51612434631028,653.8483908275248,653.7359880428315,653.8732676094929,765.4064329004324,708.0279692808613
2012-09-04 18:00:00,839,176.51612434631028,763.7437673903172,763.6513944138907,763.7915881819565,760.9608295454541,718.9957919562751
2012-09-04 19:00:00,552,176.51612434631028,637.422682486357,637.4424097362623,637.4490156161702,577.3934271284271,579.2676815661915
2012-09-04 20:00:00,385,176.51612434631028,426.3758347594579,426.3557217629741,426.3999458389467,387.63294660894667,407.5404228514262
2012-09-04 21:00:00,268,176.51612434631028,305.49929474384123,305.549606943556,305.54068667725517,283.09875793650787,314.13096712418997
2012-09-04 22:00:00,179,176.51612434631028,213.98520810340614,214.1446659008763,214.0227801533382,196.2648788850038,206.88331898304554
2012-09-04 23:00:00,95,176.51612434631028,125.66587836006644,125.98425063800653,125.72342930706213,110.94519469419464,133.57271579959064
2012-09-05 00:00:00,37,176.51612434631028,61.712279096226325,62.066252745337394,61.769430162416214,42.844073024198025,73.69434213887331
2012-09-05 01:00:00,13,176.51612434631028,24.53472298242079,24.75614330766811,24.57613621589016,17.104611471861467,28.126000237705156
2012-09-05 02:00:00,9,176.51612434631028,13.037164822964996,13.21863035604946,13.080496916397152,9.841055486180487,8.77865614342666
2012-09-05 03:00:00,4,176.51612434631028,10.528720605551058,10.718218777139128,10.576690570089312,5.487496753246754,6.224242155384555
2012-09-05 04:00:00,5,176.51612434631028,11.43225968182054,11.562703040745248,11.42938114978628,6.63866161616161,6.224242155384555
2012-09-05 05:00:00,40,176.51612434631028,26.893307205470848,26.94607415034099,26.899129650051734,36.49178499278497,11.536213297810326
2012-09-05 06:00:00,210,176.51612434631028,132.9448250078662,132.80409040393212,132.94514251796173,165.23916305916308,124.80809314705074
2012-09-05 07:00:00,500,176.51612434631028,406.42960709095996,406.1658112895326,406.4388395189437,503.3700708874458,466.88988008610704
2012-09-05 08:00:00,725,176.51612434631028,677.0544333563427,676.2562243322627,677.0476763634881,662.9336672077922,689.7727726975502
2012-09-05 09:00:00,290,176.51612434631028,493.5887879978128,493.513796461849,493.5991979738794,329.6398775252526,344.86939798179475
2012-09-05 10:00:00,235,176.51612434631028,225.84004556321798,226.29348094575977,225.9011136665705,192.56496554834058,222.06644280849645
2012-09-05 11:00:00,217,176.51612434631028,264.3631629807246,264.63517509165865,264.37987943636983,239.9071917388167,254.25364993263943
2012-09-05 12:00:00,266,176.51612434631028,303.3923347522007,303.95546430655816,303.43562140897063,281.0549067737817,277.92522582809795
2012-09-05 13:00:00,234,176.51612434631028,294.6892701117769,295.34609600380315,294.72839427887106,283.5255654761905,301.62319145343685
2012-09-05 14:00:00,211,176.51612434631028,271.0147148807215,271.8591102967075,271.0404805729895,277.4944455266956,269.19870092168475
2012-09-05 15:00:00,245,176.51612434631028,272.5966030938898,273.4534343978272,272.65018054418795,232.57905176767687,256.60500019943584
2012-09-05 16:00:00,430,176.51612434631028,380.68595846889605,381.2627917129107,380.72228293726084,391.01058902208905,409.5704034845404
2012-09-05 17:00:00,863,176.51612434631028,691.026500413264,691.2056764574667,691.0601454821528,838.1940800865798,820.6463979697902
2012-09-05 18:00:00,839,176.51612434631028,816.1650110263829,816.2393186859534,816.2222984489041,816.0570717893216,811.5062949541506
2012-09-05 19:00:00,662,176.51612434631028,670.937487262506,670.9950909055782,670.9543365709876,602.6150346875348,617.2384450303919
2012-09-05 20:00:00,412,176.51612434631028,500.3675028873282,500.0524030288907,500.4050722779905,407.0129384920635,450.08288056515573
2012-09-05 21:00:00,296,176.51612434631028,333.43518145946103,333.38939288819665,333.46412043985674,307.2100997474748,316.3487768247791
2012-09-05 22:00:00,219,176.51612434631028,241.95043891668925,242.04588853971336,241.98579451387047,221.30195670995676,215.58534631559706
2012-09-05 23:00:00,150,176.51612434631028,161.09565166756735,161.20055577224832,161.12525969577428,147.08484145021652,141.55326580720848
2012-09-06 00:00:00,65,176.51612434631028,90.36899250394205,90.46407242194721,90.4137140883736,68.06636778499279,94.51279106178193
2012-09-06 01:00:00,18,176.51612434631028,37.09095872171653,37.21863381177937,37.13240305723431,24.18766468253969,28.619961261464777
2012-09-06 02:00:00,8,176.51612434631028,23.6967957872603,23.91625593559587,23.74675942505425,10.468780303030304,10.635347808542377
2012-09-06 03:00:00,9,176.51612434631028,9.616205012467361,9.775452247400466,9.660590463638783,4.879741161616162,6.706982911340629
2012-09-06 04:00:00,8,176.51612434631028,8.052792279099378,8.153124335967476,8.052143437845984,7.3126203102453085,6.019355702086607
2012-09-06 05:00:00,38,176.51612434631028,27.999344210392223,28.01778410183516,28.00540522447608,36.17239628427128,12.754180659095448
2012-09-06 06:00:00,200,176.51612434631028,128.21716167397625,128.10653624358903,128.22309768375945,159.14476028138537,125.91222424443399
2012-09-06 07:00:00,482,176.51612434631028,397.6556499056821,397.37092364419107,397.66333268183706,503.3997541902541,460.8421217314188
2012-09-06 08:00:00,646,176.51612434631028,628.0061116208038,627.168673900039,628.0139024650209,644.444001623377,626.2050605129695
2012-09-06 09:00:00,123,176.51612434631028,404.53728789740535,404.48760713650915,404.54764187233945,327.5012001332002,290.4481040629155
2012-09-06 10:00:00,49,176.51612434631028,106.72804541384889,107.58354513629038,106.79329954516787,122.50848976023974,119.69544246759251
2012-09-06 11:00:00,62,176.51612434631028,119.84516501353278,120.66952965538141,119.9061344200148,65.01701316738816,85.08855110673785
2012-09-06 12:00:00,137,176.51612434631028,183.1933647976541,184.16810127478269,183.25629151382756,122.6328710317461,146.32384183537349
2012-09-06 13:00:00,191,176.51612434631028,197.96134621082365,198.93892436517712,198.0111184099526,182.190806998557,211.71025203429795
2012-09-06 14:00:00,216,176.51612434631028,221.89121682457957,222.7482584883024,221.9268025563133,209.04408943833954,232.80581228928355
2012-09-06 15:00:00,270,176.51612434631028,268.73556267076447,269.38168200536177,268.75937096488553,237.74244065656575,261.1803981966699
2012-09-06 16:00:00,416,176.51612434631028,388.4532007128262,388.8478318093481,388.4798949910246,419.2767031995783,447.1107424917392
2012-09-06 17:00:00,808,176.51612434631028,676.598484528774,676.7681987408627,676.6313294300709,819.1376574675326,795.6361926123637
2012-09-06 18:00:00,835,176.51612434631028,792.4692052106777,792.7108554507313,792.5237650140537,808.4137094155843,790.0376042422502
2012-09-06 19:00:00,558,176.51612434631028,672.710519217557,672.8210029827247,672.7413240764099,609.8811452020199,647.3632396213155
2012-09-06 20:00:00,406,176.51612434631028,452.6915972556486,452.62213968629464,452.70868659048995,409.9961385142636,416.50984680032417
2012-09-06 21:00:00,272,176.51612434631028,325.6330151089272,325.42201391440426,325.63625599756017,288.80726372238877,321.9729519420822
2012-09-06 22:00:00,217,176.51612434631028,238.01317261991372,238.03298647594647,238.02420872653715,202.56924723887224,249.56546437155725
2012-09-06 23:00:00,169,176.51612434631028,162.9980346771349,162.99679884464888,163.00862122391962,148.97440963203465,142.9239904813014
2012-09-07 00:00:00,96,176.51612434631028,112.49281381890916,112.36885308159346,112.50549800051829,90.85498819236322,112.7241455561817
2012-09-07 01:00:00,29,176.51612434631028,60.076253116964025,59.945009276810225,60.08989094120234,46.31549242424243,49.322391586220036
2012-09-07 02:00:00,11,176.51612434631028,25.405587068150083,25.46722179078347,25.44059042831978,16.817419011544022,18.836997444632644
2012-09-07 03:00:00,9,176.51612434631028,10.616411226291035,10.709162552517455,10.65254830849122,6.290726884226886,6.596335843491234
2012-09-07 04:00:00,8,176.51612434631028,14.06838425178259,14.01070013304971,14.033679264768693,8.024924714174714,6.596335843491234
2012-09-07 05:00:00,40,176.51612434631028,34.05723109974656,33.90985845436501,34.023838757513715,36.520936868686874,13.331160800500074
2012-09-07 06:00:00,140,176.51612434631028,121.11559093908312,120.84286051852756,121.09415386307109,156.2852668442668,132.01177517373904
2012-09-07 07:00:00,486,176.51612434631028,342.11641632011026,341.80885847464197,342.09816610780797,415.3816212398714,435.7552252711237
2012-09-07 08:00:00,719,176.51612434631028,643.0036614106631,641.9588797943594,642.9729079170648,667.1203753607505,661.614804548373
2012-09-07 09:00:00,344,176.51612434631028,467.5965221643545,467.25723375906057,467.60361816948534,340.26224590687104,311.2839657925234
2012-09-07 10:00:00,224,176.51612434631028,259.26133519965435,259.39325091466884,259.318151999826,233.2834846681096,251.44102293235937
2012-09-07 11:00:00,296,176.51612434631028,255.21875380522238,255.2714110852264,255.21909958554465,235.0969810606061,258.6600495842042
2012-09-07 12:00:00,323,176.51612434631028,339.5575169945847,339.5584513380662,339.56804518038086,323.86630988455994,347.12669623804055
2012-09-07 13:00:00,354,176.51612434631028,328.419377573054,328.71096417604554,328.4471285109372,322.36643573093556,326.2244264005384
2012-09-07 14:00:00,253,176.51612434631028,353.80076380423804,354.1447821166755,353.8292688553938,374.61608062770574,395.0939194673093
2012-09-07 15:00:00,331,176.51612434631028,336.19738170415565,336.77740669109164,336.2222325283851,365.6516726329226,352.0042175632791
2012-09-07 16:00:00,470,176.51612434631028,436.834144850813,437.03029535928135,436.8606997159309,476.26930104617634,474.106318244961
2012-09-07 17:00:00,772,176.51612434631028,657.3825858359057,657.2992736317271,657.4256387587793,697.8356994949495,738.0665519033553
2012-09-07 18:00:00,792,176.51612434631028,711.7727525766641,712.0348285482524,711.8371002554384,671.4536121378624,689.9592338240789
2012-09-07 19:00:00,568,176.51612434631028,606.0380126380096,606.1666217277411,606.0689379686333,505.49028607503607,536.7415882305182
2012-09-07 20:00:00,391,176.51612434631028,438.69134102652197,438.61337424568364,438.7306799857413,399.9414583333333,412.8970012122208
2012-09-07 21:00:00,301,176.51612434631028,317.45057874614287,317.42919039309993,317.49280830457883,288.07941439116433,320.5049212673074
2012-09-07 22:00:00,299,176.51612434631028,255.05783151090927,255.09871293116709,255.10581072625644,225.70448561161058,249.266666852185
2012-09-07 23:00:00,248,176.51612434631028,216.30231492995745,216.01038743296127,216.31170584366703,201.18396861471862,223.8580352128322
2012-09-08 00:00:00,150,176.51612434631028,177.27981691009663,176.9042369286762,177.27235237990936,201.39241296203804,174.17276079922425
2012-09-08 01:00:00,117,176.51612434631028,91.80201579597566,91.48523774087998,91.80492900348412,102.84034318459325,87.81625272388706
2012-09-08 02:00:00,77,176.51612434631028,81.05907292114367,80.71343827257395,81.05995542627949,82.23057215007215,77.23705227530618
2012-09-08 03:00:00,43,176.51612434631028,44.09072546468734,43.87089035464081,44.09763902682958,32.16264971139971,36.664265267415296
2012-09-08 04:00:00,11,176.51612434631028,22.091710803201636,21.888438368867128,22.050142880000976,12.54850520313021,27.00054143255917
2012-09-08 05:00:00,15,176.51612434631028,21.573396093928125,21.39709616563775,21.538769493112824,23.772816378066373,14.037250248611437
2012-09-08 06:00:00,34,176.51612434631028,73.33069946340801,73.10632413498531,73.30820103546247,33.90165728715727,55.48735988042847
2012-09-08 07:00:00,82,176.51612434631028,205.99413582118586,205.99466603660267,205.98828742612648,66.89707847707848,92.89589487030659
2012-09-08 08:00:00,230,176.51612434631028,309.5058498564052,309.92561215451116,309.55195738655857,173.30637222499718,195.19061438998307
2012-09-08 09:00:00,348,176.51612434631028,178.77142467759825,180.26521880620516,178.8430883606093,241.26682160894663,239.69642393142968
2012-09-08 10:00:00,422,176.51612434631028,315.22983095618724,315.41819961204783,315.27079944189177,411.4227445054946,368.5665623025435
2012-09-08 11:00:00,578,176.51612434631028,432.96593356361086,432.4783133106097,432.9500821878398,479.1420138888888,482.551959964695
2012-09-08 12:00:00,694,176.51612434631028,536.003915867897,535.0595397372823,535.9835285476604,540.9492611832612,518.216870191144
2012-09-08 13:00:00,668,176.51612434631028,591.2326050001927,590.2574130158306,591.2022626298199,603.1228071650575,618.6991847603459
2012-09-08 14:00:00,626,176.51612434631028,554.4286998354885,553.5356907663665,554.3940090180344,603.0251450077702,567.5922972159703
2012-09-08 15:00:00,512,176.51612434631028,506.9181860395646,505.94548670793745,506.90552084054275,543.4917974386722,497.1202561755675
2012-09-08 16:00:00,114,176.51612434631028,477.06518681030684,476.4391414653529,477.07676696715225,457.3992573953824,385.7077357963172
2012-09-08 17:00:00,171,176.51612434631028,362.802957771153,363.88545258589477,362.8888119688004,194.55239337051842,126.34612541462852
2012-09-08 18:00:00,167,176.51612434631028,287.5000453033799,289.9212227796686,287.64393767145856,184.8083933982684,121.64883466286916
2012-09-08 19:00:00,215,176.51612434631028,183.136642686075,185.49856266881358,183.2536285382333,176.57719823232327,105.14703182669915
2012-09-08 20:00:00,194,176.51612434631028,186.76790302118212,187.84946386361628,186.82906983296337,214.0664218004219,231.6633486154474
2012-09-08 21:00:00,181,176.51612434631028,154.01726798586287,154.6071671400331,154.06788897707014,172.92766576479076,206.68039354855765
2012-09-08 22:00:00,194,176.51612434631028,142.9935401206771,143.4461798984646,143.05280558149647,172.85062896825394,195.74239438051305
2012-09-08 23:00:00,133,176.51612434631028,155.88114525700018,156.2256378936939,155.92806582441597,167.05011706349202,171.32688351289565
2012-09-09 00:00:00,124,176.51612434631028,95.71641205630188,95.9485858030275,95.77876545145455,102.77635207847702,94.98297324797264
2012-09-09 01:00:00,124,176.51612434631028,93.60820964820941,93.6019506060309,93.65789489387487,95.85719895382391,84.99451357773353
2012-09-09 02:00:00,96,176.51612434631028,94.2454019318524,94.08838322662014,94.2970552742052,93.83872113997113,75.67759966688615
2012-09-09 03:00:00,46,176.51612434631028,65.14181847359288,65.04739007694798,65.19431036117068,56.35605790043291,52.618573954756954
2012-09-09 04:00:00,28,176.51612434631028,29.600641802022807,29.578410612440024,29.60934868994819,15.836913891663894,27.410818967389748
2012-09-09 05:00:00,55,176.51612434631028,30.654370243387206,30.580427873648688,30.66303853124782,12.779506132756142,22.24024025775845
2012-09-09 06:00:00,35,176.51612434631028,81.33691728878537,81.06866360305827,81.34988961693924,138.80892908480405,75.57018184961487
2012-09-09 07:00:00,70,176.51612434631028,144.2308383064671,144.2053130905424,144.2594896236875,70.59688654401153,76.36853342993618
2012-09-09 08:00:00,170,176.51612434631028,225.84539005673068,226.0863742434861,225.88627930221628,147.84386940836947,154.65500248374283
2012-09-09 09:00:00,299,176.51612434631028,143.9019517616878,145.76307820586496,144.0099674308415,292.43621518759016,222.96969104509202
2012-09-09 10:00:00,495,176.51612434631028,306.72661150777924,307.2962275721135,306.813117241974,381.73166738816747,360.7519182208035
2012-09-09 11:00:00,585,176.51612434631028,514.6610432677417,514.1578720499984,514.6644176371175,523.9791950688202,559.7757105438685
2012-09-09 12:00:00,757,176.51612434631028,609.455050791976,608.8136361664476,609.446746466896,588.1447480158727,633.0862355981996
2012-09-09 13:00:00,729,176.51612434631028,673.1971789308632,672.2554977178636,673.1706461914843,636.808347222222,630.6832013741276
2012-09-09 14:00:00,647,176.51612434631028,633.1813209041476,632.2800623560648,633.1480888647601,605.1534570707072,602.2982376798219
2012-09-09 15:00:00,696,176.51612434631028,561.1447761192048,560.2072790260058,561.1104226738408,544.887976911977,554.044377079296
2012-09-09 16:00:00,701,176.51612434631028,587.9187455392218,586.4439268977706,587.8878826639325,590.3523547286044,569.4045357489262
2012-09-09 17:00:00,671,176.51612434631028,678.5300912286799,677.1329486714155,678.5008263082576,584.2489426406925,567.1838669778994
2012-09-09 18:00:00,560,176.51612434631028,550.0513767064182,550.4057026907142,550.1163896409821,573.5545236291484,549.1747911629989
2012-09-09 19:00:00,496,176.51612434631028,390.95733254509184,391.8098214782332,391.0259936448246,485.3331776695526,411.4988533288236
2012-09-09 20:00:00,356,176.51612434631028,313.01995053303136,313.24622458040227,313.11015991638453,394.6794761904762,323.7621877707047
2012-09-09 21:00:00,206,176.51612434631028,255.44233190458874,255.7819580037226,255.54825564380852,269.902585109335,279.9375127028611
2012-09-09 22:00:00,189,176.51612434631028,172.245679700635,172.72499281096088,172.3169874133071,176.326038961039,191.0234488497595
2012-09-09 23:00:00,92,176.51612434631028,137.78910046663225,138.15483234832178,137.85941426928684,135.38912047674555,151.5702431344353
2012-09-10 00:00:00,41,176.51612434631028,83.66794727707094,84.13085215970813,83.73705890428529,67.7516537143412,84.20138414988229
2012-09-10 01:00:00,18,176.51612434631028,49.88538658570336,50.282699447550556,49.95049162761606,22.652371753246747,40.53175292253354
2012-09-10 02:00:00,17,176.51612434631028,33.06562768155305,33.38086724636872,33.13884728677594,13.532431637806642,20.3043523782511
2012-09-10 03:00:00,12,176.51612434631028,20.606498005428932,20.845231756456002,20.673229272587804,9.486639790764787,11.477084013896896
2012-09-10 04:00:00,5,176.51612434631028,15.529806838100995,15.68854230170922,15.545094320691902,6.201343642468641,7.098674930649823
2012-09-10 05:00:00,40,176.51612434631028,25.11663849347576,25.21517142643384,25.13538840761234,25.677381313131324,15.77644184439644
2012-09-10 06:00:00,180,176.51612434631028,78.43776402675144,78.27663822558165,78.45164786232284,142.09863164613168,114.32200126306257
2012-09-10 07:00:00,447,176.51612434631028,230.2920138152394,229.79879775246485,230.3091919430539,526.1117104978359,379.9327749053799
2012-09-10 08:00:00,730,176.51612434631028,439.47149759139097,438.3991643789642,439.47435696844013,566.7325643939394,514.0248720385063
2012-09-10 09:00:00,361,176.51612434631028,464.73232493063017,464.74489891578514,464.80781296646467,342.5085731213231,343.01308237686175
2012-09-10 10:00:00,210,176.51612434631028,352.72533697410785,353.2633666329972,352.82507687068045,365.3175288600287,387.98259412654255
2012-09-10 11:00:00,236,176.51612434631028,347.4515408886491,348.19475923254197,347.52580205137343,252.62640369352866,305.1523426129351
2012-09-10 12:00:00,332,176.51612434631028,414.8693204686501,415.7475070017412,414.9429473734882,443.41006088356085,422.2290586882871
2012-09-10 13:00:00,323,176.51612434631028,450.74088026815696,451.6285221830667,450.8005715973793,574.4312332251081,526.8838443114248
2012-09-10 14:00:00,340,176.51612434631028,412.47975023835454,413.26965460980085,412.52134181660836,491.6294569319571,463.93698804254285
2012-09-10 15:00:00,346,176.51612434631028,429.0881395465984,429.69360635901853,429.13458365807253,472.3651341991342,451.7969019125432
2012-09-10 16:00:00,488,176.51612434631028,477.24389219816067,477.5035811499622,477.28191686987054,570.4418540764791,534.4164155718772
2012-09-10 17:00:00,871,176.51612434631028,626.607992535671,626.4414560334033,626.6482137218121,647.2348535353534,674.5513367317585
2012-09-10 18:00:00,968,176.51612434631028,718.2542570433095,718.2737977057153,718.3467354653075,652.6851463258965,677.6122032644249
2012-09-10 19:00:00,633,176.51612434631028,684.2799900389514,684.0814630434211,684.3496008048701,641.7280653374404,613.1421168743858
2012-09-10 20:00:00,390,176.51612434631028,453.05744150642636,453.13148605216816,453.1507693667444,443.45850036075024,468.8674267527775
2012-09-10 21:00:00,285,176.51612434631028,284.9759128336885,285.036386947851,285.02711162918933,263.22397734210244,296.71277332085987
2012-09-10 22:00:00,159,176.51612434631028,211.95117868511016,212.16390479304374,212.01178055674478,219.72129001553995,220.19178360650332
2012-09-10 23:00:00,93,176.51612434631028,111.82852135686322,112.25980457999896,111.88626613321497,112.04822789710289,136.75656993437633
2012-09-11 00:00:00,32,176.51612434631028,58.260078927226004,58.63590436742615,58.31500548057508,45.37733225108228,77.81103558810402
2012-09-11 01:00:00,10,176.51612434631028,25.802982477244484,26.178976297060274,25.854670573698655,16.879067293817293,31.73759643718623
2012-09-11 02:00:00,6,176.51612434631028,9.724917826450422,9.987794409690366,9.781279159694662,8.341946664446665,9.18344165921357
2012-09-11 03:00:00,8,176.51612434631028,8.304758860509935,8.600952446615395,8.365190233126214,5.585883880008882,9.25604124694125
2012-09-11 04:00:00,9,176.51612434631028,11.678374387589258,11.860398969168557,11.682232803089363,6.679528679653685,8.41732862349596
2012-09-11 05:00:00,44,176.51612434631028,35.246557135140534,35.395024308351594,35.25665163968999,36.20633447108447,16.37297125271788
2012-09-11 06:00:00,211,176.51612434631028,133.82215901812958,133.8820869154253,133.83763406603012,180.18151129426133,129.22484873907834
2012-09-11 07:00:00,596,176.51612434631028,396.882769469306,396.8310488553942,396.9002607824114,532.5678064574316,456.55160214512694
2012-09-11 08:00:00,750,176.51612434631028,712.5568817822204,711.6970486326571,712.5520421977401,673.0103399933399,748.1431546057669
2012-09-11 09:00:00,358,176.51612434631028,512.2151584164742,512.3080750881375,512.2713573060224,361.13875610500605,383.0830478659387
2012-09-11 10:00:00,196,176.51612434631028,281.3338197264742,281.6570008258132,281.4058685885158,231.83065115440112,274.8386476754176
2012-09-11 11:00:00,247,176.51612434631028,244.98500021588,245.38277624382542,245.01455754668075,230.84829238816735,230.47035501985548
2012-09-11 12:00:00,316,176.51612434631028,319.2548907536111,319.7319258731193,319.287836318239,298.33764246864234,309.50432912548143
2012-09-11 13:00:00,328,176.51612434631028,331.63327498037677,332.13278186843013,331.64951800094525,310.081162004662,325.69993175378727
2012-09-11 14:00:00,255,176.51612434631028,330.8466666095858,331.26175455530756,330.84256330320767,316.03894011544014,337.3472591211276
2012-09-11 15:00:00,326,176.51612434631028,308.32606073823354,308.886001059814,308.3249679344706,292.9922492784993,314.08876986386866
2012-09-11 16:00:00,536,176.51612434631028,436.4559878379969,436.6037659193015,436.44944499232054,452.5769657287157,465.76740904356336
2012-09-11 17:00:00,970,176.51612434631028,768.7601538189307,768.7636152197972,768.758256832753,833.2623948412697,806.7245280942826
2012-09-11 18:00:00,877,176.51612434631028,912.9518825375135,913.1265841738233,913.0207019101929,822.7810232683988,822.7934707225781
2012-09-11 19:00:00,596,176.51612434631028,691.0763481420827,691.4725566059662,691.1513126023199,634.5840335497838,654.8996972090029
2012-09-11 20:00:00,461,176.51612434631028,461.1739745785295,461.2565931928351,461.2093481269536,448.934441017316,444.82809837131964
2012-09-11 21:00:00,310,176.51612434631028,354.9555526059062,354.85076228547416,354.98736345542886,316.70392784992794,344.5787422947633
2012-09-11 22:00:00,216,176.51612434631028,234.6999109057226,234.7969224578163,234.73789919609175,217.72826269563774,233.3052647652398
2012-09-11 23:00:00,109,176.51612434631028,146.81119910182906,147.01487551549116,146.85297470634185,140.84436151348655,149.74643946815354
2012-09-12 00:00:00,49,176.51612434631028,64.73885373787948,64.99863782514296,64.7834560720338,47.57012111499609,82.82468478494168
2012-09-12 01:00:00,21,176.51612434631028,28.809865728172298,29.059731099403052,28.854549906183777,22.833563492063487,34.876042541094705
2012-09-12 02:00:00,11,176.51612434631028,17.851805338272158,18.059570003625964,17.897310294633144,8.980101523476524,18.24198154508271
2012-09-12 03:00:00,7,176.51612434631028,8.416858618755413,8.627369926710799,8.463417932799047,5.102890193140192,8.41732862349596
2012-09-12 04:00:00,5,176.51612434631028,11.118156398937089,11.28928033861547,11.116775090056564,6.328202824952829,8.41732862349596
2012-09-12 05:00:00,48,176.51612434631028,34.44438003015753,34.58306190096954,34.44670486051591,39.76803647741147,17.91791497765495
2012-09-12 06:00:00,205,176.51612434631028,149.85706102248486,149.94253260110457,149.86761368131613,179.84233777333785,136.4452532512776
2012-09-12 07:00:00,557,176.51612434631028,417.86266755963265,417.946506614663,417.8784250422475,531.5762164502166,468.7500472838192
2012-09-12 08:00:00,770,176.51612434631028,712.8949716444607,712.2784583397155,712.8943753956647,719.2557858946609,766.0699016324058
2012-09-12 09:00:00,328,176.51612434631028,510.5461518084793,510.4657396824464,510.5886084363607,353.05816817904315,379.9806674121656
2012-09-12 10:00:00,205,176.51612434631028,266.48415662916193,266.79996157791504,266.5437835902625,221.4090675296924,237.26564277629453
2012-09-12 11:00:00,232,176.51612434631028,250.12566479761807,250.39579608632943,250.13710410517734,244.02022753635254,234.80429671530078
2012-09-12 12:00:00,352,176.51612434631028,302.9973067217469,303.43520355090055,303.01386674722556,300.8999933261183,308.9390648906308
2012-09-12 13:00:00,323,176.51612434631028,344.84542594932884,345.1269688176332,344.8360118420362,342.99307968420464,340.9694805538041
2012-09-12 14:00:00,278,176.51612434631028,300.2298698790153,300.55059701799024,300.2202886032693,291.67901689976685,319.2318556470709
2012-09-12 15:00:00,318,176.51612434631028,306.6167595697558,307.0382243345374,306.60791478996396,285.9632976467976,315.2253423037865
2012-09-12 16:00:00,509,176.51612434631028,430.46439504395835,430.6500772736956,430.4567929216006,450.6936700382952,477.1939427513373
2012-09-12 17:00:00,925,176.51612434631028,759.4077104456835,759.5903822442039,759.4275257210044,824.9696865079366,816.4162153243515
2012-09-12 18:00:00,977,176.51612434631028,871.3607643892068,871.5730867909331,871.4157587722976,828.4756044372294,858.8143632509646
2012-09-12 19:00:00,635,176.51612434631028,764.4885000419135,764.4516132290769,764.5280720368842,710.513358225108,693.9238971636445
2012-09-12 20:00:00,470,176.51612434631028,499.6293947817758,499.78270248138017,499.6937339266882,469.5709217865469,470.607454627573
2012-09-12 21:00:00,306,176.51612434631028,369.26399869725583,369.30315766231377,369.3280117960451,321.1346215034965,352.65203982460923
2012-09-12 22:00:00,212,176.51612434631028,248.0778947407224,248.24888515593582,248.11675302459525,228.20029292929294,248.8293448732044
2012-09-12 23:00:00,127,176.51612434631028,157.86101582545407,158.09487858794114,157.89820676947755,143.33133594877353,147.58317850741474
2012-09-13 00:00:00,57,176.51612434631028,84.57903803734527,84.7630764062825,84.61990818884593,62.43195003607503,89.82473448636986
2012-09-13 01:00:00,28,176.51612434631028,35.899626204604715,36.095801162592494,35.94353926551278,25.37752693140193,33.05335335759999
2012-09-13 02:00:00,9,176.51612434631028,23.510245908883462,23.65603338371389,23.550976148915083,12.89659163059163,19.00802726890885
2012-09-13 03:00:00,11,176.51612434631028,9.084594516370458,9.2604607670024,9.126574794019376,5.118097222222222,6.767365667767441
2012-09-13 04:00:00,6,176.51612434631028,13.602264961540442,13.69103151178345,13.59252706762058,6.764350649350647,6.767365667767441
2012-09-13 05:00:00,57,176.51612434631028,35.34843267637521,35.42261654659413,35.34331873252869,38.9550675019425,16.352694546081747
2012-09-13 06:00:00,195,176.51612434631028,151.90127317671732,151.89709035448377,151.90673133126893,179.1027133838384,135.16322441686154
2012-09-13 07:00:00,571,176.51612434631028,402.9714119740197,403.06138484907024,402.98923512117494,530.4312932900434,458.1213359293027
2012-09-13 08:00:00,758,176.51612434631028,707.8146115668766,707.1167307574755,707.8127879313637,708.3396861471862,730.4171168777865
2012-09-13 09:00:00,338,176.51612434631028,466.3743532909084,466.29295882499343,466.4254680665141,349.5102495421246,346.42655817205383
2012-09-13 10:00:00,212,176.51612434631028,237.01514213983307,237.21269520518305,237.07652896566606,216.0664776334778,245.6575770552773
2012-09-13 11:00:00,254,176.51612434631028,221.06883246050978,221.2688328038828,221.08721520428352,244.30270336607836,241.92338560458612
2012-09-13 12:00:00,297,176.51612434631028,293.19116190144763,293.54657396876297,293.214505303191,325.10333495671,346.3878668688299
2012-09-13 13:00:00,283,176.51612434631028,303.91248991087843,304.3903178281495,303.9107322268683,340.28439209401716,333.5756108131485
2012-09-13 14:00:00,274,176.51612434631028,282.68771820138375,283.17677251172074,282.68473811776414,279.16585349372843,310.0458063024492
2012-09-13 15:00:00,352,176.51612434631028,307.5399398326251,307.9993180419525,307.5372732165856,299.4686349206349,315.71237860453533
2012-09-13 16:00:00,491,176.51612434631028,444.5072807925467,444.5841691170382,444.4997596203898,464.50751623376624,476.3211946903391
2012-09-13 17:00:00,884,176.51612434631028,734.373527474197,734.5900192277422,734.3924885947499,827.6424852092349,817.1374850589026
2012-09-13 18:00:00,852,176.51612434631028,858.9464890994977,859.366955024355,859.0124237678694,824.7788598484851,852.7401221088253
2012-09-13 19:00:00,674,176.51612434631028,673.5983209135054,673.8742187669721,673.6406668404146,613.6587442279944,654.0736338137386
2012-09-13 20:00:00,463,176.51612434631028,520.2530116383025,520.1964357945403,520.3027753944928,480.8886877705632,463.1409993319723
2012-09-13 21:00:00,317,176.51612434631028,360.0806093439671,360.0506247972078,360.1319236835749,325.8932950937951,343.12875493709635
2012-09-13 22:00:00,251,176.51612434631028,252.54696673068364,252.73244738193185,252.6096564980919,225.7284727633479,243.6399356010898
2012-09-13 23:00:00,170,176.51612434631028,186.15652479518263,186.21673906729248,186.1895971972952,163.59238157675665,168.77263668293244
2012-09-14 00:00:00,87,176.51612434631028,116.49532772256066,116.52223929884869,116.53666675793225,96.84244715007219,112.78452831260851
2012-09-14 01:00:00,41,176.51612434631028,57.654877243516694,57.746689656590334,57.69982882343177,41.80617517205018,56.53176565621838
2012-09-14 02:00:00,30,176.51612434631028,32.49852381448014,32.58966631034082,32.54183031740658,17.30965548340548,22.391539129633518
2012-09-14 03:00:00,14,176.51612434631028,23.17117083603975,23.275965902921314,23.21662370311512,13.466563131313132,18.24191423319124
2012-09-14 04:00:00,12,176.51612434631028,16.838541944008654,16.917648979273082,16.8341227001373,8.332707972582973,6.906668321980476
2012-09-14 05:00:00,41,176.51612434631028,40.845211385252554,40.88908511854214,40.84285116291534,36.109294622044615,16.352694546081747
2012-09-14 06:00:00,152,176.51612434631028,128.71545535431534,128.68036640420473,128.71968790251867,166.25637185037192,135.16322441686154
2012-09-14 07:00:00,454,176.51612434631028,372.5513023672932,372.8022437370438,372.5812680971882,430.5502603091356,455.07123576738513
2012-09-14 08:00:00,766,176.51612434631028,644.0016799874942,643.825450717502,644.0400738552822,678.4912803030304,749.0369319674481
2012-09-14 09:00:00,347,176.51612434631028,507.9725346622105,507.87995598718385,508.00655576262034,361.1689206349206,348.44549498008587
2012-09-14 10:00:00,246,176.51612434631028,274.7540742188501,274.96538910874824,274.8019150390727,237.87262666500158,247.45983540849005
2012-09-14 11:00:00,280,176.51612434631028,284.10506171221505,284.3130645894744,284.12436912079966,288.475548160173,280.4445261061712
2012-09-14 12:00:00,409,176.51612434631028,328.6490049949834,328.9820572395628,328.67956844777024,358.4675926434675,371.32330031938477
2012-09-14 13:00:00,408,176.51612434631028,382.4176853002675,382.5960890687305,382.4356995194815,436.13073611111116,430.23053132653354
2012-09-14 14:00:00,371,176.51612434631028,352.59754461707064,352.6642730999373,352.5949707777355,376.116906954157,381.7977829379068
2012-09-14 15:00:00,367,176.51612434631028,371.37137157902,371.6037081440761,371.38708295926733,401.1432324619824,407.7831951092244
2012-09-14 16:00:00,563,176.51612434631028,452.3163930899209,452.4024368041066,452.32791540807466,465.55591335053833,485.67404615053937
2012-09-14 17:00:00,894,176.51612434631028,760.1128600051481,760.0901881507314,760.1429876889179,796.6060685425684,803.9121593062727
2012-09-14 18:00:00,808,176.51612434631028,844.6422577358777,844.9037072603297,844.6876965878358,796.495417027417,823.2597223537648
2012-09-14 19:00:00,579,176.51612434631028,659.467488248942,659.9785972071112,659.5200607110063,616.4950672799422,609.0423160853826
2012-09-14 20:00:00,404,176.51612434631028,465.2615321636298,465.50710116008383,465.3105218901951,444.2648250360751,433.25297853747804
2012-09-14 21:00:00,312,176.51612434631028,330.3630680208679,330.4795197107756,330.41465124581225,307.70510166222664,330.79865245661307
2012-09-14 22:00:00,229,176.51612434631028,268.45282931987254,268.5315365337324,268.49090391026846,221.59230609668103,275.55036135188595
2012-09-14 23:00:00,195,176.51612434631028,195.3455595580597,195.52448714147178,195.39048615785632,178.3079439935065,177.0086833259751
2012-09-15 00:00:00,207,176.51612434631028,143.61039569389052,143.49712800077126,143.6242070632665,142.85816865079374,128.38052682516758
2012-09-15 01:00:00,109,176.51612434631028,147.93915350122174,147.7034720740275,147.96990360950775,122.29926677489183,121.53285572538256
2012-09-15 02:00:00,93,176.51612434631028,84.88643333285012,84.7351779663257,84.90754094566805,79.16971067821069,70.65278503590667
2012-09-15 03:00:00,37,176.51612434631028,63.82772200966812,63.806882636129956,63.88194803508745,47.85156222943722,54.6824896371327
2012-09-15 04:00:00,6,176.51612434631028,20.666877862789846,20.799361279620513,20.690528719397463,13.785529040404038,25.61373450748407
2012-09-15 05:00:00,16,176.51612434631028,26.218701207466438,26.357351634708635,26.232884386545393,15.052844558219565,25.059471972801116
2012-09-15 06:00:00,33,176.51612434631028,86.00887807522108,86.20096519348796,86.04378916267561,39.6851323953824,64.4601025063185
2012-09-15 07:00:00,73,176.51612434631028,212.58247983547602,213.22694890407394,212.64293498046433,65.63178825341325,94.05350150019164
2012-09-15 08:00:00,212,176.51612434631028,332.34550720539846,333.5197975640553,332.4364527311108,175.9425321067821,202.80802359915967
2012-09-15 09:00:00,342,176.51612434631028,198.13622260521635,200.36119274732442,198.28181166312663,306.73752124264627,265.3136446823866
2012-09-15 10:00:00,442,176.51612434631028,319.3143785197501,319.8733369555349,319.40614281071413,427.0230403762903,394.2432201792949
2012-09-15 11:00:00,627,176.51612434631028,463.26403646758433,463.011711684645,463.2778883046452,525.4253086080586,529.3448188571836
2012-09-15 12:00:00,706,176.51612434631028,626.8201874504426,626.1911432645252,626.8111377645729,589.6235009018761,654.3324679080616
2012-09-15 13:00:00,704,176.51612434631028,645.6355380290821,644.9800286634309,645.6065354264571,605.5800307609057,676.6068532395694
2012-09-15 14:00:00,715,176.51612434631028,617.5804418933678,616.9078815438918,617.5562492384668,637.056300851926,655.9367606709774
2012-09-15 15:00:00,654,176.51612434631028,607.541466784058,606.6954501447558,607.522046291527,609.6727755300254,629.5595863203242
2012-09-15 16:00:00,783,176.51612434631028,552.7761818820942,551.9212162368898,552.7812071562086,566.5927389277389,553.6353444068098
2012-09-15 17:00:00,729,176.51612434631028,759.3550669094749,758.5592728989619,759.3881135650107,621.1066873959372,714.648646548296
2012-09-15 18:00:00,614,176.51612434631028,604.6936883845201,605.5879229252367,604.8128657989548,615.046477078477,691.4592971187591
2012-09-15 19:00:00,478,176.51612434631028,461.97771799740735,463.2604252193097,462.0865131988021,549.0512557720061,510.52687515203627
2012-09-15 20:00:00,330,176.51612434631028,358.6688026984623,359.4760993497397,358.77530787413957,411.13227597402596,388.67844404540995
2012-09-15 21:00:00,296,176.51612434631028,265.1201882504762,265.55368519782667,265.17330092293105,270.17857668720166,279.8538711805447
2012-09-15 22:00:00,279,176.51612434631028,241.01146994801337,241.2250885828409,241.05044490278442,249.26367001054498,249.24858472210008
2012-09-15 23:00:00,229,176.51612434631028,205.48798991619503,205.50699361361535,205.5196822109695,211.2084586108336,224.58447700533858
2012-09-16 00:00:00,151,176.51612434631028,175.61131018602663,175.56504296349794,175.6556792923613,177.8165808219558,167.65075493070773
2012-09-16 01:00:00,117,176.51612434631028,123.34339193205187,123.30377274451672,123.38607761627189,113.65384397546896,102.00770759155796
2012-09-16 02:00:00,89,176.51612434631028,101.59913303113426,101.55505246941367,101.6491187441286,88.9381532495282,81.41226161246148
2012-09-16 03:00:00,48,176.51612434631028,64.17799107259007,64.14134432109125,64.22939866880918,47.15290924353424,52.178078787136066
2012-09-16 04:00:00,8,176.51612434631028,35.66644408521486,35.658430903721694,35.66789479481781,16.044131826506838,28.14500234283302
2012-09-16 05:00:00,13,176.51612434631028,32.12193526310989,32.220945960671884,32.131572769969495,26.304109806859792,17.434021586489443
2012-09-16 06:00:00,35,176.51612434631028,65.8669086500138,65.90328087697306,65.88666006230156,32.056586399711406,49.635088989775554
2012-09-16 07:00:00,71,176.51612434631028,151.8530976798614,152.18332865967346,151.89981563754236,74.96501695526696,77.10271680537944
2012-09-16 08:00:00,128,176.51612434631028,238.71447343898677,239.50846284939985,238.78585996757266,157.5450777417028,166.11600511669195
2012-09-16 09:00:00,296,176.51612434631028,136.53814768648843,138.74801867363354,136.63861987055913,246.76494209956712,225.97549920039384
2012-09-16 10:00:00,490,176.51612434631028,334.3475932976952,335.14171156996883,334.4472786375892,424.7462478354979,403.60133390501636
2012-09-16 11:00:00,559,176.51612434631028,539.3884420416991,539.1097813051217,539.4100619644305,539.3819533244532,583.1099919623344
2012-09-16 12:00:00,656,176.51612434631028,639.6863827342368,639.4269710851569,639.6968272437799,576.6617245670993,675.6778035802773
2012-09-16 13:00:00,694,176.51612434631028,664.0667658561964,663.8366209993778,664.0886007372151,593.5760490620489,697.8310015918561
2012-09-16 14:00:00,635,176.51612434631028,662.1149461154986,661.6849687916311,662.1140838490073,601.001756132756,682.6660592547139
2012-09-16 15:00:00,557,176.51612434631028,640.9704807077431,640.7132330581129,640.9933940004992,587.4938264790763,665.1844732087475
2012-09-16 16:00:00,596,176.51612434631028,652.3034698483112,652.4442462415959,652.3546707045285,578.009929168054,685.3899978248006
2012-09-16 17:00:00,570,176.51612434631028,740.0657183959449,740.237803659006,740.1132299200151,588.0608725857478,684.3161311294541
2012-09-16 18:00:00,481,176.51612434631028,569.3763626644712,571.0741783104683,569.5268348763707,529.6228466810968,566.1039504525338
2012-09-16 19:00:00,403,176.51612434631028,424.8676181934046,426.7499952808755,424.9999898053312,432.9662406204906,444.6421388421751
2012-09-16 20:00:00,324,176.51612434631028,333.00906973451157,334.1154067348825,333.1337590376269,341.7924742063492,356.4780347148505
2012-09-16 21:00:00,191,176.51612434631028,262.1427122919238,262.81375856625476,262.25522806760347,266.0373470695972,278.94738384120296
2012-09-16 22:00:00,127,176.51612434631028,178.8944112381383,179.48147694991337,178.96109981161987,176.611198051948,209.37203465602164
2012-09-16 23:00:00,94,176.51612434631028,108.21665827003167,108.80041366633432,108.28592700668898,104.69178540903542,143.17573603695763
2012-09-17 00:00:00,45,176.51612434631028,73.91713875021544,74.32053294685333,73.97899358682575,59.472717532467534,85.27737917640572
2012-09-17 01:00:00,21,176.51612434631028,42.24645347400269,42.55337184218624,42.30282194786069,22.409883366633363,38.5749268210994
2012-09-17 02:00:00,13,176.51612434631028,32.20644835647417,32.449995928945526,32.25887361298584,11.639676587301592,22.75615730865507
2012-09-17 03:00:00,7,176.51612434631028,16.27094177618264,16.478966958606605,16.326692914469135,6.618948038073041,10.301037954607095
2012-09-17 04:00:00,11,176.51612434631028,10.95999852150311,11.069896324136039,10.958433507868818,6.262110847485848,7.581415686605893
2012-09-17 05:00:00,45,176.51612434631028,30.779639812883943,30.821837361554316,30.78536635702939,35.06173372460873,13.628196397320385
2012-09-17 06:00:00,164,176.51612434631028,116.23824621295718,116.17918300034208,116.24456358331602,163.57300822788318,116.95113045343012
2012-09-17 07:00:00,492,176.51612434631028,309.38090686227713,309.3403034576851,309.39252581267436,455.60966582029096,427.17701124075336
2012-09-17 08:00:00,683,176.51612434631028,586.8864343024659,586.2000125895324,586.8806424914028,660.3126175907423,689.975606650312
2012-09-17 09:00:00,299,176.51612434631028,466.1035700271175,466.2731323084439,466.1298930580939,367.0706491702739,353.8382227090708
2012-09-17 10:00:00,202,176.51612434631028,277.2756923674509,277.91879128902497,277.3706329664653,217.80274041236538,305.4646061717312
2012-09-17 11:00:00,252,176.51612434631028,282.292012777707,282.867146467761,282.35292731356424,224.097662060162,225.5469435880818
2012-09-17 12:00:00,295,176.51612434631028,356.6112223766454,357.2796769782666,356.67887316515555,333.1143226911977,363.0664150514133
2012-09-17 13:00:00,343,176.51612434631028,368.1950547848096,368.9953781788138,368.2439484401592,454.7142023809523,419.35101110122537
2012-09-17 14:00:00,332,176.51612434631028,373.1058614498321,373.7606657619058,373.15392520113267,444.6509278083028,412.2627125408766
2012-09-17 15:00:00,338,176.51612434631028,370.1606795907553,370.6597015195197,370.20449506471215,384.79852039627025,398.5923101270796
2012-09-17 16:00:00,453,176.51612434631028,445.2688816435625,445.86909789948425,445.326487411067,502.9579466089467,547.748419670836
2012-09-17 17:00:00,842,176.51612434631028,661.4285340646948,662.0023080630359,661.492962312948,741.1856493506489,698.886383352407
2012-09-17 18:00:00,774,176.51612434631028,782.5200835703348,783.0674405512108,782.5939864265197,721.7110216450214,703.2602924459667
2012-09-17 19:00:00,486,176.51612434631028,603.6277476689381,604.2271274074584,603.686077576076,650.7451727855478,575.9244540566575
2012-09-17 20:00:00,340,176.51612434631028,380.42035660297483,380.98672718762555,380.4870906830937,391.2767429653678,372.90390836763737
2012-09-17 21:00:00,233,176.51612434631028,228.9701915042752,229.19183878137852,229.03508000224892,245.82275234487741,224.4044012498223
2012-09-17 22:00:00,129,176.51612434631028,134.353971179082,134.55542030680863,134.42108851564328,160.25367322954816,157.737524362151
2012-09-17 23:00:00,70,176.51612434631028,48.24760901144779,48.43240635183594,48.27832951672765,84.23834523809525,91.98912734970887
2012-09-18 00:00:00,13,176.51612434631028,-0.9528427392434082,-0.8304605731624406,-0.9307473091884617,43.41985087135088,56.837198232252504
2012-09-18 01:00:00,5,176.51612434631028,-34.4550564557334,-34.39195175761583,-34.43814139285408,13.811262626262625,6.850693537200351
2012-09-18 02:00:00,4,176.51612434631028,-34.59877298662846,-34.6465733504746,-34.58244695851258,9.228567127317126,-0.1876507085217956
2012-09-18 03:00:00,6,176.51612434631028,-4.259003251718809,-4.253795265739626,-4.246549279543501,5.5499170551670565,4.80138834080148
2012-09-18 04:00:00,7,176.51612434631028,0.16350897208729975,0.08107835257118268,0.12787020757616574,6.496431832056832,4.80138834080148
2012-09-18 05:00:00,48,176.51612434631028,27.08969248477871,27.027629331054754,27.067971711427305,40.7129108946609,14.386717219115782
2012-09-18 06:00:00,167,176.51612434631028,133.9903571497199,133.85289214283225,133.97532346422958,179.694797008547,122.5947194350263
2012-09-18 07:00:00,356,176.51612434631028,388.2841867726644,388.39496354898864,388.2939553086256,455.04381424131424,458.1172274837923
2012-09-18 08:00:00,672,176.51612434631028,578.3400178099944,578.3696244098687,578.3686148137609,692.2779923132423,687.3831334626052
2012-09-18 09:00:00,293,176.51612434631028,445.0367411780377,445.16103530027146,445.0668882886083,318.82921392496394,335.3033458314363
2012-09-18 10:00:00,160,176.51612434631028,189.0203477341243,189.3747010900753,189.11133288351388,204.55686796536796,198.48064625759923
2012-09-18 11:00:00,151,176.51612434631028,211.54979679558278,212.03640616741836,211.59303258050915,202.8745638528137,207.95995890770413
2012-09-18 12:00:00,88,176.51612434631028,205.7120116034501,206.37238242137352,205.77381673125558,189.58436915861924,187.30512692650404
2012-09-18 13:00:00,114,176.51612434631028,189.0868967987004,190.5014920797141,189.1647758930664,197.14670833333338,193.31271336537574
2012-09-18 14:00:00,143,176.51612434631028,137.45724134887962,138.43772295481148,137.4876635609702,114.40795933233431,148.1266019351988
2012-09-18 15:00:00,36,176.51612434631028,186.95892120454067,187.82335002217013,187.00013242515212,180.4274752886004,163.02571455039566
2012-09-18 16:00:00,141,176.51612434631028,221.27164832538045,222.70819705596767,221.3436679883036,43.576723845598856,126.75812138346357
2012-09-18 17:00:00,338,176.51612434631028,500.1886358129119,501.84766072720197,500.2770029840291,265.65542511655,270.21900253495613
2012-09-18 18:00:00,281,176.51612434631028,510.0755060802826,512.3340904771659,510.17804807921243,665.8205811965812,568.0186909585873
2012-09-18 19:00:00,324,176.51612434631028,316.27319804138403,318.486240597198,316.36206132201903,434.2848688949939,424.24297495981415
2012-09-18 20:00:00,290,176.51612434631028,299.8513083383093,300.8754622571098,299.9022087840191,323.30363929126423,324.58849140404294
2012-09-18 21:00:00,207,176.51612434631028,245.39412244040528,245.80246447882524,245.4267616450087,219.94326023976032,257.6014701198656
2012-09-18 22:00:00,151,176.51612434631028,127.85169782125558,128.2090510875169,127.93033135371827,132.40757702020207,140.11706272362937
2012-09-18 23:00:00,78,176.51612434631028,97.67276026348284,98.05924862430143,97.72382310883684,100.25459358696861,122.41627501689246
2012-09-19 00:00:00,26,176.51612434631028,39.234313359634456,39.651299697057055,39.29413543721236,51.071209595959616,66.606408532324
2012-09-19 01:00:00,12,176.51612434631028,8.485653014334389,8.856191843006343,8.546235752866693,12.320035894660888,27.579040852144825
2012-09-19 02:00:00,3,176.51612434631028,4.166549806514894,4.472463847646253,4.233527830501771,9.900038891663888,11.62772620084996
2012-09-19 03:00:00,5,176.51612434631028,-2.5436860109591066,-2.2289333177748176,-2.476501350033999,5.375221764346763,9.55605296876394
2012-09-19 04:00:00,10,176.51612434631028,-0.5226497114547612,-0.31828353050605074,-0.5047915700205294,5.792111555111555,6.511734052956817
2012-09-19 05:00:00,56,176.51612434631028,30.650789495067187,30.806990525473964,30.668159044178196,39.77373502886003,16.01232040711578
2012-09-19 06:00:00,172,176.51612434631028,146.47769950572427,146.51158487799682,146.49406967425713,182.23161392773892,129.84577923418516
2012-09-19 07:00:00,545,176.51612434631028,374.1260747092325,374.2246651876155,374.15051401880373,530.6741453823957,448.0988843410316
2012-09-19 08:00:00,797,176.51612434631028,701.6159894388484,701.0845680586434,701.6308537316023,664.747814907315,735.3531689687177
2012-09-19 09:00:00,362,176.51612434631028,522.6316850996566,522.401809916394,522.6520639697761,338.15840392940385,399.7452947839084
2012-09-19 10:00:00,192,176.51612434631028,274.6074125421998,274.81985532738605,274.6591493803646,218.2905211038961,284.10235022453173
2012-09-19 11:00:00,247,176.51612434631028,230.080739660897,230.6689788946099,230.15312224466487,227.1013999889001,224.36186521421922
2012-09-19 12:00:00,313,176.51612434631028,288.1150979443115,288.604800093236,288.18438229425175,302.21748069985574,309.2112094539056
2012-09-19 13:00:00,289,176.51612434631028,300.405813733625,301.05386331294073,300.47673479827847,344.61722492785,351.8601142075993
2012-09-19 14:00:00,286,176.51612434631028,272.73751377590344,273.4838359161705,272.7970218296066,268.0011337412586,307.17173413537495
2012-09-19 15:00:00,311,176.51612434631028,281.0536233886617,281.5130815701493,281.0895125571859,291.8530146103897,317.11131008190966
2012-09-19 16:00:00,466,176.51612434631028,386.4728999679136,386.9575941009759,386.5194187666666,451.30851881451895,479.08804807880284
2012-09-19 17:00:00,886,176.51612434631028,654.695584138033,655.0669151384651,654.7746230134337,783.4533686868688,676.5508651209743
2012-09-19 18:00:00,892,176.51612434631028,788.267001946442,788.2486523211188,788.3067436405283,749.3029811438562,728.6196536952964
2012-09-19 19:00:00,611,176.51612434631028,668.3165737641718,668.3470526443904,668.3501056476073,637.4611713564216,620.229102780314
2012-09-19 20:00:00,409,176.51612434631028,471.0010747322018,471.1328506230034,471.05021970931716,461.24502915140425,427.1762191939819
2012-09-19 21:00:00,349,176.51612434631028,317.7864602880046,317.92288847625423,317.8376220891853,289.67661832611833,330.29339090624865
2012-09-19 22:00:00,229,176.51612434631028,259.4373407310736,259.4058902177753,259.4789083975985,230.40039989177478,241.01282698757527
2012-09-19 23:00:00,123,176.51612434631028,155.89099300152355,156.08831313855035,155.94024446827095,153.17465263902773,164.83433911027043
2012-09-20 00:00:00,58,176.51612434631028,78.69078683813211,78.97463676195281,78.74452205624578,55.85863834776338,92.04404370739906
2012-09-20 01:00:00,18,176.51612434631028,35.153787247678764,35.423532355531364,35.215110064694855,26.53952217227217,37.548858213110634
2012-09-20 02:00:00,11,176.51612434631028,13.600715240829174,13.871888210217122,13.664673228983872,10.040999410311914,14.043889938395335
2012-09-20 03:00:00,6,176.51612434631028,8.885026194524244,9.133905342192321,8.94384760126249,5.328983807858808,8.41732862349596
2012-09-20 04:00:00,6,176.51612434631028,7.731279461882679,7.921953649396784,7.744680699125496,6.193455710955709,8.41732862349596
2012-09-20 05:00:00,56,176.51612434631028,37.11606497831224,37.28700156900092,37.13351118136329,41.30740101565103,17.91791497765495
2012-09-20 06:00:00,170,176.51612434631028,144.06536577707897,144.06523451686132,144.08111944102882,177.63419841269842,126.59501748816862
2012-09-20 07:00:00,534,176.51612434631028,398.97687953266086,399.13122367615847,399.00733906218755,527.7070160533914,466.552770208927
2012-09-20 08:00:00,790,176.51612434631028,710.2238951858587,709.7772753736746,710.2438273186251,683.420719086469,771.2798880209409
2012-09-20 09:00:00,355,176.51612434631028,533.9262711677933,533.7548496707428,533.944369634157,362.97300875513355,385.84466450267104
2012-09-20 10:00:00,190,176.51612434631028,278.7186056666543,278.9429281869645,278.76801494097356,213.21969737207243,285.7936174311505
2012-09-20 11:00:00,243,176.51612434631028,252.29874152940178,252.8743273103177,252.34991907607622,231.09766125541128,245.50520678700076
2012-09-20 12:00:00,290,176.51612434631028,308.9638476946377,309.47067823134955,309.02343912890586,298.9892129259629,307.39049726131014
2012-09-20 13:00:00,336,176.51612434631028,306.74171167621444,307.3691785299776,306.783646561424,311.7275641719392,326.55155023812716
2012-09-20 14:00:00,298,176.51612434631028,319.0380216995702,319.58195214388275,319.07983833979506,323.6159891774891,332.3219842243759
2012-09-20 15:00:00,291,176.51612434631028,329.48128985476467,329.8659594604007,329.5009839224316,307.2486323953824,343.50741846070537
2012-09-20 16:00:00,457,176.51612434631028,411.81710235337493,412.4039902911352,411.8692584932552,456.82698124098135,458.6990120912026
2012-09-20 17:00:00,976,176.51612434631028,716.9648168285934,717.4292526683897,717.0295730552565,820.836603354979,767.4202707894814
2012-09-20 18:00:00,900,176.51612434631028,896.5478923556911,896.5725653920293,896.6450412649212,821.1222173520927,820.7238534910879
2012-09-20 19:00:00,603,176.51612434631028,718.0433153196273,718.1047958362767,718.0789741275586,645.4865658508161,670.1378277316388
2012-09-20 20:00:00,417,176.51612434631028,480.3333012704047,480.41900008560106,480.3741009618068,464.4745544733045,456.4240774402262
2012-09-20 21:00:00,274,176.51612434631028,345.7231590550575,345.8641999424765,345.7722253100951,319.74999604562123,346.48605523803496
2012-09-20 22:00:00,287,176.51612434631028,234.36241860527724,234.59072809195746,234.4091672365741,223.42255354367862,233.12797146968248
2012-09-20 23:00:00,154,176.51612434631028,206.12041077479716,206.09311809210593,206.15878814500988,178.63866720779208,193.87846163814655
2012-09-21 00:00:00,66,176.51612434631028,107.5635268528952,107.69847270621192,107.60951334452082,85.00572168109666,104.11705526008538
2012-09-21 01:00:00,49,176.51612434631028,46.70546469263164,46.887799029187605,46.7549065814228,31.291783674658664,40.79570844057325
2012-09-21 02:00:00,14,176.51612434631028,40.18254830019529,40.29365498479132,40.23301401371742,24.398862179487175,27.83769829537258
2012-09-21 03:00:00,12,176.51612434631028,11.418237078732858,11.605873765359291,11.476482349169459,6.384266053391058,8.556631277708995
2012-09-21 04:00:00,10,176.51612434631028,15.16980619506387,15.279315282299393,15.172164934626124,7.257841630591627,8.41732862349596
2012-09-21 05:00:00,49,176.51612434631028,38.67598954821628,38.74596312442196,38.68017953687942,38.43409036796536,16.352694546081747
2012-09-21 06:00:00,165,176.51612434631028,130.9279880574171,130.87733087752116,130.9444975774735,169.54158308358308,126.59501748816862
2012-09-21 07:00:00,503,176.51612434631028,374.53075714995447,374.6084522383045,374.5558773500792,436.6475916860919,454.9968932163099
2012-09-21 08:00:00,757,176.51612434631028,692.667614059116,692.2896833564271,692.6895066203862,679.5830244616492,773.3934893979509
2012-09-21 09:00:00,383,176.51612434631028,513.8936320902112,513.7930077049513,513.9161963873732,364.7561178821176,373.41781932768157
2012-09-21 10:00:00,225,176.51612434631028,298.35020627464337,298.5111271806821,298.422694818511,252.38952813852805,292.4219936051848
2012-09-21 11:00:00,321,176.51612434631028,271.99477368261756,272.24787227718156,272.0186602388477,247.44422817460315,263.03254651457735
2012-09-21 12:00:00,389,176.51612434631028,372.4763473024274,372.4962471282878,372.48729510245033,362.831452172827,370.60540553038066
2012-09-21 13:00:00,421,176.51612434631028,395.9344866315819,396.1414918615303,395.94368567834215,416.41143646631144,428.5157172783127
2012-09-21 14:00:00,412,176.51612434631028,388.9101824519131,389.0582020126502,388.92411680781163,390.05355952380955,403.8185620691742
2012-09-21 15:00:00,423,176.51612434631028,394.41686591378163,394.2823262832118,394.4176691912193,389.98522974247976,411.02187525053154
2012-09-21 16:00:00,567,176.51612434631028,501.7119835412914,501.6798884997355,501.72521974563097,520.8142628066378,528.3875003273679
2012-09-21 17:00:00,846,176.51612434631028,794.6800559427322,794.7246783078527,794.722597920188,797.453274891775,788.2808308860791
2012-09-21 18:00:00,805,176.51612434631028,815.6654747939888,815.936950434755,815.7314978318022,792.242617063492,824.7403050560314
2012-09-21 19:00:00,588,176.51612434631028,642.51628142046,642.8308559448299,642.5687950707077,555.8062164502167,573.845087538342
2012-09-21 20:00:00,369,176.51612434631028,459.93572023019203,460.07381018665353,459.99993147445934,436.16839248689894,442.3476335742485
2012-09-21 21:00:00,312,176.51612434631028,303.9910843934813,304.2766388508354,304.06593135791985,278.3098547979799,309.01175758264446
2012-09-21 22:00:00,295,176.51612434631028,259.98829685199007,260.18101377918583,260.05990026001723,230.3323938145188,253.40296434869856
2012-09-21 23:00:00,186,176.51612434631028,216.65633559680037,216.65893838092418,216.72427669228347,199.05837914862926,200.6866486230981
2012-09-22 00:00:00,172,176.51612434631028,146.08960839640184,146.1870933007313,146.1428611136866,130.21643344155845,127.49310453149077
2012-09-22 01:00:00,124,176.51612434631028,119.66346158475282,119.42123025613321,119.68640326484953,118.43745544733046,115.32106955143983
2012-09-22 02:00:00,83,176.51612434631028,89.32908623516988,89.08930731018691,89.35368328470122,82.44801244588746,77.98728010826073
2012-09-22 03:00:00,45,176.51612434631028,52.99197443957493,52.873747112733525,53.02470247533657,31.122700036075035,42.58439513460001
2012-09-22 04:00:00,15,176.51612434631028,28.276066333794603,28.205245348108377,28.26210062251252,11.264873667998673,30.166672436873572
2012-09-22 05:00:00,17,176.51612434631028,30.331292875037406,30.341074102686918,30.327848613431428,15.310780330780329,18.498163178007353
2012-09-22 06:00:00,41,176.51612434631028,83.60059820088713,83.57199236894374,83.60646125056743,36.163528679653666,71.14669121528034
2012-09-22 07:00:00,77,176.51612434631028,217.68767449050318,218.07475165373972,217.72207943426346,89.14202020202019,100.55328354204956
2012-09-22 08:00:00,218,176.51612434631028,326.8765273269153,327.92581344526843,326.9653224864328,180.76325468975466,208.62550699506536
2012-09-22 09:00:00,377,176.51612434631028,203.9815881678217,205.86799468542029,204.06094675579197,303.11217239704735,269.2020406462215
2012-09-22 10:00:00,474,176.51612434631028,337.28388951076465,337.4270086454054,337.32277297162545,422.0543648157397,417.4431813393124
2012-09-22 11:00:00,626,176.51612434631028,496.8183398432109,496.29325666817806,496.7913550046743,531.8921495171496,534.5344171070648
2012-09-22 12:00:00,688,176.51612434631028,622.0496643823968,621.0709055433125,622.0076964188124,613.2040282495283,674.0670792806186
2012-09-22 13:00:00,707,176.51612434631028,639.4582291803563,638.6466604506585,639.4051246940934,586.3779811577314,676.0314830308084
2012-09-22 14:00:00,654,176.51612434631028,644.376054288762,643.5792317033906,644.3146521027453,598.3381029803533,713.7675439779415
2012-09-22 15:00:00,750,176.51612434631028,611.483553269861,610.5905102822142,611.4301434975566,615.087970695971,609.6816009330934
2012-09-22 16:00:00,680,176.51612434631028,750.4125534647267,749.2438674175029,750.3591850508085,594.5452140220891,703.3072758458053
2012-09-22 17:00:00,646,176.51612434631028,810.9473060959054,810.3576748979204,810.9364339437489,681.219406621157,772.5886755860008
2012-09-22 18:00:00,598,176.51612434631028,650.3739559089931,651.2362447939043,650.438604156662,601.4503032661781,680.4600173386652
2012-09-22 19:00:00,407,176.51612434631028,504.53673377307814,505.53830346977395,504.58615134261026,533.9150287074041,487.54659982957673
2012-09-22 20:00:00,325,176.51612434631028,338.77988200707233,339.4450093698042,338.82611065945486,354.7181547619048,361.99042800310707
2012-09-22 21:00:00,261,176.51612434631028,284.8640894119784,285.3505413262669,284.9286193382876,302.3628729187478,285.7875598923552
2012-09-22 22:00:00,239,176.51612434631028,245.33244814364534,245.86062955676533,245.41169293009577,278.7737303391054,260.43401317269775
2012-09-22 23:00:00,171,176.51612434631028,202.66378920331982,203.0084189043131,202.73441880226835,209.94266360028868,193.06126350464274
2012-09-23 00:00:00,180,176.51612434631028,157.7279032396051,158.00581081170947,157.7013847403179,131.6335333694083,131.89632550017157
2012-09-23 01:00:00,142,176.51612434631028,147.88302874199334,147.7536714650144,147.82831911781904,130.77966089466094,115.69387806002781
2012-09-23 02:00:00,95,176.51612434631028,122.17155486340992,122.02643189006557,122.11943939927295,103.45845616883122,93.17353443666663
2012-09-23 03:00:00,54,176.51612434631028,76.16063349053626,76.13539196201555,76.11988920418091,58.15413378288378,57.459279214988335
2012-09-23 04:00:00,10,176.51612434631028,44.29479438180587,44.32339188716462,44.20749517261771,17.01438431013431,31.26124464836875
2012-09-23 05:00:00,6,176.51612434631028,31.73793166753819,31.85371103931874,31.6578900002514,11.935257756132758,15.50631607821042
2012-09-23 06:00:00,16,176.51612434631028,68.02656532979127,68.08679184638035,67.9571992303066,20.043330919080905,46.30128199788
2012-09-23 07:00:00,57,176.51612434631028,150.3832666800334,150.74236102099292,150.33343426282153,47.01552029914531,63.24046806745986
2012-09-23 08:00:00,175,176.51612434631028,228.72012340746286,229.53505107944443,228.6998709306048,134.06809938672438,139.98986874137083
2012-09-23 09:00:00,276,176.51612434631028,173.54876467883133,175.65623512988296,173.55800275827963,299.1300037878789,244.52456315471096
2012-09-23 10:00:00,489,176.51612434631028,331.7464465539599,332.4629191291213,331.7177975518676,410.4186761849263,391.55055864232816
2012-09-23 11:00:00,570,176.51612434631028,538.8287785424434,538.4214046655436,538.7280050470007,532.3597067099569,576.4587451723712
2012-09-23 12:00:00,776,176.51612434631028,626.9216344300144,626.3158020003376,626.8097303502786,573.9323118825619,634.2999708369829
2012-09-23 13:00:00,702,176.51612434631028,734.2888338359957,733.6092429582407,734.2111165600301,592.3032343212342,690.2235244958642
2012-09-23 14:00:00,666,176.51612434631028,660.929464056039,660.5355277298074,660.8621062054879,625.300964022089,658.3849726285696
2012-09-23 15:00:00,640,176.51612434631028,650.7268004797296,650.2982909513548,650.6660801680913,639.0726985930735,649.0451888911358
2012-09-23 16:00:00,691,176.51612434631028,667.9278029183856,667.440698147443,667.8787754576116,616.3033724886227,640.9380391899294
2012-09-23 17:00:00,723,176.51612434631028,759.0752784676636,758.3945285047769,758.9997178517117,613.3884484126982,619.8571398936951
2012-09-23 18:00:00,540,176.51612434631028,642.9576485473609,643.4760456917382,642.9349058903218,593.3636415945165,592.1995956549374
2012-09-23 19:00:00,413,176.51612434631028,433.2183737036926,434.36208124029145,433.19591947333447,450.41240331890333,432.3808364120297
2012-09-23 20:00:00,252,176.51612434631028,337.8209586981044,338.50491793347464,337.78948137190037,352.8258841991343,334.0649168674057
2012-09-23 21:00:00,196,176.51612434631028,213.72164417514097,214.36452001919886,213.69317726835436,229.30931260406257,228.88394989995143
2012-09-23 22:00:00,138,176.51612434631028,177.4221050096585,177.96587094821277,177.38085123968267,178.8291084054834,195.95670933537983
2012-09-23 23:00:00,100,176.51612434631028,109.7452863314735,110.21753781585038,109.70866993616167,107.53842174492172,128.23645629482976
2012-09-24 00:00:00,64,176.51612434631028,89.83206939726992,90.22214587736008,89.7937520167738,55.69059776334775,96.99424346339973
2012-09-24 01:00:00,18,176.51612434631028,66.17743515555117,66.45550577288464,66.13084513907421,35.79417873792874,47.29188535885297
2012-09-24 02:00:00,8,176.51612434631028,30.996694117666124,31.29098626928956,30.961115983859315,10.974359668109667,17.820896259827887
2012-09-24 03:00:00,5,176.51612434631028,23.399004802729337,23.66492681852,23.356768938643654,5.471065157065156,12.86261611445813
2012-09-24 04:00:00,8,176.51612434631028,19.833475598708873,20.00073270948255,19.736612087728645,5.893531926406927,8.420128310051185
2012-09-24 05:00:00,37,176.51612434631028,43.50376768552849,43.603098284018486,43.40230560500085,37.27863523976025,16.923957932614712
2012-09-24 06:00:00,168,176.51612434631028,118.29886172737011,118.25381362352256,118.20229576628826,157.9152644993896,114.04939866768196
2012-09-24 07:00:00,530,176.51612434631028,325.587108336554,325.4655134231351,325.4965858081913,507.374104617605,435.9047617618522
2012-09-24 08:00:00,750,176.51612434631028,617.1203326872596,616.36933348884,617.0182239579226,653.3912915556666,669.710955023324
2012-09-24 09:00:00,328,176.51612434631028,499.68099716563165,499.6269648881614,499.6037834947232,364.09859480796985,364.98432593340107
2012-09-24 10:00:00,198,176.51612434631028,309.48142109562934,309.924096410846,309.44423538758963,243.0529427655679,306.9020087273451
2012-09-24 11:00:00,238,176.51612434631028,307.6751908176493,308.2527763156405,307.60788137537065,230.8250009851259,241.61451723047463
2012-09-24 12:00:00,342,176.51612434631028,377.50047242399614,378.1544019764043,377.44814521393357,445.44123575036065,406.80018285039813
2012-09-24 13:00:00,328,176.51612434631028,415.19957739084197,416.0348964824471,415.1826005974533,564.8282313797313,448.13339554424755
2012-09-24 14:00:00,303,176.51612434631028,395.17216670897085,396.0519684683209,395.12999339628203,452.2205602453103,420.88514722056624
2012-09-24 15:00:00,300,176.51612434631028,390.1191921059766,390.9337177345218,390.0867727174833,393.69781172993675,398.1829857940012
2012-09-24 16:00:00,516,176.51612434631028,450.4088967445713,450.98468083069133,450.34936426026434,507.4514724025975,506.3260297125291
2012-09-24 17:00:00,898,176.51612434631028,736.4662703978936,736.6143786621534,736.389181700963,739.1345560966806,742.0355321810193
2012-09-24 18:00:00,853,176.51612434631028,800.7197759705822,800.6972803194196,800.6651554466448,690.6657385392384,765.9469438515608
2012-09-24 19:00:00,590,176.51612434631028,637.2560207285285,637.31944292969,637.192212753076,571.7794946303694,581.4303423176273
2012-09-24 20:00:00,432,176.51612434631028,436.28755828781163,436.22067653129795,436.2179378317546,390.9956715367965,409.2971589160679
2012-09-24 21:00:00,256,176.51612434631028,326.5892176389625,326.5544043315419,326.52995856195207,307.178483044733,307.04574804257913
2012-09-24 22:00:00,172,176.51612434631028,197.57864299572043,197.8825223243175,197.5371809416006,206.2859285714286,204.32405667411
2012-09-24 23:00:00,94,176.51612434631028,123.21116467689812,123.5225027364013,123.16435391287648,117.80466576479076,135.9845497826153
2012-09-25 00:00:00,64,176.51612434631028,65.18645378059743,65.54133046942161,65.13469064790735,56.76284265734265,79.92661823354693
2012-09-25 01:00:00,13,176.51612434631028,45.66473195856696,45.88642238041257,45.607504156104596,28.22597365134865,41.38356378131009
2012-09-25 02:00:00,14,176.51612434631028,19.41584813593161,19.64376916214033,19.361258145523635,8.60906096681097,9.18344165921357
2012-09-25 03:00:00,5,176.51612434631028,19.99591678939632,20.2244328947109,19.942562670129718,6.09962445887446,8.556631277708995
2012-09-25 04:00:00,9,176.51612434631028,18.469744099068322,18.65265328386016,18.36818629230413,5.325330447330447,8.41732862349596
2012-09-25 05:00:00,47,176.51612434631028,45.78318472973187,45.88235710205866,45.67758815092985,37.101322330447346,15.19829270965372
2012-09-25 06:00:00,194,176.51612434631028,140.60574617469518,140.5712303159251,140.509232502665,183.13217200854706,126.59501748816862
2012-09-25 07:00:00,556,176.51612434631028,377.75686739360776,377.76073654774257,377.6758297686364,531.3105606370754,431.35584828571405
2012-09-25 08:00:00,805,176.51612434631028,709.3552363716994,708.8240680047658,709.2616493321074,665.5407066683318,738.2309723456857
2012-09-25 09:00:00,409,176.51612434631028,538.3540677507821,538.1334905533529,538.2627402958308,378.7164906898655,392.5957900821025
2012-09-25 10:00:00,170,176.51612434631028,307.71828186246,307.69978580211114,307.6532729875696,250.1668400974027,306.0588458876105
2012-09-25 11:00:00,218,176.51612434631028,223.5968269408688,224.24111574110262,223.56031295197522,210.5244163059164,221.5559215290254
2012-09-25 12:00:00,302,176.51612434631028,266.2783822786878,266.84599170386184,266.2318007931051,272.50156904206915,277.0262899660871
2012-09-25 13:00:00,305,176.51612434631028,294.2911811259268,294.8166318026865,294.218338201358,339.46692780830284,341.4879756264187
2012-09-25 14:00:00,293,176.51612434631028,289.97298154789024,290.5118633625126,289.88755905545565,294.2296151764902,318.31163094869885
2012-09-25 15:00:00,303,176.51612434631028,274.37822163512476,274.74901326374254,274.2923051390831,300.702856962482,313.50918490527556
2012-09-25 16:00:00,495,176.51612434631028,367.87689135835217,368.26783999886476,367.80245300872593,439.9252245670994,430.7648543821211
2012-09-25 17:00:00,967,176.51612434631028,645.9209227036018,646.1055646151498,645.859201440527,739.8264256854258,757.4522509580529
2012-09-25 18:00:00,822,176.51612434631028,789.5474654873019,789.3691281268981,789.5017361478642,744.7066230158733,796.6251497848614
2012-09-25 19:00:00,539,176.51612434631028,613.6464154488222,613.9837463743471,613.6073133419104,611.652797785548,579.2530084639346
2012-09-25 20:00:00,425,176.51612434631028,422.62751266631074,423.04128008256953,422.60928039580074,411.3205555555557,410.4009513897754
2012-09-25 21:00:00,297,176.51612434631028,327.3337788635813,327.50602257169953,327.30784908098263,312.3022595113222,329.20824247228404
2012-09-25 22:00:00,188,176.51612434631028,234.0555137109331,234.39845648170956,234.03528500237596,221.731132020757,229.25946753069616
2012-09-25 23:00:00,98,176.51612434631028,138.022075000299,138.45741876748377,138.00351589229743,113.93184235209233,138.74023182187187
2012-09-26 00:00:00,40,176.51612434631028,72.57967447140159,72.87930133930269,72.51215985370766,60.99908941058942,91.94537209300157
2012-09-26 01:00:00,29,176.51612434631028,35.04211442327269,35.29356907111881,34.97381938943509,21.961435425685426,36.83286864252883
2012-09-26 02:00:00,17,176.51612434631028,26.80077271683726,26.945605218247266,26.736130969687977,13.524910839160844,21.796714569905333
2012-09-26 03:00:00,10,176.51612434631028,17.575062161558577,17.73222637347223,17.51038304543033,7.21180561105561,10.448726748292193
2012-09-26 04:00:00,14,176.51612434631028,23.796547621496188,23.857038379960926,23.672311454676134,5.973721230158733,6.767365667767441
2012-09-26 05:00:00,36,176.51612434631028,53.751997800689296,53.76257227753024,53.62920076093846,37.974238997113986,16.352694546081747
2012-09-26 06:00:00,182,176.51612434631028,142.56124253533198,142.5391350935813,142.4494127819068,178.4897663447664,132.08694705008978
2012-09-26 07:00:00,532,176.51612434631028,417.3686389041946,417.5154412755048,417.27015108191813,529.2625418470421,461.71793502107613
2012-09-26 08:00:00,838,176.51612434631028,728.6256647096889,728.2357908302945,728.5238242134635,736.184892080142,777.7231647643217
2012-09-26 09:00:00,334,176.51612434631028,583.8331550901325,583.6961585820839,583.7620098352488,448.76441297591276,478.48161125590815
2012-09-26 10:00:00,185,176.51612434631028,263.0257200974353,263.2680143498951,262.9756475936934,198.13734451659448,245.68613897606372
2012-09-26 11:00:00,227,176.51612434631028,247.9625146206028,248.4016992975538,247.8798457540172,218.22583838383852,226.20662670961872
2012-09-26 12:00:00,316,176.51612434631028,311.69272162958896,312.15547877515235,311.5963115581168,284.0349357864356,291.0838327352353
2012-09-26 13:00:00,340,176.51612434631028,335.6232736573453,336.091775387292,335.5180306668299,358.6647141747142,365.0431239878001
2012-09-26 14:00:00,277,176.51612434631028,340.5710830641284,340.94151250022344,340.44496264933616,376.4275653651904,361.85442141206903
2012-09-26 15:00:00,300,176.51612434631028,323.8157794730299,324.29924994620217,323.6962137714389,342.9154243256742,353.7776633294968
2012-09-26 16:00:00,468,176.51612434631028,433.7495253819603,434.2776703775925,433.64227820491215,482.76880526418034,497.0499696603571
2012-09-26 17:00:00,953,176.51612434631028,756.0909180781156,756.7486981444766,756.00684028097,835.3990959595959,803.4411633178678
2012-09-26 18:00:00,884,176.51612434631028,907.6263521799344,907.7284142454099,907.5313202126977,820.4873676046184,814.3307320243271
2012-09-26 19:00:00,627,176.51612434631028,705.9043775981437,705.9940342086736,705.8055692326703,682.4752561327564,668.2286172519234
2012-09-26 20:00:00,434,176.51612434631028,498.3190679973801,498.25035912261717,498.22944744541917,465.1143254662005,462.9468547440977
2012-09-26 21:00:00,360,176.51612434631028,369.52049247998855,369.51855392669535,369.4331965338969,326.2898098706848,368.76273871032646
2012-09-26 22:00:00,215,176.51612434631028,246.31639075722083,246.27534040122237,246.27265896856028,238.69044537407032,235.3070160533448
2012-09-26 23:00:00,115,176.51612434631028,152.42627865651508,152.55320148191328,152.3589369630507,135.81433707264955,141.08169298646496
2012-09-27 00:00:00,65,176.51612434631028,86.33421959848177,86.54860072447602,86.26348894636837,62.93438641913641,88.47298490227143
2012-09-27 01:00:00,21,176.51612434631028,54.24303614686656,54.39361066422289,54.17097629971708,30.378246933621917,39.00621045213069
2012-09-27 02:00:00,16,176.51612434631028,31.760128243986884,31.89751898854516,31.690042628336712,11.429056547619055,17.89757878572262
2012-09-27 03:00:00,7,176.51612434631028,26.869433185113564,26.983394056078765,26.793834055073944,6.625675962925964,6.906668321980476
2012-09-27 04:00:00,8,176.51612434631028,19.56680351526566,19.54762280813884,19.434043659690133,6.4693207972582965,6.596335843491234
2012-09-27 05:00:00,66,176.51612434631028,50.71828711411001,50.667279886784016,50.582498920165904,38.56573484848485,13.633072278080533
2012-09-27 06:00:00,169,176.51612434631028,157.1275774990008,156.91264065066213,157.00280579506813,173.2404657287157,132.85576703017418
2012-09-27 07:00:00,558,176.51612434631028,407.69706680856314,407.86923593391884,407.60108657716216,505.13096522921546,470.183778350492
2012-09-27 08:00:00,794,176.51612434631028,752.5181423723461,752.1340577307575,752.4276043962941,782.6843611111115,784.4276877338351
2012-09-27 09:00:00,335,176.51612434631028,552.0116635006855,551.8095934198982,551.8999742970784,394.40601497114005,404.61846625108467
2012-09-27 10:00:00,208,176.51612434631028,268.3165077730081,268.5327410362406,268.25231309066874,204.7263935786436,238.9860966683006
2012-09-27 11:00:00,294,176.51612434631028,262.65690782643105,262.9414083860934,262.5517966886324,235.4433124098124,225.8592556518757
2012-09-27 12:00:00,335,176.51612434631028,349.0904870866958,349.2741926292676,348.9716748156992,352.38798167110673,374.68145134704287
2012-09-27 13:00:00,326,176.51612434631028,363.22262392329924,363.6402396446781,363.0980277388709,385.54748430735924,373.9364238092659
2012-09-27 14:00:00,258,176.51612434631028,330.75408381997784,331.1701748878145,330.627630070265,362.42726524864,349.066686489415
2012-09-27 15:00:00,296,176.51612434631028,308.1503258156105,308.68863685288557,308.0265600561276,326.1884455266956,330.39101566697514
2012-09-27 16:00:00,472,176.51612434631028,412.6025654067501,413.17773147571916,412.5278343545747,457.9394121850374,436.32919334854876
2012-09-27 17:00:00,905,176.51612434631028,757.9897486929622,758.7491462666552,757.9458396797762,804.7156641414143,776.3218475430604
2012-09-27 18:00:00,899,176.51612434631028,872.9335211097591,873.3007988483572,872.8866598486845,810.2687274531027,801.6235824755529
2012-09-27 19:00:00,559,176.51612434631028,720.8332332433881,720.9098066362425,720.7476755219907,648.924255772006,674.8010859248078
2012-09-27 20:00:00,457,176.51612434631028,453.6829983428264,453.9186381896957,453.6212352777086,435.8836850649348,433.51889383271293
2012-09-27 21:00:00,253,176.51612434631028,327.56186327777965,327.3796639273114,327.5010225406683,320.9494937493062,327.06327509192687
2012-09-27 22:00:00,47,176.51612434631028,195.0844428288761,195.2948890817856,195.03335597825517,188.06501010101005,167.31481652362004
2012-09-27 23:00:00,45,176.51612434631028,30.630415230365145,31.240454686129823,30.5828469546922,51.969896825396845,40.43911090719074
2012-09-28 00:00:00,17,176.51612434631028,6.3668612449315845,6.672654096740644,6.308898592177229,40.63033587246086,47.5778720622202
2012-09-28 01:00:00,13,176.51612434631028,-10.239975348507215,-10.09868848251682,-10.311909914681308,19.019373917748915,9.518604204104403
2012-09-28 02:00:00,10,176.51612434631028,-19.25782430051953,-19.26229896179882,-19.316127859061965,10.997264541014538,-1.5162651376563134
2012-09-28 03:00:00,7,176.51612434631028,13.7441843349296,13.822779778430885,13.673960042400637,6.4068726551226565,6.079738458513419
2012-09-28 04:00:00,12,176.51612434631028,-20.30804917002348,-20.339439745403553,-20.409583993730678,7.2978331529581535,-2.19894118418102
2012-09-28 05:00:00,38,176.51612434631028,54.00928833033787,53.945081381722545,53.8812438177426,38.329221139971146,16.352694546081747
2012-09-28 06:00:00,138,176.51612434631028,129.5807816586146,129.44333263132552,129.4691431668839,164.84913268675774,125.00704655199826
2012-09-28 07:00:00,394,176.51612434631028,375.7264899587792,375.9450265464835,375.6355127471952,389.72052600177625,431.03423526584766
2012-09-28 08:00:00,705,176.51612434631028,641.5855339300513,641.6114679778327,641.4915680902167,699.1112775974025,757.225211345902
2012-09-28 09:00:00,426,176.51612434631028,491.46504012229263,491.50293617539137,491.36991159856325,378.8680059940057,345.77227002587415
2012-09-28 10:00:00,245,176.51612434631028,323.85311653848885,323.6429715757772,323.77023660426545,292.5906605339105,300.29908092821927
2012-09-28 11:00:00,361,176.51612434631028,304.1615861840378,304.35790264604725,304.0613438355743,307.2139166944168,277.16996735596774
2012-09-28 12:00:00,380,176.51612434631028,404.5132606902886,404.57829932952893,404.4206846057016,414.9655582611831,441.52869682489694
2012-09-28 13:00:00,410,176.51612434631028,396.78278528999886,397.12866618079534,396.6920149819704,438.49648033910523,431.0729972816111
2012-09-28 14:00:00,399,176.51612434631028,390.39629602916386,390.5799667909085,390.29734326252185,420.65583599733606,425.5894998078927
2012-09-28 15:00:00,392,176.51612434631028,403.85803928461695,404.01739212775544,403.76737999728437,441.79686453823945,448.1820045270015
2012-09-28 16:00:00,502,176.51612434631028,492.0446702713125,492.3766433166454,491.9729262059833,526.0458893328894,556.8649798744258
2012-09-28 17:00:00,808,176.51612434631028,745.5485154572968,746.1464976973796,745.5095260521168,795.1452938311689,797.9699162987157
2012-09-28 18:00:00,667,176.51612434631028,803.3009696102421,804.1327175423509,803.2957975072857,784.4525600649353,759.0864367582969
2012-09-28 19:00:00,508,176.51612434631028,531.9615958884588,532.9847465089002,531.9751898016046,516.9073822150071,426.88118732484514
2012-09-28 20:00:00,336,176.51612434631028,385.88839556926064,386.52772670779405,385.9084565998686,388.4154880952382,365.9113100992813
2012-09-28 21:00:00,237,176.51612434631028,257.1533197318023,257.6909016102048,257.1692299643422,272.4925612026863,234.90563988804536
2012-09-28 22:00:00,220,176.51612434631028,203.05843510538392,203.29662781354386,203.00079646876668,207.88405357142855,213.90629761404668
2012-09-28 23:00:00,190,176.51612434631028,163.97488881431437,164.06576887957343,163.91411226835683,159.6314951714952,145.1937365359123
2012-09-29 00:00:00,149,176.51612434631028,147.38451706526814,147.38189991244184,147.30617943386716,136.21439105339107,130.10547546533462
2012-09-29 01:00:00,101,176.51612434631028,119.90795068129025,119.81514091925652,119.82787812148607,97.44954462204463,103.34437856417567
2012-09-29 02:00:00,92,176.51612434631028,83.43753414503081,83.39691829771047,83.37092898270444,76.73880645743145,71.20987678543341
2012-09-29 03:00:00,29,176.51612434631028,67.62874021041355,67.57492589352137,67.56349644874776,48.593674034299035,55.974807991988534
2012-09-29 04:00:00,14,176.51612434631028,35.69614808106175,35.769899013500236,35.58332778565966,13.249045454545456,27.28925240826696
2012-09-29 05:00:00,15,176.51612434631028,42.84883075822506,42.903286971482316,42.739570639383516,15.573739177489173,20.570188304671046
2012-09-29 06:00:00,37,176.51612434631028,93.48759358623914,93.52608243721852,93.39272646121817,38.19135894660895,61.83027125540884
2012-09-29 07:00:00,73,176.51612434631028,210.72589653156606,211.20709280656166,210.66710269397302,83.21456277056276,99.41015254159475
2012-09-29 08:00:00,211,176.51612434631028,329.08007015584917,330.1790961491887,329.0489476707488,175.30955988455986,181.35666301792784
2012-09-29 09:00:00,332,176.51612434631028,221.9376509731859,223.98108699991883,221.91777467812358,307.9178841852591,266.6432207049523
2012-09-29 10:00:00,472,176.51612434631028,330.26498453836865,330.6416142881445,330.2034484651708,421.0771221139974,400.31267520476473
2012-09-29 11:00:00,663,176.51612434631028,507.99061108829744,507.5893436352079,507.8695220194429,524.8222811355311,569.6838151353525
2012-09-29 12:00:00,682,176.51612434631028,650.0032233183273,649.2805402408995,649.9018548295629,596.4853296425797,659.473776590636
2012-09-29 13:00:00,686,176.51612434631028,644.1661659160158,643.7286435752764,644.0676384860649,602.4118732933733,712.4769268600005
2012-09-29 14:00:00,750,176.51612434631028,622.2848598406799,621.8793948025898,622.2006289270782,616.9462036297039,671.7125005138317
2012-09-29 15:00:00,727,176.51612434631028,690.7072517219533,689.9674032862029,690.6119988898444,605.5548608474859,723.1561288789129
2012-09-29 16:00:00,722,176.51612434631028,717.4280275239267,716.7133473195364,717.334293829179,570.7923700049951,689.8489422423967
2012-09-29 17:00:00,712,176.51612434631028,823.2838540257774,823.2113081143902,823.2599481179493,603.7581683455434,726.8759816663679
2012-09-29 18:00:00,594,176.51612434631028,676.0382808135847,676.9095802938302,676.0073867094177,588.7009653679653,668.4357588415307
2012-09-29 19:00:00,470,176.51612434631028,481.7256694171839,482.8029063969799,481.68480604893205,494.5995990259742,476.15025985500125
2012-09-29 20:00:00,315,176.51612434631028,374.17059825074546,374.71312402285093,374.11799001481927,391.46302759740263,372.80908511797213
2012-09-29 21:00:00,292,176.51612434631028,269.7116098230843,270.1159326745232,269.6508717842553,270.4449832251082,269.1518182787286
2012-09-29 22:00:00,221,176.51612434631028,249.46574218174604,249.5250791143454,249.3914237647154,269.8965774780773,243.9265048636357
2012-09-29 23:00:00,196,176.51612434631028,186.06039192892192,186.22266152832023,185.98951953320454,183.17863834776333,164.07386060932782
2012-09-30 00:00:00,147,176.51612434631028,169.7153101887501,169.7595283114163,169.65185376707106,150.7892326839827,128.56689079888366
2012-09-30 01:00:00,116,176.51612434631028,133.50218597650218,133.4652726181866,133.4362283445507,116.15578336940831,102.00770759155796
2012-09-30 02:00:00,92,176.51612434631028,109.80131734975996,109.72766864711359,109.74023037937162,87.61758957708955,77.76596887309242
2012-09-30 03:00:00,58,176.51612434631028,74.27219568866118,74.19463150215418,74.21633660271364,46.04053857253857,53.01679141058137
2012-09-30 04:00:00,7,176.51612434631028,47.55218725030683,47.50841995347818,47.44952660162649,17.183251554001558,31.656530638294228
2012-09-30 05:00:00,10,176.51612434631028,29.83104280614134,29.87561513444618,29.732241493052697,10.987359848484843,12.944737918359374
2012-09-30 06:00:00,22,176.51612434631028,67.38436091163337,67.36189227394927,67.29880820879244,22.707251554001562,45.68035150277311
2012-09-30 07:00:00,57,176.51612434631028,151.93992587106175,152.25691964536026,151.87259580104347,49.938318376068345,68.30709823335631
2012-09-30 08:00:00,144,176.51612434631028,241.26170150289664,242.1442657643027,241.22586649721552,141.17944264069268,140.37460235795044
2012-09-30 09:00:00,285,176.51612434631028,148.37929274971842,150.52991868839405,148.3701718486239,248.96728968253973,227.6319307782551
2012-09-30 10:00:00,479,176.51612434631028,340.0918703261498,340.75019344425596,340.0482181093073,416.2265484376735,398.9859274817076
2012-09-30 11:00:00,591,176.51612434631028,543.9511053730538,543.8893734613969,543.8999266542534,546.3108230519483,595.3484193295218
2012-09-30 12:00:00,680,176.51612434631028,665.1622409254566,664.8644228711277,665.092048601133,588.4179684482183,704.6735428194839
2012-09-30 13:00:00,594,176.51612434631028,677.9241653523713,677.6078840193003,677.8468898153587,592.2863183760683,683.5296075241595
2012-09-30 14:00:00,612,176.51612434631028,619.080522796643,619.1550344959142,619.0168265610306,588.2583999056498,687.8776922463485
2012-09-30 15:00:00,649,176.51612434631028,636.4567841459519,636.2163127746445,636.3700518072841,593.7971154401152,679.6549554867947
2012-09-30 16:00:00,648,176.51612434631028,705.4876178897289,705.1273401449716,705.4072057358495,569.367001859252,687.1102555881678
2012-09-30 17:00:00,575,176.51612434631028,783.329043167373,783.4547721732853,783.3037926447937,589.2378299617052,692.0165838504201
2012-09-30 18:00:00,401,176.51612434631028,563.0412285612688,564.3279303945088,563.0545365499294,536.1700407647907,554.7339964515928
2012-09-30 19:00:00,257,176.51612434631028,318.82762119226925,320.51922069047225,318.8406725304063,281.8133037934287,288.9427423712806
2012-09-30 20:00:00,194,176.51612434631028,186.06039592283997,187.2350302635062,186.06249884641173,243.42633405483411,215.0006311956342
2012-09-30 21:00:00,123,176.51612434631028,190.4493308949368,191.2553841516964,190.4104865807413,202.95463492063496,214.4703288501473
2012-09-30 22:00:00,91,176.51612434631028,127.67012869179509,128.25868388413946,127.62393568890994,140.74468777056273,158.11854599760306
2012-09-30 23:00:00,57,176.51612434631028,91.49758122531438,92.0698611927861,91.45420333526215,97.12351028138526,111.27753298569489
2012-10-01 00:00:00,45,176.51612434631028,54.533295941482066,54.9663079233689,54.584143303626405,46.0294826839827,63.60604046344883
2012-10-01 01:00:00,18,176.51612434631028,39.45731373028278,39.676394550431695,39.50175558012717,22.429282536907536,38.5749268210994
2012-10-01 02:00:00,12,176.51612434631028,27.885467419590583,28.074493080374367,27.927144663819675,11.3389880952381,17.252505505599295
2012-10-01 03:00:00,7,176.51612434631028,16.11883459201536,16.258480891332624,16.15835541118895,5.8440702075702085,10.301037954607095
2012-10-01 04:00:00,10,176.51612434631028,7.742071261916294,7.797499612996575,7.734286494771254,6.4470788655788684,7.581415686605893
2012-10-01 05:00:00,36,176.51612434631028,31.02725309146416,31.00678576852846,31.015998226996103,36.095340007215015,14.362379772763655
2012-10-01 06:00:00,155,176.51612434631028,104.81316084285544,104.67372270995419,104.81084133978408,159.33590609390612,110.22010972117775
2012-10-01 07:00:00,483,176.51612434631028,314.3364892048354,314.2686272350692,314.34553700355355,454.4486778499279,438.0923755690009
2012-10-01 08:00:00,784,176.51612434631028,580.0411104540945,579.4459784581992,580.0396746972255,646.7947874764124,687.2188768341802
2012-10-01 09:00:00,340,176.51612434631028,511.56845425271433,511.37526846046944,511.57788168221794,394.1084237706737,374.4264262059144
2012-10-01 10:00:00,179,176.51612434631028,306.8895526992129,307.20692874515396,306.93309914367785,260.7829591103342,310.7883366521319
2012-10-01 11:00:00,272,176.51612434631028,290.5427177938146,291.18174799711926,290.56121445293314,218.5932792207792,229.18662632694048
2012-10-01 12:00:00,323,176.51612434631028,379.5852007714034,380.30244561334655,379.66649961390976,388.7999020562769,435.30830236637576
2012-10-01 13:00:00,305,176.51612434631028,369.1751643551463,369.9779147655621,369.2515695320333,436.4372420634921,411.4891736076128
2012-10-01 14:00:00,244,176.51612434631028,346.7992323046652,347.752123415135,346.87803990945065,417.55021446608947,404.2919756172896
2012-10-01 15:00:00,329,176.51612434631028,330.1543646163576,331.1316411865692,330.2226535102866,337.6689682539684,334.7305303081914
2012-10-01 16:00:00,459,176.51612434631028,457.4372153906347,458.1380627810813,457.508858381383,535.2783796897548,546.6808941166487
2012-10-01 17:00:00,856,176.51612434631028,635.1744054929582,635.6020719566662,635.2386713275481,672.3986138999888,600.7799846080926
2012-10-01 18:00:00,613,176.51612434631028,720.775069954836,720.8257587425439,720.8282396956205,670.746166028416,694.846941557069
2012-10-01 19:00:00,516,176.51612434631028,477.90052373717026,478.6744324131133,477.9428352824593,508.9075262654014,463.7979659908236
2012-10-01 20:00:00,262,176.51612434631028,353.8676579679651,354.004944928411,353.91109774889594,399.62496688034196,323.1792891780529
2012-10-01 21:00:00,218,176.51612434631028,203.6165018159574,204.004013972802,203.6571285258923,224.5606776556776,221.65074084994
2012-10-01 22:00:00,207,176.51612434631028,123.83937024102813,123.87639920225473,123.8834674708728,126.86757251082247,138.53525006203756
2012-10-01 23:00:00,105,176.51612434631028,93.43403031161108,93.3556205561647,93.46979984627657,105.98162590187596,109.64846127335764
2012-10-02 00:00:00,31,176.51612434631028,67.33491416957654,67.49033072909987,67.3520227980573,54.97269658119658,79.47181103356016
2012-10-02 01:00:00,11,176.51612434631028,13.959502450454892,14.14845157544093,13.985724319435349,14.980942432567431,26.66430450174536
2012-10-02 02:00:00,2,176.51612434631028,8.422926075429672,8.567279316916512,8.450918618025014,9.165177586302589,8.151411690599456
2012-10-02 03:00:00,5,176.51612434631028,-4.534862230042506,-4.451064227993896,-4.508728078735601,4.645896284271284,6.079738458513419
2012-10-02 04:00:00,10,176.51612434631028,5.569212930177429,5.5741913795919515,5.537708217536505,6.3973265692640675,6.079738458513419
2012-10-02 05:00:00,43,176.51612434631028,31.39381375698312,31.32663803451109,31.366527167496727,36.953421356421366,12.945445068826517
2012-10-02 06:00:00,179,176.51612434631028,95.83806323707927,95.61394782413319,95.82895363348453,164.44426670551675,91.47084964261904
2012-10-02 07:00:00,260,176.51612434631028,356.8605929923416,356.7765930038098,356.86690921954687,507.5724323593074,364.86807615162684
2012-10-02 08:00:00,134,176.51612434631028,522.8224599669186,523.1702072563075,522.831103417525,478.3010900072152,494.11351678103614
2012-10-02 09:00:00,86,176.51612434631028,121.98775206817743,124.03750344780852,122.06647402251595,203.17724963924968,181.03274585853188
2012-10-02 10:00:00,45,176.51612434631028,65.18354470367626,66.08580316490358,65.24796179367951,105.21906750194248,85.04187538680286
2012-10-02 11:00:00,99,176.51612434631028,112.23124111770724,113.00780489781309,112.25969903343469,62.1972187950938,65.19893412357521
2012-10-02 12:00:00,104,176.51612434631028,213.20112606737158,213.90658353376577,213.20180358375447,186.97372222222228,219.16390283518237
2012-10-02 13:00:00,154,176.51612434631028,190.11070222770672,191.10282729710042,190.11055856247702,185.71583852258854,208.46708579040293
2012-10-02 14:00:00,163,176.51612434631028,163.15728052212668,163.95483818899993,163.16813003330958,164.15602597402602,161.11952586304847
2012-10-02 15:00:00,209,176.51612434631028,197.53397483105684,198.30927555738134,197.55857891262616,185.79003625541128,168.87464237077265
2012-10-02 16:00:00,374,176.51612434631028,316.8481312247336,317.4339117910648,316.86304017408565,259.5557285353536,245.07693740034046
2012-10-02 17:00:00,715,176.51612434631028,638.8735695344867,639.5519453045291,638.9048089605823,745.3047792485293,583.4696335052579
2012-10-02 18:00:00,687,176.51612434631028,658.2068006157984,658.4856919073709,658.2211166963622,632.4882620851371,590.4759167138607
2012-10-02 19:00:00,395,176.51612434631028,511.9892405356977,512.2730805074575,511.9849489715507,435.4072541486292,423.19240376969833
2012-10-02 20:00:00,306,176.51612434631028,287.1705435676421,287.4430901928879,287.17497523829434,326.20205606893103,268.0492348685447
2012-10-02 21:00:00,289,176.51612434631028,216.08817183452356,216.08041395954734,216.085712939687,198.78143027805527,201.90790024755785
2012-10-02 22:00:00,240,176.51612434631028,218.803542909152,218.50079257194494,218.7745975393981,193.92680097680096,212.4095618650143
2012-10-02 23:00:00,98,176.51612434631028,154.59246993793528,154.25949456254097,154.55602265754268,143.7580271117771,153.56354040115139
2012-10-03 00:00:00,52,176.51612434631028,18.46081300727431,18.327220362654174,18.44949665643358,43.52602977577977,64.14116869907481
2012-10-03 01:00:00,19,176.51612434631028,28.015293160623543,27.887903262823215,27.98596824689696,25.902462481962495,32.01168466009339
2012-10-03 02:00:00,9,176.51612434631028,11.839857604205207,11.704253024477481,11.813652115329745,10.457637737262736,11.645917016985981
2012-10-03 03:00:00,7,176.51612434631028,3.3131736535209484,3.1331480274799617,3.276235645664485,5.3244429875679895,6.019355702086607
2012-10-03 04:00:00,11,176.51612434631028,6.436428460414561,6.1162707261038065,6.3331784428959,6.739862540237543,6.019355702086607
2012-10-03 05:00:00,34,176.51612434631028,29.6982818140431,29.429348836400493,29.62881828750767,35.9014687950938,14.059740855463856
2012-10-03 06:00:00,177,176.51612434631028,123.0363853499565,122.67015359862494,122.96523329348958,168.0175558469309,117.88536195389293
2012-10-03 07:00:00,515,176.51612434631028,348.34968844334975,347.81913937396837,348.2805641897079,505.4702090548342,436.62894506341325
2012-10-03 08:00:00,809,176.51612434631028,613.9076832041391,612.682145809076,613.8307439731058,663.8407417721166,651.5473040400725
2012-10-03 09:00:00,362,176.51612434631028,493.9380105287421,493.26033734414887,493.9042457607883,324.98694377844384,369.95490594485335
2012-10-03 10:00:00,175,176.51612434631028,252.75496975468815,252.5366127395804,252.7461628259901,201.9802774170274,254.72597496938326
2012-10-03 11:00:00,230,176.51612434631028,210.08152391171737,210.27184146944714,210.05486296803974,199.65212094849605,208.77774258522794
2012-10-03 12:00:00,358,176.51612434631028,267.7999576691052,267.9178162148834,267.781109493396,282.9906994949494,291.56105172290535
2012-10-03 13:00:00,279,176.51612434631028,327.457344604928,327.52630997216943,327.44255676967236,346.0460456349205,365.34128194246233
2012-10-03 14:00:00,251,176.51612434631028,260.68255130242886,261.1044930083785,260.6800493357076,245.20329521867015,295.2931505608529
2012-10-03 15:00:00,319,176.51612434631028,272.14362658738946,272.648107080526,272.1475721045148,304.3882114135865,298.21321271707484
2012-10-03 16:00:00,478,176.51612434631028,409.21386531102803,409.472183207448,409.2002224858828,433.9721465756469,442.1407847283957
2012-10-03 17:00:00,917,176.51612434631028,725.2637219345663,725.511653604312,725.2589858499223,763.4857269119769,730.9651706141543
2012-10-03 18:00:00,810,176.51612434631028,848.4508149070101,848.219460124278,848.4429923581924,770.0568472222225,767.0179186846681
2012-10-03 19:00:00,593,176.51612434631028,633.0740611669215,633.0398880280243,633.053926181347,592.5872840909091,578.5916109217767
2012-10-03 20:00:00,497,176.51612434631028,461.0015448073103,460.7539552396096,460.982337519421,402.1258995726496,433.40371570762625
2012-10-03 21:00:00,209,176.51612434631028,389.80626557889155,389.41098817256693,389.79848000181255,337.7695762293263,362.2486006678387
2012-10-03 22:00:00,241,176.51612434631028,196.38476673001202,196.6113193156183,196.39232713366775,176.48647546897544,186.88663124982554
2012-10-03 23:00:00,220,176.51612434631028,161.43646113330297,161.24459774921291,161.42314225204407,148.21597552447548,154.54991386891822
2012-10-04 00:00:00,76,176.51612434631028,98.38990976463032,97.90105255414142,98.38375779011425,113.70200793650791,112.15843146337423
2012-10-04 01:00:00,25,176.51612434631028,41.183369501398715,40.96635778101404,41.15807012184138,28.854250929625938,33.66993237178288
2012-10-04 02:00:00,13,176.51612434631028,24.35625915948657,24.239092303866244,24.340713916837075,10.648357503607501,18.516494386447217
2012-10-04 03:00:00,11,176.51612434631028,6.541553209690505,6.465840514355563,6.53644056579833,5.697117715617718,5.908708634237212
2012-10-04 04:00:00,10,176.51612434631028,10.282593811632609,10.127076448195595,10.223424105985146,7.428343434343431,6.019355702086607
2012-10-04 05:00:00,39,176.51612434631028,0.9920062971854122,0.7458040660575023,0.9574154643255781,39.337615079365094,5.003977450844284
2012-10-04 06:00:00,133,176.51612434631028,89.47826383359488,89.08089380356822,89.43848177921546,156.27845985958496,89.33502062513895
2012-10-04 07:00:00,391,176.51612434631028,366.89464527927396,366.75084534032436,366.86187935987095,349.14622871572857,407.0469181489576
2012-10-04 08:00:00,738,176.51612434631028,636.1591533585917,635.6603352372732,636.1101281590754,658.6471720224217,732.5716777253019
2012-10-04 09:00:00,359,176.51612434631028,490.90057172681963,490.5465799133792,490.8734515190123,334.7685891330893,362.8206295543861
2012-10-04 10:00:00,177,176.51612434631028,265.7704357055263,265.6318011695108,265.7767757897284,201.8856206709957,249.98036027806955
2012-10-04 11:00:00,214,176.51612434631028,240.3882126519962,240.73289264810123,240.38291265446622,214.03938131313143,233.8772485889067
2012-10-04 12:00:00,288,176.51612434631028,302.2537978435844,302.6370384743328,302.2555223670985,274.2452063492063,283.6082775653867
2012-10-04 13:00:00,294,176.51612434631028,303.25011949767884,303.6009759852773,303.24936383785365,298.53601749639256,314.3485749501315
2012-10-04 14:00:00,267,176.51612434631028,285.200877610826,285.57314882316064,285.1953567838308,262.7075717893217,303.9875674981098
2012-10-04 15:00:00,325,176.51612434631028,303.6856636005288,304.1591806388811,303.68542503177326,333.895228979354,341.0299200471174
2012-10-04 16:00:00,497,176.51612434631028,430.5515720392294,430.8737761658531,430.5599776778208,461.2368366494617,472.9249669825252
2012-10-04 17:00:00,901,176.51612434631028,754.8011963242766,755.1155292675163,754.8214830177653,825.0442586580086,799.4365394072188
2012-10-04 18:00:00,887,176.51612434631028,857.6585548989889,857.5806347995092,857.6765483397968,805.7402355699855,815.3766758214106
2012-10-04 19:00:00,534,176.51612434631028,689.9226806842639,689.742064733025,689.9228554763814,601.2412499999999,614.4110765420385
2012-10-04 20:00:00,441,176.51612434631028,454.4043221958939,454.5616656532925,454.42378101140525,465.0005034271287,429.17997113010796
2012-10-04 21:00:00,321,176.51612434631028,330.08688065374577,329.82512034324975,330.10228917716506,300.9714920634921,319.9812739209921
2012-10-04 22:00:00,232,176.51612434631028,231.03690206768206,231.00716375819152,231.07361090256532,240.3604694749695,244.73236877923492
2012-10-04 23:00:00,155,176.51612434631028,167.45425197224571,167.72931529936187,167.5257358731668,172.35804392829388,176.8163916866739
2012-10-05 00:00:00,102,176.51612434631028,96.65476575701715,96.5959690555316,96.67205912796456,94.92695283882782,103.0646081669988
2012-10-05 01:00:00,46,176.51612434631028,63.32606649254575,63.265645011539775,63.35299521531813,49.21854184704185,72.80774115208567
2012-10-05 02:00:00,11,176.51612434631028,34.533081905313196,34.523710540925606,34.562073508791016,19.833453879453867,25.797954723560892
2012-10-05 03:00:00,16,176.51612434631028,13.397845705216724,13.47618418919032,13.42485645400646,6.234617826617828,7.683145248052685
2012-10-05 04:00:00,11,176.51612434631028,20.316893771480864,20.287691646514872,20.290024345148737,9.231352647352649,6.906668321980476
2012-10-05 05:00:00,41,176.51612434631028,38.24664608849369,38.17376330427629,38.225735512045546,35.04905939893442,14.333227680906196
2012-10-05 06:00:00,137,176.51612434631028,119.95368530029066,119.73038450413479,119.93499538940688,149.69786788211792,116.91339318209799
2012-10-05 07:00:00,428,176.51612434631028,322.03733940710254,321.8097369664084,322.03227314688036,365.9722285908536,387.56559700151274
2012-10-05 08:00:00,785,176.51612434631028,632.7124303448056,632.1757578252617,632.6953833971542,652.1713253968255,735.2393366363794
2012-10-05 09:00:00,384,176.51612434631028,549.5821264186842,549.4219390612009,549.6115822509579,385.19529834054816,391.9450682625387
2012-10-05 10:00:00,260,176.51612434631028,304.4078302566934,304.3014615379831,304.4219004859346,245.81210139860133,286.3734565687697
2012-10-05 11:00:00,304,176.51612434631028,311.02112135781886,311.08825770831106,311.0092456528661,298.08033585858595,298.8746541479037
2012-10-05 12:00:00,468,176.51612434631028,364.5287414395133,364.49417070949823,364.50098125410284,355.34999116161634,373.2645582789496
2012-10-05 13:00:00,424,176.51612434631028,440.51979090752366,440.2388470798455,440.484207655825,398.1011024392275,436.1083368208231
2012-10-05 14:00:00,400,176.51612434631028,401.4625164900194,401.35061134241414,401.41159650319764,387.7891816378066,431.27009045983976
2012-10-05 15:00:00,470,176.51612434631028,406.21464027039167,406.24082308263485,406.1912502064001,442.3429047619045,436.23311543071856
2012-10-05 16:00:00,634,176.51612434631028,534.1902201702571,533.9854537488839,534.1582795670134,529.1088205266955,598.3378268846765
2012-10-05 17:00:00,900,176.51612434631028,815.6584890398331,815.404619830443,815.6552457526956,784.8936563852815,813.9621913737924
2012-10-05 18:00:00,761,176.51612434631028,818.7231082165493,818.6774668617146,818.7727059871313,757.5046412337666,770.262204437547
2012-10-05 19:00:00,500,176.51612434631028,591.3313495213534,591.5089124323308,591.3565686326469,481.50949175824184,516.4667905636148
2012-10-05 20:00:00,372,176.51612434631028,396.8905097286467,397.067791684815,396.9243036908441,378.41327705627714,371.3164985441013
2012-10-05 21:00:00,267,176.51612434631028,298.2782950057683,298.3721686469032,298.3287576080294,276.88033044733044,290.56138360056667
2012-10-05 22:00:00,264,176.51612434631028,224.05662436447827,224.29169570432833,224.1145013780328,209.10870436507935,227.3861672882046
2012-10-05 23:00:00,171,176.51612434631028,199.74328352369523,199.6736495277325,199.76440211442582,182.30069264069272,200.44486689151577
2012-10-06 00:00:00,191,176.51612434631028,130.89894626776942,130.83894080751747,130.90493357035132,130.25602985902984,125.41535759426684
2012-10-06 01:00:00,141,176.51612434631028,129.77968135382082,129.3736694978217,129.77918466172196,117.846862956488,120.83188661902359
2012-10-06 02:00:00,75,176.51612434631028,102.52058279956682,102.15340060459641,102.52243502935141,98.12278697691201,91.05411312883427
2012-10-06 03:00:00,56,176.51612434631028,49.90424196405198,49.75267349831216,49.919374224513604,32.6831084054834,40.32102158813789
2012-10-06 04:00:00,11,176.51612434631028,37.39118419965669,37.19867071781982,37.35566642434931,16.96406288156288,31.204077338514324
2012-10-06 05:00:00,10,176.51612434631028,28.90367977884071,28.790377787415025,28.872719820469285,12.092011932511928,16.130400012657972
2012-10-06 06:00:00,30,176.51612434631028,76.2202783309758,76.05313095403959,76.20028602665597,29.080542027417014,53.58928193289524
2012-10-06 07:00:00,84,176.51612434631028,196.47701816670184,196.57188651766867,196.48475701209924,64.32845809745808,91.43956303165623
2012-10-06 08:00:00,206,176.51612434631028,331.52523104790043,332.09759668524714,331.55121599310326,183.60436056998554,209.12836089305662
2012-10-06 09:00:00,395,176.51612434631028,193.27176998323708,195.0609534308202,193.34185514958597,306.41785854423347,252.0941325900587
2012-10-06 10:00:00,539,176.51612434631028,356.81584874803536,356.82085762393376,356.8456605872361,418.3633190004444,437.3687574254097
2012-10-06 11:00:00,647,176.51612434631028,536.122571527579,535.2628908795583,536.0733687324159,564.96764484127,555.2369653743107
2012-10-06 12:00:00,743,176.51612434631028,644.6585479845265,643.6276943012306,644.5938193757024,584.8690968337221,636.2603072286008
2012-10-06 13:00:00,710,176.51612434631028,651.2158535508904,650.2039362464234,651.1937275410577,626.4779528388282,654.148855308674
2012-10-06 14:00:00,576,176.51612434631028,631.4099500946272,630.7745077357811,631.4234649053656,634.0176413308917,693.4358503783324
2012-10-06 15:00:00,620,176.51612434631028,583.3457469014371,583.2432671995692,583.3788461885009,574.0267496253747,611.1087596633415
2012-10-06 16:00:00,659,176.51612434631028,666.2894139283379,666.0655816616168,666.3395634049574,566.1772150627149,692.3781381433379
2012-10-06 17:00:00,610,176.51612434631028,795.9494046478392,795.7386218512399,795.9815313630305,652.689752580753,704.1643212392091
2012-10-06 18:00:00,495,176.51612434631028,609.9763195504526,610.9788328983398,610.063755076701,571.7476239177489,632.933399042052
2012-10-06 19:00:00,341,176.51612434631028,420.9581386504667,422.19205025903557,421.02592517760525,425.4308997114,393.2898773518926
2012-10-06 20:00:00,247,176.51612434631028,288.0646602036426,288.9301840755084,288.12970378222747,310.70349242424237,317.20523137455524
2012-10-06 21:00:00,215,176.51612434631028,226.75880698773622,227.34003621748482,226.80998814850946,263.2050194805194,260.08801040907053
2012-10-06 22:00:00,185,176.51612434631028,196.550947630754,197.06095191243963,196.6060700290413,209.58888744588742,229.33363540722527
2012-10-06 23:00:00,179,176.51612434631028,155.31059905121592,155.69058388128002,155.35763896630692,154.67895626595623,166.55924536868292
2012-10-07 00:00:00,127,176.51612434631028,143.88697064537493,144.03460035769558,143.94525421683934,134.2712691197691,139.0473980376397
2012-10-07 01:00:00,109,176.51612434631028,106.87920079975493,106.98411405921101,106.9432746706179,93.49420948495947,92.19748320030244
2012-10-07 02:00:00,74,176.51612434631028,88.06275596533368,87.99502750347894,88.11774394116358,84.85694552669547,73.4489206534867
2012-10-07 03:00:00,22,176.51612434631028,50.93387981854465,50.97390570419377,50.99596423870781,54.10250133200134,42.462285968419394
2012-10-07 04:00:00,11,176.51612434631028,6.859796683857297,6.999078002844925,6.886880094786051,10.031110750360751,20.410791763371094
2012-10-07 05:00:00,10,176.51612434631028,15.084548469230157,15.160440517350168,15.108076577954108,9.539072788322786,14.362724205226325
2012-10-07 06:00:00,23,176.51612434631028,50.6934581769102,50.693796262967425,50.72800404227107,25.552403429903435,44.51985436723349
2012-10-07 07:00:00,35,176.51612434631028,98.39491534016669,98.4957815736231,98.4626041790039,47.30930791430792,36.107399413262215
2012-10-07 08:00:00,62,176.51612434631028,163.159465373348,163.7202531743477,163.24297075137488,95.515733016983,50.0320349321882
2012-10-07 09:00:00,86,176.51612434631028,52.799129843610984,55.141964245288165,52.93622463753415,112.02240782828285,77.63490333661355
2012-10-07 10:00:00,185,176.51612434631028,203.60764497627764,204.96563109375762,203.71443082783128,172.26932499444993,239.00061571694164
2012-10-07 11:00:00,336,176.51612434631028,347.82119161672557,348.47478456276815,347.8653043787467,273.72411345598834,326.4325459377177
2012-10-07 12:00:00,392,176.51612434631028,480.03399381034774,480.39519243335315,480.0688566566988,501.83814274614264,551.4199700594518
2012-10-07 13:00:00,320,176.51612434631028,463.36572293799486,463.7024850801763,463.3942514852065,503.6352492784995,537.6197127427067
2012-10-07 14:00:00,314,176.51612434631028,397.39807390313376,397.9552768571259,397.4272711923054,493.1065516844267,452.08921889797847
2012-10-07 15:00:00,306,176.51612434631028,384.6815214517776,385.2572002086906,384.73935604121107,474.8930613969364,375.59584261812546
2012-10-07 16:00:00,333,176.51612434631028,420.6786476214244,421.2556253299132,420.75086235127526,481.6302994782993,382.2706555508774
2012-10-07 17:00:00,157,176.51612434631028,486.6535349197087,487.2873781674275,486.74944282332774,411.2024878038628,348.73583746771385
2012-10-07 18:00:00,106,176.51612434631028,221.0922887015307,223.37297582430753,221.25159607454185,185.53540349927837,120.67313550630539
2012-10-07 19:00:00,114,176.51612434631028,115.36211632319905,117.72527089060696,115.48082418799954,182.97035067710058,170.13586321660006
2012-10-07 20:00:00,116,176.51612434631028,106.95019740964122,108.41513125589765,107.04159891849974,169.79308315295805,145.92380838190346
2012-10-07 21:00:00,113,176.51612434631028,100.54953218203306,101.39844692299361,100.62115193970476,137.0200643939394,160.46737973105613
2012-10-07 22:00:00,79,176.51612434631028,92.26187032280224,92.9535132947033,92.33295430119213,134.80266865079363,150.87958846190799
2012-10-07 23:00:00,80,176.51612434631028,58.733262736605184,59.2369729065653,58.77166831882849,92.40235506160508,97.40438922455874
2012-10-08 00:00:00,51,176.51612434631028,49.502921253040284,49.912832993327186,49.6057781543748,61.109968614718625,77.97237160369089
2012-10-08 01:00:00,37,176.51612434631028,31.79238474845235,31.918650541949006,31.855137566287382,34.89615727328228,40.28440779377598
2012-10-08 02:00:00,15,176.51612434631028,23.310576466993155,23.323685717388372,23.377636713936795,19.662034243534244,26.698275186646583
2012-10-08 03:00:00,10,176.51612434631028,2.296320070400867,2.3965916703236587,2.3724332549809617,7.862889013764015,6.774383122030212
2012-10-08 04:00:00,7,176.51612434631028,1.1017074000099285,1.1266374340455343,1.1257634080411947,6.293447691197693,6.179977688048166
2012-10-08 05:00:00,19,176.51612434631028,16.624571225767255,16.505908657473668,16.63521353590275,28.858355630480638,7.872445039635035
2012-10-08 06:00:00,59,176.51612434631028,83.0231375504718,82.90898091915513,83.05839113278657,57.924762445887424,56.74645120689284
2012-10-08 07:00:00,154,176.51612434631028,227.1755457026012,227.13284014229632,227.21354598426797,131.80433856421348,178.11967482307173
2012-10-08 08:00:00,397,176.51612434631028,370.1423273422147,370.2972886062387,370.1904241366496,366.62864008214007,351.3729572727408
2012-10-08 09:00:00,332,176.51612434631028,244.83353443819624,245.7930247184163,244.9353494528794,353.5034065656566,310.757705225525
2012-10-08 10:00:00,298,176.51612434631028,231.14108714463333,231.19803667618805,231.2366518995256,228.91712565212555,262.4509120317294
2012-10-08 11:00:00,308,176.51612434631028,301.8553471223423,301.76226581191406,301.91259950404805,285.17763023088037,329.9079709579055
2012-10-08 12:00:00,341,176.51612434631028,336.791687574309,336.8557193790074,336.85851660241167,336.1074524503274,388.7916268419639
2012-10-08 13:00:00,405,176.51612434631028,315.79691183955697,315.9475862436236,315.8599739535857,328.26062283549794,329.7123168604166
2012-10-08 14:00:00,420,176.51612434631028,329.94074540706555,329.84617315554215,329.9935523844797,323.683462842713,349.4056631709635
2012-10-08 15:00:00,370,176.51612434631028,334.12359732809466,333.9644958765309,334.2002130743813,370.17097564935057,349.9037809880167
2012-10-08 16:00:00,377,176.51612434631028,372.5327170393359,372.5812173347597,372.62541509452166,360.03434004883997,319.89140324325456
2012-10-08 17:00:00,497,176.51612434631028,537.3862618000609,537.5845489236061,537.4661893641339,528.9793369963369,524.6545353657697
2012-10-08 18:00:00,456,176.51612434631028,437.67155689008746,438.52852695930085,437.7908778956855,535.9402302142299,486.82843478521664
2012-10-08 19:00:00,371,176.51612434631028,334.380365194619,335.4115091767162,334.48691156193286,437.2086728132979,366.0681276533584
2012-10-08 20:00:00,227,176.51612434631028,206.97102773638747,207.4424009894167,207.09058732208933,284.92488990176486,248.07947332872646
2012-10-08 21:00:00,151,176.51612434631028,160.4071850296108,160.88337429869262,160.50729261997412,190.8438152958153,185.55145251095763
2012-10-08 22:00:00,107,176.51612434631028,79.34458290624542,79.88508918718642,79.46907413429699,134.61696482683985,125.04271165611136
2012-10-08 23:00:00,69,176.51612434631028,63.08062861284162,63.66537151939701,63.18999022952798,104.23909870684871,108.94748595148525
2012-10-09 00:00:00,31,176.51612434631028,30.79776691029079,31.232149598852885,30.859599128482955,54.568024808524825,68.00723889380293
2012-10-09 01:00:00,13,176.51612434631028,-25.34641504771733,-25.17518530402441,-25.297930267072076,22.27681818181817,20.43865635971058
2012-10-09 02:00:00,7,176.51612434631028,-35.117177405333706,-35.132416730684014,-35.08273919151745,6.726979062604064,-1.2896332567631454
2012-10-09 03:00:00,3,176.51612434631028,-40.452543172648575,-40.46034885698148,-40.41652460679515,4.023686507936508,-2.5384870484368345
2012-10-09 04:00:00,7,176.51612434631028,-36.542683779071155,-36.56411035677087,-36.550628616824184,5.689327380952381,-0.8654169073826978
2012-10-09 05:00:00,19,176.51612434631028,20.35106818977573,20.390262589544704,20.3554206633425,32.25381007881008,12.888666625101084
2012-10-09 06:00:00,143,176.51612434631028,90.93131593880486,90.8517642321568,90.94158426207868,108.7266341436342,82.29958157212225
2012-10-09 07:00:00,362,176.51612434631028,258.24790659954124,257.78851454609173,258.24732844621593,423.4621289682538,387.25985606829533
2012-10-09 08:00:00,713,176.51612434631028,411.38718000659287,410.62528762559793,411.3918859854256,538.9837795954044,509.83341618394974
2012-10-09 09:00:00,382,176.51612434631028,417.16341723547987,416.9869890269946,417.18948975972205,339.038111000111,322.96631241960984
2012-10-09 10:00:00,164,176.51612434631028,256.8601770491921,256.78383679132884,256.9082661142148,249.6638571844821,281.8883618287917
2012-10-09 11:00:00,193,176.51612434631028,193.70322298240055,193.998500173612,193.72407547395977,202.33212391774887,211.73309147487055
2012-10-09 12:00:00,260,176.51612434631028,227.469307737078,227.83491679080066,227.49823994470083,239.76819959207464,251.50987857304176
2012-10-09 13:00:00,238,176.51612434631028,261.89913861442795,262.346520024953,261.9179103595919,268.12710304972796,305.95759306636904
2012-10-09 14:00:00,244,176.51612434631028,243.15573019871368,243.71223106729195,243.173918380639,245.30813497613497,275.4948377533835
2012-10-09 15:00:00,254,176.51612434631028,263.09236674235683,263.5702326060798,263.11232404142606,265.6842067654567,282.67758319348127
2012-10-09 16:00:00,424,176.51612434631028,337.4225706143428,337.79974388977615,337.4459483347626,382.2341336580086,371.39686726220657
2012-10-09 17:00:00,806,176.51612434631028,593.6013719124134,593.5192312638615,593.6157552519287,668.4878403263401,678.8187608157859
2012-10-09 18:00:00,784,176.51612434631028,689.8278546492356,689.6305691426664,689.856625287241,674.6222078754578,649.7317021398995
2012-10-09 19:00:00,514,176.51612434631028,546.7578148086599,546.5758385711346,546.7707395892592,494.3345513375513,452.28713234107954
2012-10-09 20:00:00,360,176.51612434631028,360.02075292173515,360.0259947459833,360.0471881420082,336.7679522005772,341.17960296147265
2012-10-09 21:00:00,225,176.51612434631028,268.0168385698339,267.9855002557699,268.04138097969314,258.47334164446664,280.9302575925273
2012-10-09 22:00:00,162,176.51612434631028,179.0269055439728,179.28102288327105,179.06102601836722,178.06903084415583,172.0439680514551
2012-10-09 23:00:00,84,176.51612434631028,103.40781206683533,103.70972053713848,103.44473121028808,98.7079932983683,133.3850652437608
2012-10-10 00:00:00,33,176.51612434631028,43.7098952857788,43.99445144365097,43.74374075054496,57.4297270923521,75.52831229919349
2012-10-10 01:00:00,8,176.51612434631028,13.0466685339413,13.270703904707347,13.074596238209665,20.989537837162835,29.52565757835119
2012-10-10 02:00:00,8,176.51612434631028,1.5456763372034743,1.6712161849424945,1.57273620724456,5.443770451770451,7.761631074516278
2012-10-10 03:00:00,6,176.51612434631028,-0.7457184868091815,-0.6406724726016932,-0.7193712043180938,4.685384740259743,6.995518038798672
2012-10-10 04:00:00,6,176.51612434631028,1.5947267572881572,1.6386879200666158,1.575408647850253,5.481689615939616,6.995518038798672
2012-10-10 05:00:00,40,176.51612434631028,20.060208634802365,19.997851103649822,20.040527532642585,28.788996406371417,12.470921928588009
2012-10-10 06:00:00,175,176.51612434631028,117.41938839269916,117.1945700103717,117.40244499993739,159.9473948412699,109.95509136632518
2012-10-10 07:00:00,507,176.51612434631028,362.12662806840854,361.7272913295426,362.1065448832354,524.6208632756137,447.2508937812085
2012-10-10 08:00:00,839,176.51612434631028,689.612082660703,688.9274088761749,689.5927721064378,648.8143794677546,734.085623151641
2012-10-10 09:00:00,366,176.51612434631028,567.0539921820712,566.6547380330554,567.0527239151428,378.56195500332996,470.4521831607397
2012-10-10 10:00:00,217,176.51612434631028,269.5437738980384,269.5497642785505,269.5745586192339,198.3382840909091,269.01167195608065
2012-10-10 11:00:00,291,176.51612434631028,247.04691616573368,247.18621275963955,247.04673804795044,225.1175214646464,242.38280419937917
2012-10-10 12:00:00,390,176.51612434631028,335.6998931090386,335.81716358743336,335.7027943357582,336.9824076479077,362.99440987023695
2012-10-10 13:00:00,297,176.51612434631028,353.96408024524646,353.9384774144065,353.94362646743673,348.09800455100464,385.71946956279595
2012-10-10 14:00:00,271,176.51612434631028,284.7421135526037,285.3092590550179,284.78800611220356,265.79144064962816,293.6577062233585
2012-10-10 15:00:00,319,176.51612434631028,298.91852276483166,299.5226414283003,298.9674937202254,296.9276277888779,321.14829183793967
2012-10-10 16:00:00,566,176.51612434631028,418.06165093649975,418.540674058037,418.119817784945,461.00978878066365,469.3012669046123
2012-10-10 17:00:00,948,176.51612434631028,773.2307230620854,772.9418225065564,773.2318439922622,752.6625266955266,769.838332380196
2012-10-10 18:00:00,844,176.51612434631028,850.1700071215965,849.7651598764087,850.1894464129676,742.0465054112555,813.4937062931114
2012-10-10 19:00:00,566,176.51612434631028,641.912677251288,641.7947967218433,641.9446303418589,578.9537085553338,567.6155253129504
2012-10-10 20:00:00,392,176.51612434631028,453.3512354263744,453.4071399620275,453.39244173531426,421.0621522366521,437.5526045598787
2012-10-10 21:00:00,269,176.51612434631028,287.41145513188343,287.3370977689688,287.44970531962815,244.1055153318904,288.91762315971175
2012-10-10 22:00:00,197,176.51612434631028,216.80905487386897,216.996200675505,216.85883294872718,219.4016681096682,220.63887717054934
2012-10-10 23:00:00,136,176.51612434631028,155.8404401040576,156.15311510386135,155.88916263417283,142.38235984848487,147.05836954825372
2012-10-11 00:00:00,42,176.51612434631028,88.90031919552658,89.164142399215,88.95875576639077,69.01992406204909,98.20559706053872
2012-10-11 01:00:00,11,176.51612434631028,26.79892937081135,27.179783481975846,26.867245468798018,24.582937049062053,36.83286864252883
2012-10-11 02:00:00,11,176.51612434631028,11.963547241525362,12.27469911027319,12.031579884201648,6.363054383116881,11.745019819064622
2012-10-11 03:00:00,3,176.51612434631028,7.540246979702687,7.854718215165548,7.618407633761393,6.063700036075036,10.978906783347005
2012-10-11 04:00:00,10,176.51612434631028,5.9788333517197145,6.242953758782903,6.006579988301866,5.45514502164502,10.662468104416808
2012-10-11 05:00:00,42,176.51612434631028,32.55780948072436,32.62961346582006,32.564363727461085,33.0431017871018,16.698559713078335
2012-10-11 06:00:00,159,176.51612434631028,120.29504172182403,120.1989929398302,120.30560292528713,149.969108044733,124.32083176148045
2012-10-11 07:00:00,478,176.51612434631028,345.2671636816108,345.0361012352813,345.2754968670402,440.2221616055512,435.9142145313481
2012-10-11 08:00:00,798,176.51612434631028,671.0619037694363,670.7943722198878,671.1178309353725,744.2701428432681,794.6994396180348
2012-10-11 09:00:00,355,176.51612434631028,534.2326518827108,534.1731236439441,534.2910632874008,364.98134346209326,415.1712528729001
2012-10-11 10:00:00,204,176.51612434631028,265.65021633812046,265.9000268996962,265.7303031892906,217.1214188311689,274.8386476754176
2012-10-11 11:00:00,251,176.51612434631028,251.72739238073387,252.12208695345126,251.75962615472696,231.03288825063814,239.4613639642421
2012-10-11 12:00:00,326,176.51612434631028,319.3386575827034,319.81015050475014,319.3788073004119,326.93016558441553,356.8290986493932
2012-10-11 13:00:00,291,176.51612434631028,326.3756593863434,326.7619115088045,326.40147690094716,323.753755022755,329.79985754773844
2012-10-11 14:00:00,348,176.51612434631028,287.3113294177995,287.8128055938425,287.3337066974873,284.2436332972583,300.81819750711827
2012-10-11 15:00:00,460,176.51612434631028,351.01957354691655,351.25890162256326,351.0392606176241,358.4034039571538,354.79355770509386
2012-10-11 16:00:00,481,176.51612434631028,521.0762525533864,521.0538311891006,521.1020782886645,501.83242159229644,571.2737255628354
2012-10-11 17:00:00,827,176.51612434631028,736.0244800038765,736.2180023965517,736.0731482999602,747.7811064074816,762.2080134703727
2012-10-11 18:00:00,692,176.51612434631028,806.9527967941717,807.1429836127103,807.0139711371997,757.7235043151297,797.9422832263671
2012-10-11 19:00:00,743,176.51612434631028,556.5608763227921,557.0228775288815,556.6140706691341,503.379915223665,504.2952216078275
2012-10-11 20:00:00,415,176.51612434631028,546.7962390303258,546.1561096937078,546.8193007798367,425.2895535714283,461.94884789987753
2012-10-11 21:00:00,260,176.51612434631028,328.4749379856935,328.4068753992574,328.5168542846786,280.9275238233988,330.3674836210799
2012-10-11 22:00:00,177,176.51612434631028,212.67655220784383,212.87717483058668,212.73179299507942,202.84757510545006,212.8486045296222
2012-10-11 23:00:00,186,176.51612434631028,138.50742157079978,138.86659474174235,138.5646388531251,142.18731758519255,138.19118739359826
2012-10-12 00:00:00,68,176.51612434631028,120.95967523814062,120.98485340188462,121.0128704936813,99.59669805194808,117.78184650013822
2012-10-12 01:00:00,37,176.51612434631028,44.023109188703785,44.23575997485159,44.082610670165025,38.508814380064386,44.926731876719316
2012-10-12 02:00:00,16,176.51612434631028,24.959840632900722,25.103485891428562,25.020397655764725,18.237354617604623,26.286641566282885
2012-10-12 03:00:00,6,176.51612434631028,9.381774124881161,9.50358013056487,9.429383422368232,6.479164502164504,7.626201774586819
2012-10-12 04:00:00,8,176.51612434631028,7.205112992923347,7.291270319903589,7.203709031089062,6.408593975468973,7.486899120373786
2012-10-12 05:00:00,35,176.51612434631028,30.807330953291313,30.7748203688991,30.801809232466653,32.86600703463205,14.136981553227294
2012-10-12 06:00:00,143,176.51612434631028,113.12925889327803,112.96491143452698,113.13166271800951,148.75829996392503,116.26769699657387
2012-10-12 07:00:00,392,176.51612434631028,340.0127224167254,339.8171234141792,340.01977927347696,419.55363961038967,448.73729774140423
2012-10-12 08:00:00,745,176.51612434631028,629.6701915401262,629.5598416725911,629.6969922111466,666.947690947941,753.1738310157133
2012-10-12 09:00:00,400,176.51612434631028,514.4103503590547,514.4593464605686,514.4525380277294,373.77777798590284,387.3195903159683
2012-10-12 10:00:00,275,176.51612434631028,312.9293936954374,312.9876664450872,312.98838409807644,275.969778138528,317.8595063492825
2012-10-12 11:00:00,313,176.51612434631028,304.0148612126643,304.1116215779359,304.0398422457422,285.90195093795097,306.9333039800803
2012-10-12 12:00:00,387,176.51612434631028,379.23750413902496,379.4542872525442,379.2734180634747,380.6212171717172,400.5831892207085
2012-10-12 13:00:00,381,176.51612434631028,384.71813316027715,384.8414762188668,384.7356957228954,392.6552352092352,420.48263044598804
2012-10-12 14:00:00,371,176.51612434631028,372.5950309603709,372.84441984068457,372.6214803748626,357.6801481851481,412.5210913387686
2012-10-12 15:00:00,455,176.51612434631028,407.9092836798178,408.2217036251683,407.9483081280947,389.83296103896095,418.87216379624977
2012-10-12 16:00:00,520,176.51612434631028,526.9611640336656,526.956903162065,527.0064123800665,531.6760598845599,585.9392270419795
2012-10-12 17:00:00,837,176.51612434631028,736.7899715790506,736.774258872102,736.8503663613723,734.1480160395164,749.2091598864637
2012-10-12 18:00:00,642,176.51612434631028,761.7597141207672,761.7362238394471,761.8337422448215,641.9243001304252,744.0538807556921
2012-10-12 19:00:00,493,176.51612434631028,545.128601631925,546.0238722290694,545.2224243412431,628.8050068542566,540.0881218957588
2012-10-12 20:00:00,308,176.51612434631028,393.10224689912457,393.40428475794226,393.17093150689226,361.11513833388847,372.1996836816006
2012-10-12 21:00:00,190,176.51612434631028,252.6175664245439,252.93097242776227,252.69033830724345,236.94261131923642,253.9771512455979
2012-10-12 22:00:00,160,176.51612434631028,174.781537310696,175.29326558406615,174.87015699525523,175.19895977633485,186.98656228802764
2012-10-12 23:00:00,100,176.51612434631028,134.94167309350144,135.34855725847285,135.00181235871315,129.0927250527251,143.4945348803751
2012-10-13 00:00:00,249,176.51612434631028,90.99807527203733,91.36859747643277,91.04727410625145,89.33249087024087,93.44362667261467
2012-10-13 01:00:00,146,176.51612434631028,168.33082828775406,167.92306108403707,168.354372334806,210.37826437451443,163.1980011366705
2012-10-13 02:00:00,67,176.51612434631028,97.52022257597426,97.29480423000228,97.5563397300677,96.55844769119774,92.98957869668625
2012-10-13 03:00:00,15,176.51612434631028,43.42573990984931,43.34279141474859,43.44986047125482,37.01826676101677,37.39935281389339
2012-10-13 04:00:00,11,176.51612434631028,8.456315025850131,8.550452678759342,8.451335877336419,7.416035353535355,12.837919225390486
2012-10-13 05:00:00,11,176.51612434631028,21.48176352476824,21.459843919475446,21.47131548125168,8.503449855699856,14.71601312314592
2012-10-13 06:00:00,28,176.51612434631028,72.15665998529408,72.06636077613659,72.15520996655972,32.25646395271395,48.339860312793355
2012-10-13 07:00:00,70,176.51612434631028,187.96624293879032,188.1143455270194,187.9956144871228,65.05696257908757,89.90063061305476
2012-10-13 08:00:00,174,176.51612434631028,315.1511765330638,316.08210463750845,315.2275865380692,159.01024873737376,194.57248562409822
2012-10-13 09:00:00,266,176.51612434631028,186.67096304188158,188.8153528990646,186.76818221875067,298.8130979437231,248.1508516446929
2012-10-13 10:00:00,347,176.51612434631028,298.07027749393444,298.7875411387938,298.1388600420843,368.70052278277274,378.02976748385834
2012-10-13 11:00:00,527,176.51612434631028,419.64062699363706,419.7080623644781,419.6607370758078,409.65850475912987,455.482783605444
2012-10-13 12:00:00,573,176.51612434631028,567.962595508981,567.5467885787408,567.9596002985278,532.4114994588746,623.730878805894
2012-10-13 13:00:00,670,176.51612434631028,558.8384068143404,558.4695360452124,558.8341750387248,570.6159467893218,599.1176258841741
2012-10-13 14:00:00,597,176.51612434631028,577.5329024798779,576.8512739437311,577.518663669804,623.8880439976689,581.198845896077
2012-10-13 15:00:00,615,176.51612434631028,571.0598333900679,570.6110242812783,571.051046577187,581.1389581807082,575.9068689993472
2012-10-13 16:00:00,637,176.51612434631028,634.5744474555087,633.9525585005019,634.5724025313945,564.1968602786103,614.0065312807251
2012-10-13 17:00:00,528,176.51612434631028,749.0127958122167,748.4441693531836,749.0379779498312,637.2448643578643,678.9215113986506
2012-10-13 18:00:00,473,176.51612434631028,523.221101695941,524.0892641714972,523.2983744808754,498.54006511544037,541.0482384464046
2012-10-13 19:00:00,332,176.51612434631028,380.72298366842176,382.0105361534254,380.80582726259354,405.6715910894662,419.51831756942124
2012-10-13 20:00:00,255,176.51612434631028,257.1182569165042,257.8514851762121,257.1849689644931,269.79004996392496,274.478168615107
2012-10-13 21:00:00,204,176.51612434631028,199.53924643963958,199.92607662526683,199.59719706649784,207.7901861471861,216.07453971213312
2012-10-13 22:00:00,189,176.51612434631028,166.11852109352174,166.39777059590503,166.16196151347907,176.03227597402582,177.85762256899724
2012-10-13 23:00:00,125,176.51612434631028,140.02157535603808,140.29812931972066,140.0772229407236,158.01615304140304,148.98124814023603
2012-10-14 00:00:00,111,176.51612434631028,112.44291180888119,112.77922079516564,112.5142556331956,116.5606946941947,124.8260165831379
2012-10-14 01:00:00,112,176.51612434631028,92.43035880899933,92.49519922140254,92.48618393032825,83.902522977023,82.37327630226113
2012-10-14 02:00:00,66,176.51612434631028,83.53698516192526,83.3861889148135,83.58188102426811,86.67517066267062,72.25748560185
2012-10-14 03:00:00,28,176.51612434631028,34.50583902884807,34.42416780933232,34.55953157828452,30.928498015873018,33.581927486355475
2012-10-14 04:00:00,12,176.51612434631028,14.20014686262283,14.200989951931774,14.20749222695764,11.41692478354978,20.355739809063387
2012-10-14 05:00:00,11,176.51612434631028,17.10216912718593,17.034493742886696,17.106991023528764,8.580566017316013,11.322739043060755
2012-10-14 06:00:00,24,176.51612434631028,53.54990529660316,53.365288510302335,53.55924212217593,22.133628246753247,42.15639054952884
2012-10-14 07:00:00,51,176.51612434631028,128.83905450273707,128.7180590158403,128.86114037790267,56.65136126373624,70.29195678687614
2012-10-14 08:00:00,132,176.51612434631028,191.97637257784032,192.47420342157938,192.02948052799098,117.79581529581532,128.55009966554763
2012-10-14 09:00:00,223,176.51612434631028,69.89602156968598,71.86083562995091,70.00166078251158,227.2119202741702,188.93665027587127
2012-10-14 10:00:00,428,176.51612434631028,208.88599661440202,209.4129413671131,208.94625166291436,225.82300811688324,262.42580321495296
2012-10-14 11:00:00,494,176.51612434631028,431.440660374426,430.9718573049223,431.43904017140017,467.87978986291506,506.9128327709978
2012-10-14 12:00:00,562,176.51612434631028,501.2569994757308,500.8286534491283,501.2853947692573,483.0129285714286,542.9515503662667
2012-10-14 13:00:00,619,176.51612434631028,514.9051400657436,514.5230717883655,514.9230002386004,543.1561798340549,561.3497640133514
2012-10-14 14:00:00,617,176.51612434631028,528.8298681203491,528.2549038755291,528.8234522708602,557.5929025974024,570.9372618193499
2012-10-14 15:00:00,568,176.51612434631028,542.7103051754473,542.0797354458459,542.7064492905437,563.6776392496389,570.9691121349651
2012-10-14 16:00:00,581,176.51612434631028,558.2283568067743,557.6677841257688,558.2458805156618,544.5046798340547,551.8540309994381
2012-10-14 17:00:00,539,176.51612434631028,585.7364129653038,584.9536576304736,585.7573578163851,540.0444606088356,523.8300918024298
2012-10-14 18:00:00,453,176.51612434631028,424.6744127953432,425.1172177588687,424.7354258473574,478.406071830947,485.8473377178553
2012-10-14 19:00:00,336,176.51612434631028,298.7538449936067,299.7640457866422,298.8159783092123,388.1945221861473,366.2356111351262
2012-10-14 20:00:00,246,176.51612434631028,223.04005686626545,223.49674494533713,223.08735341961875,247.88287624875124,267.70118394651394
2012-10-14 21:00:00,196,176.51612434631028,172.12554611575595,172.32619138250158,172.17248980981384,188.1534835858586,198.64430218654223
2012-10-14 22:00:00,125,176.51612434631028,138.80039497836532,138.9308247575807,138.84385780846384,160.76055283931746,167.62301352612374
2012-10-14 23:00:00,105,176.51612434631028,80.26372795084141,80.58025177379669,80.31381481374507,86.35005194805196,106.19367770420884
2012-10-15 00:00:00,48,176.51612434631028,68.64289722023614,68.85106555238461,68.68415909369475,56.75795217282719,81.51908218434544
2012-10-15 01:00:00,29,176.51612434631028,40.050105236644356,40.27926202051941,40.09863358401802,26.53666468253968,40.99483233928
2012-10-15 02:00:00,6,176.51612434631028,24.57300862414374,24.662773262590264,24.617609508810546,14.456057900432896,23.680423901016457
2012-10-15 03:00:00,4,176.51612434631028,2.477052493881814,2.561424479970867,2.515886541427591,4.695833874458874,4.5085989162942965
2012-10-15 04:00:00,10,176.51612434631028,4.160212591950227,4.210611154609381,4.1494336351616425,6.515589105339103,6.158561872022826
2012-10-15 05:00:00,40,176.51612434631028,19.86998591224446,19.771697123208213,19.859788759973895,26.17898575036075,9.586004574282903
2012-10-15 06:00:00,147,176.51612434631028,78.41827542515438,78.09886832368215,78.41074422448027,141.2587712565213,104.98785356801338
2012-10-15 07:00:00,476,176.51612434631028,224.60401118572906,224.05108188271402,224.59714065014646,462.92082196969693,366.4995690799568
2012-10-15 08:00:00,737,176.51612434631028,501.65741770278896,500.86922575986966,501.685457914503,580.0874785353536,553.5234609472882
2012-10-15 09:00:00,359,176.51612434631028,436.44157510892626,436.31742522510535,436.495821076427,317.5278259795761,303.4664461090254
2012-10-15 10:00:00,168,176.51612434631028,315.80445051690947,316.0743512988951,315.87573106795014,290.72660263347746,333.4745116030966
2012-10-15 11:00:00,263,176.51612434631028,264.35480527215447,264.91044604173874,264.4030180289234,210.38334838772337,238.19194930337434
2012-10-15 12:00:00,284,176.51612434631028,312.0270877211037,312.26684281604105,312.07304410835957,307.7303116883118,305.3253275448233
2012-10-15 13:00:00,146,176.51612434631028,353.78368654883866,354.3446264009499,353.8010904054247,356.29828911366405,380.33917585473046
2012-10-15 14:00:00,185,176.51612434631028,268.82340751721887,270.07840809996355,268.87432205489733,209.8432057109557,254.4880519619371
2012-10-15 15:00:00,260,176.51612434631028,294.5176944327384,295.4819194459252,294.55897903934954,211.38301776001782,264.79075804752523
2012-10-15 16:00:00,447,176.51612434631028,378.56177975125047,379.1034221848174,378.59688766711406,411.59015624653165,396.9486826810739
2012-10-15 17:00:00,766,176.51612434631028,576.7678504414077,576.6640200139959,576.7910065332691,587.3714978354978,642.3735434697403
2012-10-15 18:00:00,592,176.51612434631028,586.5481429015866,586.3816658340938,586.5989463781793,547.2557317821069,494.3644615833702
2012-10-15 19:00:00,239,176.51612434631028,393.6465109856171,394.272888796538,393.7046995446316,446.7337886002886,395.99672250615123
2012-10-15 20:00:00,256,176.51612434631028,183.18503186505697,184.14568174216174,183.25974463035814,236.4629179292929,217.26269260670128
2012-10-15 21:00:00,206,176.51612434631028,192.4552177490651,192.76379003294633,192.50642405466883,208.0837168109668,210.6174265771564
2012-10-15 22:00:00,126,176.51612434631028,147.92006964680206,148.12313166091718,147.9700970297875,149.2275637418137,161.88863994800687
2012-10-15 23:00:00,81,176.51612434631028,85.23579753826951,85.63169993654506,85.29380850463039,92.57775277500282,110.44810400720382
2012-10-16 00:00:00,48,176.51612434631028,46.04157216927098,46.42462437367189,46.10157972260639,51.349103896103905,75.68069048924518
2012-10-16 01:00:00,13,176.51612434631028,29.22090000368223,29.48115224199566,29.2688899332247,23.01715390165391,35.71475516454001
2012-10-16 02:00:00,3,176.51612434631028,11.443011838632174,11.636131452545811,11.48783110116338,7.581439338439343,10.022154282658862
2012-10-16 03:00:00,2,176.51612434631028,2.735591624036573,2.938425553943347,2.7823204390363117,4.078912518037518,9.25604124694125
2012-10-16 04:00:00,7,176.51612434631028,7.045947960024279,7.212915656291926,7.046140158423697,5.119460317460318,9.25604124694125
2012-10-16 05:00:00,52,176.51612434631028,27.142395596957073,27.212645840529063,27.14865968146293,29.243974206349222,15.906123679794758
2012-10-16 06:00:00,172,176.51612434631028,126.7151087390105,126.61320603143216,126.7204117271053,161.82956006493504,117.54398695093602
2012-10-16 07:00:00,525,176.51612434631028,349.26435239235707,349.187681806477,349.2792898196954,528.8916511437911,423.0403068291352
2012-10-16 08:00:00,835,176.51612434631028,690.2258534651548,689.7969694643178,690.2323239746434,651.6188494283493,760.5276259095746
2012-10-16 09:00:00,355,176.51612434631028,565.467432656825,565.1725547999476,565.482176514804,376.92104890942375,464.7508769020236
2012-10-16 10:00:00,222,176.51612434631028,260.4106365034034,260.52446552051975,260.45948999329937,185.9772727272728,267.38782755517644
2012-10-16 11:00:00,228,176.51612434631028,249.2048875392567,249.48108584554285,249.2356719222076,237.32436427461428,258.44973081785065
2012-10-16 12:00:00,325,176.51612434631028,275.4369126980653,275.8203085515042,275.47178691095445,265.880198010323,272.7408814098061
2012-10-16 13:00:00,328,176.51612434631028,289.8831261359534,290.08418092044326,289.8942590841617,277.8264725135974,301.14127846298726
2012-10-16 14:00:00,308,176.51612434631028,291.1538234248369,291.50672095282164,291.16717202962263,278.76002410089905,301.14127846298726
2012-10-16 15:00:00,346,176.51612434631028,305.1724398608864,305.6098851085256,305.1971144099989,341.6918933982686,356.9414447175634
2012-10-16 16:00:00,446,176.51612434631028,425.1717331016586,425.52839217801994,425.2023861142177,462.46242911255416,461.816677096717
2012-10-16 17:00:00,943,176.51612434631028,677.5819983296683,677.9912367702686,677.6263297444593,676.8789091741589,761.9603528393187
2012-10-16 18:00:00,838,176.51612434631028,822.3745923008619,822.0393036930473,822.4054089951144,688.1856353646352,752.4223795909065
2012-10-16 19:00:00,531,176.51612434631028,598.7599662936399,598.6449142316782,598.7733326036249,550.2020117660118,552.276966403867
2012-10-16 20:00:00,432,176.51612434631028,395.6600274019785,395.7271673292422,395.6884869603406,350.048477092352,372.8694179281374
2012-10-16 21:00:00,195,176.51612434631028,314.7153039029471,314.4769031195408,314.73303377249835,282.6804525613276,308.1364598628227
2012-10-16 22:00:00,181,176.51612434631028,152.17609429105494,152.47846272367988,152.22172648745598,152.93633603896106,159.84653604611566
2012-10-16 23:00:00,199,176.51612434631028,118.76365596312006,118.97726675141325,118.80199243876373,121.57268091630591,130.87552521875054
2012-10-17 00:00:00,49,176.51612434631028,116.0540303603002,115.99743542587683,116.08534387920287,101.02968650793655,118.33785043315041
2012-10-17 01:00:00,17,176.51612434631028,25.90373388958588,26.14126140285768,25.944259383477174,24.480597208347202,34.55960386216451
2012-10-17 02:00:00,16,176.51612434631028,11.874218843821808,12.043129285342701,11.91454616213261,7.6027911671661705,9.759676759811626
2012-10-17 03:00:00,7,176.51612434631028,7.847837198174517,7.9428543480601945,7.8805624593198615,6.0482898629148645,8.240192598778798
2012-10-17 04:00:00,4,176.51612434631028,6.710346476057083,6.774239335013618,6.691127930572321,6.1024912032412075,7.486899120373786
2012-10-17 05:00:00,41,176.51612434631028,24.700133942054975,24.793868288503404,24.700117816240493,39.273580447330446,15.608288893102284
2012-10-17 06:00:00,178,176.51612434631028,129.6807450245275,129.60390377311762,129.67401052625158,172.43687835775341,127.18644240936025
2012-10-17 07:00:00,464,176.51612434631028,385.9920479261058,385.9695874645135,385.9955790700783,531.6677965784219,464.34882762595026
2012-10-17 08:00:00,817,176.51612434631028,684.1848559908916,684.1122727397914,684.2058477717161,732.0407959817964,798.2207674327032
2012-10-17 09:00:00,382,176.51612434631028,542.2890576269988,541.9883732058762,542.294936644657,356.24860002497485,403.68415252693984
2012-10-17 10:00:00,228,176.51612434631028,286.9351565058326,286.9766369609024,286.971573144936,234.68680681818194,269.62517681975356
2012-10-17 11:00:00,234,176.51612434631028,264.51719763159974,264.77673052805704,264.53094842867927,247.4411567460316,261.320553150399
2012-10-17 12:00:00,332,176.51612434631028,312.77574576638557,313.2086182191853,312.79957843800196,315.8382272727272,316.9057559411758
2012-10-17 13:00:00,310,176.51612434631028,326.8103486279483,327.1237523596186,326.81982123280545,315.792588023088,326.9399673292656
2012-10-17 14:00:00,270,176.51612434631028,297.75982067525234,298.2644595085993,297.7751505530048,282.18008694083704,313.93582257565265
2012-10-17 15:00:00,301,176.51612434631028,304.67080157979706,305.3300941913998,304.69383710401485,344.699571900322,347.36204563411246
2012-10-17 16:00:00,466,176.51612434631028,427.1167747947144,427.6105571939736,427.1337358608786,489.71934974747484,519.4139838414884
2012-10-17 17:00:00,888,176.51612434631028,742.1253649064244,742.572586539747,742.1552336071803,747.9189218836722,760.1383962388825
2012-10-17 18:00:00,884,176.51612434631028,834.7060751391884,834.6511916359799,834.7366275224313,748.6976531246536,816.7758054318682
2012-10-17 19:00:00,516,176.51612434631028,669.8279577095492,669.6071736769187,669.8355981249701,552.1610950993453,571.8150186555205
2012-10-17 20:00:00,414,176.51612434631028,414.52566301737113,414.6843485688838,414.5501496001848,397.45741376678876,384.08653767697314
2012-10-17 21:00:00,329,176.51612434631028,304.86233105459394,304.60174644862076,304.8763188883722,269.1582877122878,308.46376651757834
2012-10-17 22:00:00,215,176.51612434631028,240.78273951776112,240.53381054428132,240.79943737372736,224.44960221722727,228.77765010624088
2012-10-17 23:00:00,99,176.51612434631028,161.44614973229915,161.5623410628251,161.4744564031322,149.82166238622492,162.7928239328641
2012-10-18 00:00:00,57,176.51612434631028,57.90462775523909,58.118929715137355,57.94196327874619,53.84835082972584,88.64961055770729
2012-10-18 01:00:00,14,176.51612434631028,29.646582059533472,29.789598150801766,29.686422844907185,28.3047997835498,37.316590642004584
2012-10-18 02:00:00,14,176.51612434631028,11.005271889533418,11.12202962957528,11.04490497407059,7.285618797868802,9.322744313426604
2012-10-18 03:00:00,5,176.51612434631028,4.755121511105841,4.812672775920163,4.793463898936409,5.154846139971141,8.556631277708995
2012-10-18 04:00:00,5,176.51612434631028,4.7731000040766105,4.815769475957524,4.762319346387045,5.699046717171715,8.41732862349596
2012-10-18 05:00:00,42,176.51612434631028,29.462280746413455,29.47850948022264,29.45866643520162,37.88109325396825,15.067411056349465
2012-10-18 06:00:00,153,176.51612434631028,123.7150421469369,123.58084599839658,123.71664547594325,175.6039861111111,126.70370165340418
2012-10-18 07:00:00,508,176.51612434631028,355.44517846093777,355.4240085486008,355.4580663967291,429.6165054390056,442.8411852732476
2012-10-18 08:00:00,834,176.51612434631028,702.405433147948,702.0628563759207,702.418695565245,732.752026986902,786.5207999519611
2012-10-18 09:00:00,387,176.51612434631028,553.3895639247858,552.9983377923655,553.3960920937966,363.7232013958262,447.06750298290905
2012-10-18 10:00:00,218,176.51612434631028,286.3498468228641,286.3410677731136,286.39227318335736,234.68785786435802,279.59422053324175
2012-10-18 11:00:00,268,176.51612434631028,250.64503465347417,250.83919797926146,250.65672772172408,242.00071166333663,247.53276781269562
2012-10-18 12:00:00,377,176.51612434631028,320.4394333650432,320.839476293951,320.50247470456156,319.52140231990234,336.97351835247923
2012-10-18 13:00:00,332,176.51612434631028,354.7082838637159,354.92746017498564,354.7428923990794,358.6522231240981,381.6714524934831
2012-10-18 14:00:00,285,176.51612434631028,319.31691747044295,319.83565430321937,319.3630345512486,340.04422637085133,332.7471171924789
2012-10-18 15:00:00,353,176.51612434631028,332.4233600607183,333.1120002241564,332.47357698986093,362.5917343212341,379.0463119525064
2012-10-18 16:00:00,450,176.51612434631028,440.53169341503167,440.94367413712916,440.5957630493158,467.71298683261176,501.1010785116801
2012-10-18 17:00:00,890,176.51612434631028,689.467114600305,689.8444788311994,689.5107254269858,782.6002020202022,770.4451656545433
2012-10-18 18:00:00,788,176.51612434631028,802.5440324106007,802.4607166198165,802.5911408262322,778.6495241702743,786.6086676910442
2012-10-18 19:00:00,513,176.51612434631028,641.8598470138638,642.0015671661479,641.8833437225819,571.5824897741148,559.6263985531987
2012-10-18 20:00:00,387,176.51612434631028,408.8563702776934,409.0350590628491,408.8914426953287,388.72527758352754,391.0775495415592
2012-10-18 21:00:00,283,176.51612434631028,302.5501218829684,302.4730990843374,302.5767455473348,278.56629329004335,304.10185440676196
2012-10-18 22:00:00,229,176.51612434631028,211.67948224818835,211.60420808976102,211.7046038825178,208.61766937229442,211.2536618444045
2012-10-18 23:00:00,117,176.51612434631028,164.90209486391393,164.8875961635449,164.91620085159138,158.72401463813966,152.62970686623535
2012-10-19 00:00:00,56,176.51612434631028,72.35865892974499,72.48653001307827,72.38974014722862,69.23071320346318,92.2625831332858
2012-10-19 01:00:00,16,176.51612434631028,-2.8212681870937217,-2.795400638626205,-2.7792709423766553,27.692907828282838,25.427346265330087
2012-10-19 02:00:00,10,176.51612434631028,9.918521030285518,9.948679239747634,9.944772014650368,8.22441733266733,6.985154148444069
2012-10-19 03:00:00,5,176.51612434631028,3.047693303662726,3.05896748159293,3.0719880176390575,7.326394119769117,6.079738458513419
2012-10-19 04:00:00,6,176.51612434631028,4.735580545620763,4.713859356398956,4.710301253598203,8.181535714285715,6.079738458513419
2012-10-19 05:00:00,36,176.51612434631028,26.812727580198327,26.726723543642294,26.791195350029156,35.122080808080824,12.81456341552226
2012-10-19 06:00:00,131,176.51612434631028,75.35086308623663,75.08213070381603,75.35753987430247,142.5844269480519,90.08201499304916
2012-10-19 07:00:00,154,176.51612434631028,295.47323639506226,295.4042421263296,295.4914187877953,342.7274267954269,275.6510165394152
2012-10-19 08:00:00,467,176.51612434631028,484.73993040301,485.586051471044,484.7823137793929,383.7902682178932,430.80155485192824
2012-10-19 09:00:00,389,176.51612434631028,350.0084073052951,350.86249458570535,350.0443410858736,330.98000951825964,336.16898582370465
2012-10-19 10:00:00,224,176.51612434631028,298.72509360582984,298.5918566312836,298.7503793408624,256.8493892496392,301.03806093871384
2012-10-19 11:00:00,252,176.51612434631028,274.37003759677043,274.41271056357823,274.3597420858896,236.79525342712847,267.0258540463636
2012-10-19 12:00:00,332,176.51612434631028,335.86302274221134,336.0985321717891,335.8734663016371,321.86115854029015,336.8402180061922
2012-10-19 13:00:00,375,176.51612434631028,347.815061679118,348.0503153434771,347.8208887962088,342.9639330713147,337.9829823493453
2012-10-19 14:00:00,365,176.51612434631028,357.43713959855245,357.563651412304,357.43461529049205,380.5639713203464,381.68181069897634
2012-10-19 15:00:00,395,176.51612434631028,390.0651660780298,390.2470794722646,390.0729404063336,408.7775488400488,435.74506823661886
2012-10-19 16:00:00,565,176.51612434631028,425.6709291768794,425.70935023303934,425.72707979334564,422.59225270562763,427.98080487969855
2012-10-19 17:00:00,425,176.51612434631028,723.532905329386,723.5360037637932,723.6061840285337,751.226606782107,642.1062520230299
2012-10-19 18:00:00,233,176.51612434631028,517.3960822705855,518.8600235023024,517.4748108461123,667.272263916639,657.1231265108797
2012-10-19 19:00:00,232,176.51612434631028,272.7545468851622,274.59879539929705,272.82527423825286,344.91613834776325,319.1216382549091
2012-10-19 20:00:00,229,176.51612434631028,225.36912213981947,226.46168438599713,225.434999384993,265.35925703463215,261.49742842871564
2012-10-19 21:00:00,206,176.51612434631028,199.42056146305902,199.87136054951554,199.46110497822812,194.49252795815298,219.79415807966603
2012-10-19 22:00:00,190,176.51612434631028,174.34571045234674,174.59743261920266,174.3850217999419,168.53004942279952,185.5523921322822
2012-10-19 23:00:00,131,176.51612434631028,129.0954246986847,129.17665894359328,129.12793135383788,143.78669119769123,139.45602004724674
2012-10-20 00:00:00,123,176.51612434631028,119.69054156882092,119.86131059183246,119.71352226530325,102.53085606060607,111.41968147203907
2012-10-20 01:00:00,95,176.51612434631028,96.24608120275391,96.20345193101707,96.26930205484982,86.6332251082251,87.71596738375108
2012-10-20 02:00:00,78,176.51612434631028,68.3406541838275,68.1919614674302,68.36378596630598,68.28120707070708,56.83338550625017
2012-10-20 03:00:00,29,176.51612434631028,44.569157581636546,44.44253552729252,44.59840604983491,31.02002922077921,41.705804421537735
2012-10-20 04:00:00,18,176.51612434631028,23.193244168335923,23.193307799633885,23.171237541966804,9.840330988455992,24.727674248415916
2012-10-20 05:00:00,13,176.51612434631028,31.070626269049995,31.028655630174825,31.052688928766386,12.614266761016756,18.627518155057526
2012-10-20 06:00:00,31,176.51612434631028,78.43857819095265,78.40005830755203,78.4360015353918,35.66844678932178,52.2782532255506
2012-10-20 07:00:00,65,176.51612434631028,159.7344401512468,159.79220651953148,159.741987601966,67.60609573759571,73.52006602597774
2012-10-20 08:00:00,193,176.51612434631028,271.6357074537249,272.4524435345712,271.6880441603814,158.4463105921856,166.04953877783967
2012-10-20 09:00:00,363,176.51612434631028,174.77039922695838,176.72878403946095,174.8460783216521,299.2743120490621,247.0059384666138
2012-10-20 10:00:00,423,176.51612434631028,310.477482270122,310.60259166057665,310.5075918666016,388.68833116883127,381.4509796267193
2012-10-20 11:00:00,612,176.51612434631028,432.72743678639165,432.24074929239737,432.7012180253786,511.1299936729935,485.7268819695923
2012-10-20 12:00:00,703,176.51612434631028,577.799021691724,576.822620860914,577.7544525287406,606.6391613664111,598.1182825053296
2012-10-20 13:00:00,714,176.51612434631028,630.9557833515016,630.0574655219028,630.9097717521519,645.8740364219116,664.1913477461461
2012-10-20 14:00:00,711,176.51612434631028,613.6675004889998,612.7633743180875,613.6149749937847,648.039964812965,647.9433618141625
2012-10-20 15:00:00,711,176.51612434631028,633.2957196963038,632.3389587461576,633.2443515424676,621.4084491203243,671.744350829447
2012-10-20 16:00:00,691,176.51612434631028,692.353358901481,691.4476788127705,692.3366486887351,583.7382189615937,656.2196010271796
2012-10-20 17:00:00,731,176.51612434631028,711.8568151331858,710.9542435497506,711.8540545734794,591.3815865800864,597.6446774795046
2012-10-20 18:00:00,521,176.51612434631028,583.2180718050666,583.2401991517033,583.2576563462812,579.1297095959594,582.6279154425908
2012-10-20 19:00:00,345,176.51612434631028,370.87124081055833,371.5523622628133,370.9110885838106,465.49289285714286,403.58149758626223
2012-10-20 20:00:00,259,176.51612434631028,261.1358240414148,261.8589065551901,261.1955221362341,281.91455609668117,283.01870415126416
2012-10-20 21:00:00,296,176.51612434631028,206.7730115797442,207.26031197075704,206.83239725371422,223.3941163419914,224.3683255810031
2012-10-20 22:00:00,202,176.51612434631028,226.78069127414335,226.87069386323932,226.82456851692586,258.7742374708625,237.72594528639823
2012-10-20 23:00:00,163,176.51612434631028,146.01399401479645,146.24104307475386,146.05536617909144,175.9664559884559,148.98124814023603
2012-10-21 00:00:00,154,176.51612434631028,117.7982768704582,117.9140971191407,117.85841777143278,131.9431836219336,115.2861529140052
2012-10-21 01:00:00,117,176.51612434631028,113.36238413300455,113.29864982269885,113.42116517861973,118.2299700993451,97.61070743260316
2012-10-21 02:00:00,132,176.51612434631028,86.36065074946838,86.26411001819287,86.42048512558573,91.28627584915077,79.79026273716286
2012-10-21 03:00:00,41,176.51612434631028,79.02115951546551,78.78990064538075,79.07364479605585,64.62770833333332,74.97962119735124
2012-10-21 04:00:00,21,176.51612434631028,23.86862900242545,23.785829604955666,23.858059105170753,14.516301587301584,24.72393682606871
2012-10-21 05:00:00,10,176.51612434631028,25.615785692502158,25.63575890121757,25.632626664243276,11.855658286158288,22.80355443456791
2012-10-21 06:00:00,26,176.51612434631028,58.87014331243522,58.83632796481122,58.89010949636045,26.96731865356865,47.19481508836745
2012-10-21 07:00:00,56,176.51612434631028,139.17225568238587,139.2772468875072,139.20804235776035,62.080757756132755,70.84368987114
2012-10-21 08:00:00,143,176.51612434631028,217.28230161580285,217.99808196898653,217.34292953952,131.52765097402596,140.37460235795044
2012-10-21 09:00:00,269,176.51612434631028,129.23102677704742,131.43475010668627,129.34210590510094,240.91005808080808,219.45943056575322
2012-10-21 10:00:00,443,176.51612434631028,294.6055650997197,295.2664766694964,294.68355094815365,371.49737325174823,382.79039584796357
2012-10-21 11:00:00,547,176.51612434631028,483.89256105322113,483.5988511045215,483.9079045562853,527.5529842102343,560.193284712159
2012-10-21 12:00:00,675,176.51612434631028,583.978143077447,583.5404515946346,583.991687155862,588.7201879509381,605.2246619751911
2012-10-21 13:00:00,626,176.51612434631028,648.550302712067,647.9539182273595,648.5429152078307,608.8608839355088,672.7093342062108
2012-10-21 14:00:00,640,176.51612434631028,610.4902377463045,610.1678314009879,610.4889554429597,598.8756325896325,655.3360481613001
2012-10-21 15:00:00,623,176.51612434631028,620.4099176937646,619.9486577914828,620.4158784869927,626.3413277417028,631.4628417149837
2012-10-21 16:00:00,591,176.51612434631028,646.7882827810074,646.2839135076104,646.8021833494194,613.0073551587303,608.6774790654723
2012-10-21 17:00:00,491,176.51612434631028,695.1061824048015,694.8323424848655,695.1505170177841,595.7138984487734,628.7991895417523
2012-10-21 18:00:00,413,176.51612434631028,478.2308766276848,479.27497952269255,478.322166763318,436.18373340548374,479.1668203704225
2012-10-21 19:00:00,266,176.51612434631028,321.8923630419713,323.0320240369096,321.96637810151924,371.22532629870125,362.82674748232046
2012-10-21 20:00:00,195,176.51612434631028,213.25811705875066,214.26181134706874,213.34301109249407,252.92400972638472,256.3787828367276
2012-10-21 21:00:00,166,176.51612434631028,176.28661227413423,177.0825950756804,176.37455975331468,188.0516677489178,219.1929625661202
2012-10-21 22:00:00,113,176.51612434631028,137.62764543429023,138.16578623249802,137.69956883469223,145.2440461760461,178.09100808353196
2012-10-21 23:00:00,66,176.51612434631028,93.38025941185788,93.94997375993866,93.44723558682807,104.26781601731602,120.50244967204648
2012-10-22 00:00:00,31,176.51612434631028,57.975970030487616,58.45715887023094,58.039902531461635,46.34017370129872,68.92267724125186
2012-10-22 01:00:00,11,176.51612434631028,34.46904448193527,34.790305140242054,34.521881141898504,16.029679126429123,29.83527969021033
2012-10-22 02:00:00,5,176.51612434631028,26.39048743621609,26.69445094524309,26.450396101209435,10.887533660783658,13.871447456656496
2012-10-22 03:00:00,6,176.51612434631028,9.45247964428765,9.694774365712533,9.510593555538975,4.150376304251303,11.001233710590911
2012-10-22 04:00:00,7,176.51612434631028,11.405345017483427,11.573019210821002,11.412852246072276,5.9297388583638595,9.826555167526744
2012-10-22 05:00:00,46,176.51612434631028,26.522232849495396,26.558033923866674,26.5268451825863,35.66953373015873,12.740380897465036
2012-10-22 06:00:00,144,176.51612434631028,104.46280410084958,104.2518346766081,104.45884037312314,146.9526841630591,114.01011860816641
2012-10-22 07:00:00,452,176.51612434631028,294.1413113797364,293.9475130432269,294.156490017025,448.9801226551226,421.31558306443
2012-10-22 08:00:00,728,176.51612434631028,567.2124352458285,566.6419192508941,567.2069953402807,647.5398106754358,698.02580666652
2012-10-22 09:00:00,360,176.51612434631028,486.68685106213604,486.7568790087672,486.7127712247917,407.49569992507486,378.9379817826902
2012-10-22 10:00:00,212,176.51612434631028,305.46671882214787,305.70407612294423,305.5158086536627,294.4546842046842,325.48241579737436
2012-10-22 11:00:00,211,176.51612434631028,305.3630603289731,305.82914143198127,305.38827141115496,239.17306970806968,266.6578769278199
2012-10-22 12:00:00,283,176.51612434631028,343.08246554325234,343.80010686706066,343.11109421484844,278.7798846570098,328.35900595109547
2012-10-22 13:00:00,315,176.51612434631028,324.2781908016377,325.0690717529444,324.3385246177021,349.83369462481977,363.31993142257664
2012-10-22 14:00:00,282,176.51612434631028,342.6671903067995,343.4180759811278,342.71583092410873,353.18781222943704,368.5558828803027
2012-10-22 15:00:00,296,176.51612434631028,351.95952667875645,352.7506721131224,352.00404817934066,384.6644386724388,376.09896390672657
2012-10-22 16:00:00,524,176.51612434631028,426.9688205326878,427.6767995467228,427.0315487731524,481.81722294372315,458.47437673865244
2012-10-22 17:00:00,922,176.51612434631028,681.9697639897595,681.9542078984867,682.01172568409,778.0431984126984,704.3707294771953
2012-10-22 18:00:00,786,176.51612434631028,742.4931488755647,741.8194370908043,742.5009891636286,622.8702001609504,677.3318290422498
2012-10-22 19:00:00,514,176.51612434631028,510.9983950388312,510.626928077314,511.0087883174697,480.1851394300143,463.4236342688573
2012-10-22 20:00:00,403,176.51612434631028,353.84935250988985,353.8178626135862,353.87907334534464,339.29155753968263,354.21675309563534
2012-10-22 21:00:00,174,176.51612434631028,286.6766259752443,286.5367203612047,286.70517035636954,272.4612451298702,293.2262177568281
2012-10-22 22:00:00,183,176.51612434631028,130.1758076501947,130.4865077061537,130.21776410027996,148.66467279942285,164.5731504800522
2012-10-22 23:00:00,163,176.51612434631028,114.95377117117263,115.06044121271898,114.98608152273412,117.55704600954597,129.03114472469787
2012-10-23 00:00:00,37,176.51612434631028,94.4764063947463,94.39768180433842,94.49600483417825,77.56533441558442,105.87811582223353
2012-10-23 01:00:00,17,176.51612434631028,19.788810676192526,19.977287245842973,19.82321557037369,17.030978354978355,25.34706228173045
2012-10-23 02:00:00,7,176.51612434631028,10.787039459073952,10.907023791111271,10.818398018111736,12.377119380619384,11.381675635110248
2012-10-23 03:00:00,1,176.51612434631028,4.385471377883562,4.5303803482904925,4.423080688920521,4.126028499278499,8.41732862349596
2012-10-23 04:00:00,7,176.51612434631028,6.004847560404102,6.125308287940044,5.994454956376529,5.551292748917751,8.41732862349596
2012-10-23 05:00:00,50,176.51612434631028,37.24434158178829,37.27935431419206,37.23176640273,40.76090223665225,17.91791497765495
2012-10-23 06:00:00,158,176.51612434631028,130.22354134064875,130.08311491377492,130.21693627202995,176.08148550061054,118.64592199223492
2012-10-23 07:00:00,531,176.51612434631028,362.4848207779214,362.3921385480428,362.49151929777645,453.8356531385283,449.4346887273491
2012-10-23 08:00:00,761,176.51612434631028,707.4085632230738,706.8863981216074,707.4095082795982,631.2479017371518,746.4211213478518
2012-10-23 09:00:00,334,176.51612434631028,512.0146570004447,511.98384362879983,512.0274323300152,407.9537517205014,382.4056547754163
2012-10-23 10:00:00,221,176.51612434631028,271.77889840853453,271.99860647521774,271.80491688931676,232.6088773865023,260.6787608116666
2012-10-23 11:00:00,253,176.51612434631028,258.1199581621243,258.47289923830067,258.15290506294417,228.91011971361968,242.38280419937917
2012-10-23 12:00:00,378,176.51612434631028,312.9214149904333,313.4266555941358,312.9613122601464,324.09406259018755,333.3194410867788
2012-10-23 13:00:00,303,176.51612434631028,368.6367286496986,368.9688783887209,368.6454219773117,422.0392312409812,409.9892172697395
2012-10-23 14:00:00,296,176.51612434631028,313.4588985922318,314.0140434794821,313.45546566395114,338.0163958541459,355.04581945694866
2012-10-23 15:00:00,346,176.51612434631028,331.9093798591214,332.41428461037793,331.90987139237365,348.27341078366095,355.8472805609872
2012-10-23 16:00:00,541,176.51612434631028,450.4976944116977,450.84593526858316,450.4987595620747,499.6689310966811,513.7303040559624
2012-10-23 17:00:00,938,176.51612434631028,793.9568124854657,794.0613379446976,793.9558258517151,814.7155721500724,791.0931996740891
2012-10-23 18:00:00,826,176.51612434631028,861.9249424874514,861.7272088991189,861.963635150419,792.1035535714285,828.0271071737044
2012-10-23 19:00:00,482,176.51612434631028,634.4473821626248,634.3734657047365,634.4710498546823,581.0227686202686,585.7943956018128
2012-10-23 20:00:00,379,176.51612434631028,404.42487439914396,404.68587734978337,404.441465806333,376.81778804528795,385.7247543328171
2012-10-23 21:00:00,295,176.51612434631028,277.2387120819101,277.1217261057724,277.24172961539387,251.89339971139975,276.08694234361695
2012-10-23 22:00:00,194,176.51612434631028,228.97320302447872,228.9382898707401,228.98570084515,216.11018777056282,219.38381018976614
2012-10-23 23:00:00,111,176.51612434631028,164.69892322036853,164.89863871975052,164.71775896337363,154.8347116147741,150.44581556585163
2012-10-24 00:00:00,46,176.51612434631028,70.46900243226943,70.58207246861686,70.48502148714485,50.419762362637364,79.25956954232706
2012-10-24 01:00:00,27,176.51612434631028,32.71342533586312,32.84812593292568,32.728086162027864,18.96590133477634,27.83769829537258
2012-10-24 02:00:00,6,176.51612434631028,27.007173024878625,27.108769882606538,27.024268114354854,11.772599206349211,21.963550421005777
2012-10-24 03:00:00,4,176.51612434631028,5.853959003689198,5.954537572855827,5.877472175716235,4.12557751970252,8.41732862349596
2012-10-24 04:00:00,6,176.51612434631028,8.993377647692455,9.043174474267431,8.966842769497049,5.85613397713398,8.41732862349596
2012-10-24 05:00:00,53,176.51612434631028,36.653110777873536,36.61873845311666,36.62173949713251,39.761052669552676,15.047134349713318
2012-10-24 06:00:00,173,176.51612434631028,136.13048992801367,135.92476515465725,136.11008853074105,178.05335635198142,119.23028559855292
2012-10-24 07:00:00,526,176.51612434631028,376.31034154574235,376.0758026250585,376.2932068491147,522.8090956404709,452.62884710974896
2012-10-24 08:00:00,801,176.51612434631028,704.0065973039973,703.3825023515159,703.9901816582424,633.2819965312465,746.1891472149948
2012-10-24 09:00:00,373,176.51612434631028,536.0359539265107,535.8056419119064,536.0340193231617,400.4052306304805,388.9372679848532
2012-10-24 10:00:00,171,176.51612434631028,286.4463822283545,286.494925074985,286.4677574150293,243.35699999999997,274.6069780766415
2012-10-24 11:00:00,236,176.51612434631028,233.1588572890507,233.48221406437372,233.14555016213905,210.50207142857147,235.07527723577098
2012-10-24 12:00:00,316,176.51612434631028,320.81834824932605,321.3295874310286,320.83833211159106,326.9967588383838,338.26792472783706
2012-10-24 13:00:00,306,176.51612434631028,332.02033037364697,332.4212198130492,332.0065062746231,357.76821803196805,352.9762022254583
2012-10-24 14:00:00,301,176.51612434631028,314.4027369258556,314.81922607201733,314.3624823129168,334.21217427017444,332.4015355085993
2012-10-24 15:00:00,308,176.51612434631028,335.6969680149756,336.1258173368997,335.67421882105265,358.0086116106117,379.21516986898274
2012-10-24 16:00:00,532,176.51612434631028,441.2591740294448,441.6911321297465,441.22808003142507,491.5037441031191,502.776225508999
2012-10-24 17:00:00,963,176.51612434631028,776.157913367296,776.2783509230916,776.161882255816,815.778623737374,793.0282063532478
2012-10-24 18:00:00,858,176.51612434631028,896.645903893801,896.2730960466007,896.6429391068755,812.5155506854259,817.4462930529008
2012-10-24 19:00:00,572,176.51612434631028,639.3844322350934,639.1128323247227,639.3920370103816,569.8902825091574,547.4019502701419
2012-10-24 20:00:00,441,176.51612434631028,443.8353794149981,443.8323915775235,443.86296460497965,392.56224259074247,424.8685453733514
2012-10-24 21:00:00,313,176.51612434631028,351.70511095442845,351.63544947594346,351.7341289252767,306.1551832195582,352.70648665381486
2012-10-24 22:00:00,238,176.51612434631028,241.25081474082074,241.34417882605152,241.30251817241782,226.82448232323233,235.99890791118395
2012-10-24 23:00:00,123,176.51612434631028,156.79473181653242,156.7429747764775,156.80633974052785,146.22274959762456,155.51757089439843
2012-10-25 00:00:00,76,176.51612434631028,76.30352998677769,76.55618157561278,76.364853529346,61.02607882395383,88.76731913933983
2012-10-25 01:00:00,28,176.51612434631028,52.271425796783646,52.277790255483836,52.282133811468114,31.815702075702074,36.77512331523756
2012-10-25 02:00:00,18,176.51612434631028,25.13976168726228,25.19330369818104,25.15856606318016,11.957582792207797,20.31358746527726
2012-10-25 03:00:00,8,176.51612434631028,3.5950652489761694,3.612742897443468,3.623917271861984,7.076213578088581,9.634626541326758
2012-10-25 04:00:00,5,176.51612434631028,2.6889532717847544,2.6847277534085094,2.6670730650726,6.385156114718614,6.079738458513419
2012-10-25 05:00:00,55,176.51612434631028,26.407577857515236,26.374705557854185,26.392497954450945,40.82435700410699,15.66506733682772
2012-10-25 06:00:00,171,176.51612434631028,125.70120259108306,125.45767795056722,125.6899698455393,171.05719444444443,122.34475768023603
2012-10-25 07:00:00,495,176.51612434631028,375.39216265643887,375.22142728630286,375.39216490424474,520.8699632450887,455.4709465169287
2012-10-25 08:00:00,779,176.51612434631028,693.8920714709068,693.4008538887041,693.889528692874,668.3755474664224,779.2436049353722
2012-10-25 09:00:00,343,176.51612434631028,526.7990406576912,526.6449147499801,526.8093524678093,392.8843547979797,377.23644998015374
2012-10-25 10:00:00,225,176.51612434631028,255.46348864230976,255.52587297336078,255.49377260173617,200.88871470196474,238.19074354964164
2012-10-25 11:00:00,238,176.51612434631028,254.84127218811113,254.9470744343893,254.8384753187265,237.78321671384177,247.36273165514297
2012-10-25 12:00:00,319,176.51612434631028,309.43874324084015,309.8031327989255,309.4480235938403,303.2986913086912,309.40922301548903
2012-10-25 13:00:00,313,176.51612434631028,322.1280630006945,322.4702424585595,322.12557317453854,348.78446915584414,341.20779088103797
2012-10-25 14:00:00,285,176.51612434631028,304.7479601822081,305.27195013585356,304.7704901599425,338.78970354645367,346.5569204624608
2012-10-25 15:00:00,305,176.51612434631028,319.7190062728761,320.28151500064166,319.74267789212365,340.5494323593074,357.48273534616965
2012-10-25 16:00:00,499,176.51612434631028,417.2256986620026,417.83862535911413,417.2689684191819,463.90119549894536,496.99747071185135
2012-10-25 17:00:00,886,176.51612434631028,750.1960457885616,750.5140464725976,750.2411310465461,789.6938905122655,756.7948841316382
2012-10-25 18:00:00,809,176.51612434631028,821.9911431541622,821.7438784466943,822.0046200900425,783.0794760101013,787.0723546782314
2012-10-25 19:00:00,542,176.51612434631028,618.5316443492986,618.3424252918937,618.5354946972836,521.3445761183259,553.862523565963
2012-10-25 20:00:00,347,176.51612434631028,420.47140457016906,420.4699027234943,420.4944204672639,394.6759754551005,390.96045977933784
2012-10-25 21:00:00,271,176.51612434631028,281.3099717334949,281.4212444052537,281.33865240198736,244.66833748196245,261.0263122704794
2012-10-25 22:00:00,207,176.51612434631028,221.40312381039394,221.4872706191081,221.42875467077732,211.0656228354978,219.18492920049985
2012-10-25 23:00:00,135,176.51612434631028,139.1545305616333,139.20793853832228,139.17958658718115,139.74724350649356,133.66062720059801
2012-10-26 00:00:00,71,176.51612434631028,84.60732924736479,84.65345769931858,84.63528687145882,81.98220616883118,88.59992606793313
2012-10-26 01:00:00,36,176.51612434631028,35.4732886015652,35.478831761343656,35.503385570703784,30.684059218559227,40.768659373931804
2012-10-26 02:00:00,19,176.51612434631028,19.057993067286105,19.071516878498016,19.092412203218345,17.379381715506717,22.895038047236064
2012-10-26 03:00:00,13,176.51612434631028,3.9550236935375835,3.9640377020469373,3.9913969621042895,8.165806998557004,9.634626541326758
2012-10-26 04:00:00,5,176.51612434631028,4.35105837438968,4.32132870299472,4.337514848969448,7.064511904761901,6.079738458513419
2012-10-26 05:00:00,50,176.51612434631028,26.24742892093758,26.2075082211652,26.235658710701273,39.23762630425131,15.66506733682772
2012-10-26 06:00:00,144,176.51612434631028,119.61973485881583,119.38098617267786,119.61035576523568,150.2479214535464,122.34475768023603
2012-10-26 07:00:00,421,176.51612434631028,284.68481199005817,284.47263368416833,284.6940900152447,417.42241756854264,393.0793571091124
2012-10-26 08:00:00,734,176.51612434631028,572.9604296561092,572.5439399168071,572.9693039167036,670.2373962842711,624.050552046234
2012-10-26 09:00:00,403,176.51612434631028,497.00335563979047,496.9247859216007,497.0136357436304,373.4655554029302,369.87494793575075
2012-10-26 10:00:00,197,176.51612434631028,298.2011404759567,298.0465536952564,298.22831310785773,271.06729797979807,288.68873802987645
2012-10-26 11:00:00,290,176.51612434631028,235.7533455373275,235.94055140758272,235.76126182769892,222.82492442279946,226.06082266423545
2012-10-26 12:00:00,392,176.51612434631028,330.30486552872867,330.439559523689,330.3167321080724,356.7456454933955,365.5340219424981
2012-10-26 13:00:00,337,176.51612434631028,374.154025975055,374.26178549710585,374.15572084802216,410.815494047619,410.9458022569121
2012-10-26 14:00:00,351,176.51612434631028,327.1687498078853,327.7219504343874,327.2162762297421,376.55399490786994,361.5444163275346
2012-10-26 15:00:00,448,176.51612434631028,359.83053977838847,360.16358190785627,359.85740270248255,399.768514069264,383.5984159802114
2012-10-26 16:00:00,582,176.51612434631028,510.5027139280047,510.5405524992997,510.5166219179596,506.078362998113,591.746902242523
2012-10-26 17:00:00,817,176.51612434631028,682.7541224937419,682.5004459874847,682.78799013847,706.8039529220779,727.4461107935684
2012-10-26 18:00:00,665,176.51612434631028,655.9276740843932,655.790190336137,655.9747862792897,748.4206275252525,709.5021417800268
2012-10-26 19:00:00,471,176.51612434631028,467.4269691313,467.68709642534,467.46358276567184,471.91087475024983,456.95836015366604
2012-10-26 20:00:00,311,176.51612434631028,334.5838634102581,334.7233241569161,334.62048682645616,342.82592589355073,332.7962830423155
2012-10-26 21:00:00,292,176.51612434631028,241.17561714901183,241.39058302555472,241.2164480676845,229.70861806249297,246.3603060848201
2012-10-26 22:00:00,217,176.51612434631028,219.5695117924661,219.54450525611273,219.60319825159576,214.52031890331887,216.62082418531185
2012-10-26 23:00:00,178,176.51612434631028,155.2427228305303,155.2643967284488,155.27070240005668,161.61434451659454,147.10482973786102
2012-10-27 00:00:00,142,176.51612434631028,122.98607913737305,122.86074379625555,122.99420401966572,131.41030284992792,122.02754427744712
2012-10-27 01:00:00,146,176.51612434631028,91.35491981710749,91.15031955581907,91.36745771404426,102.43989152514153,96.34005140789279
2012-10-27 02:00:00,90,176.51612434631028,93.45656932086291,93.1085088092322,93.47095881382813,99.88742309079812,89.30170716217066
2012-10-27 03:00:00,26,176.51612434631028,55.92310972209492,55.67544960639361,55.932975337435465,42.30778102453101,54.6824896371327
2012-10-27 04:00:00,13,176.51612434631028,12.58964920379978,12.522692128982527,12.563227144378942,13.076322510822513,22.979845706747945
2012-10-27 05:00:00,9,176.51612434631028,23.37075861834623,23.338528621503514,23.35569882579287,14.889791666666653,17.890467852244406
2012-10-27 06:00:00,31,176.51612434631028,69.45828697540144,69.37133249260356,69.4525863492437,28.10633648296147,48.51891836756612
2012-10-27 07:00:00,86,176.51612434631028,196.79535083577105,197.09930224865698,196.81622343157207,68.86499579587081,91.845512872118
2012-10-27 08:00:00,213,176.51612434631028,323.76846115613716,324.6607878440525,323.82335739362065,211.88990422077927,242.10682547627198
2012-10-27 09:00:00,328,176.51612434631028,203.6405143899075,205.5326852612256,203.71044827864725,307.35432267732256,269.0239804416708
2012-10-27 10:00:00,479,176.51612434631028,296.7959652100644,296.9873646440251,296.8219085609456,405.5117413419914,359.59283688454406
2012-10-27 11:00:00,585,176.51612434631028,485.9992168169796,485.354853771287,485.9625278355137,533.1449372155623,535.2686004825081
2012-10-27 12:00:00,668,176.51612434631028,595.901590111292,595.4054319602865,595.9156224848706,579.6741070734823,629.9353871013758
2012-10-27 13:00:00,760,176.51612434631028,615.0149547190086,614.4964542142801,615.022018122507,604.9384023337772,675.4050008178242
2012-10-27 14:00:00,750,176.51612434631028,658.7727903302692,658.0279754198967,658.7724368848502,609.87131990232,714.0297609400959
2012-10-27 15:00:00,711,176.51612434631028,668.8656762552398,667.8930683590684,668.8292804185043,589.8084305971805,694.0266931936533
2012-10-27 16:00:00,612,176.51612434631028,697.743526321222,696.9702830459712,697.7282388811828,549.3752284104784,697.0808410159664
2012-10-27 17:00:00,618,176.51612434631028,754.8778168973927,754.8270902664657,754.9068534714911,637.0269971139973,725.312147528891
2012-10-27 18:00:00,456,176.51612434631028,581.2249284610323,582.1079213714823,581.2961871082179,551.2012178932179,585.8965588088089
2012-10-27 19:00:00,300,176.51612434631028,360.3724830122111,361.5713309692562,360.4330249002567,390.0062182539681,373.9208217519414
2012-10-27 20:00:00,296,176.51612434631028,236.49868654607263,237.34932558451206,236.5534038417758,254.0219736652237,265.90352944003945
2012-10-27 21:00:00,209,176.51612434631028,251.8032200495989,252.18955568386292,251.843837595319,277.23404599567095,262.69918607794517
2012-10-27 22:00:00,157,176.51612434631028,174.30764066403103,174.65383649021908,174.34967683695498,177.80299819624827,186.97028614798822
2012-10-27 23:00:00,167,176.51612434631028,124.03106819492321,124.41767373758816,124.08085953590077,128.49112139249638,142.41507705928274
2012-10-28 00:00:00,117,176.51612434631028,89.72146195105371,89.73590388990252,89.78838057094035,124.18905248917748,100.79184182635645
2012-10-28 01:00:00,133,176.51612434631028,93.95538333957697,93.99719180843304,94.00703192778863,86.05394234931738,85.87330100678273
2012-10-28 02:00:00,116,176.51612434631028,105.1813652637714,105.01982663337844,105.23059548032415,95.61654860417362,77.37650589370739
2012-10-28 03:00:00,79,176.51612434631028,66.2765653272811,66.07015319428066,66.32843116202143,57.80703300865798,69.51290229829158
2012-10-28 04:00:00,20,176.51612434631028,42.52497735785121,42.37641426218153,42.531748458905625,39.95491865079365,38.24132405937152
2012-10-28 05:00:00,28,176.51612434631028,19.181992367932367,19.176705287012567,19.195678735522705,13.10686084748585,23.852295027921798
2012-10-28 06:00:00,39,176.51612434631028,61.924188014809474,61.80450483987117,61.94745373171506,66.99797286047284,63.57376962426114
2012-10-28 07:00:00,65,176.51612434631028,145.42945910426715,145.64517325963527,145.4765629262289,83.89756295093795,74.92471511781964
2012-10-28 08:00:00,173,176.51612434631028,216.6057376717706,217.40379270200748,216.694333617673,146.76770579420585,150.05760872673628
2012-10-28 09:00:00,330,176.51612434631028,141.33999673600243,143.40581255570194,141.45574637963125,291.74552464202475,224.0079974581069
2012-10-28 10:00:00,434,176.51612434631028,330.5131093251547,331.03639551872175,330.60304206839197,376.82133780108774,392.2452297301431
2012-10-28 11:00:00,462,176.51612434631028,475.5316549238695,475.28573039683306,475.55745121297537,520.4099557109557,550.6233997238462
2012-10-28 12:00:00,491,176.51612434631028,537.5281114107723,537.4647388410995,537.5696768312661,516.5635895354644,607.178973471762
2012-10-28 13:00:00,391,176.51612434631028,533.2322725408246,533.3997373344008,533.2736842827095,539.9176128177378,605.7765412931268
2012-10-28 14:00:00,402,176.51612434631028,467.1233598903285,467.7455026603893,467.1762959342682,522.5358808413807,584.0675615142954
2012-10-28 15:00:00,301,176.51612434631028,476.8064457958599,477.234320103364,476.85644682457496,524.2370137778888,558.7503829160362
2012-10-28 16:00:00,293,176.51612434631028,399.99235433283275,400.64511121931076,400.0797934889305,390.38787398712407,342.9506820252739
2012-10-28 17:00:00,225,176.51612434631028,446.0213429098567,446.86279398760496,446.1367484642169,355.06875151237654,311.4750794360309
2012-10-28 18:00:00,154,176.51612434631028,252.75410091339916,254.80164843723816,252.91127834930006,190.3311980519481,159.38114844801072
2012-10-28 19:00:00,54,176.51612434631028,100.07887726307865,102.15209238579772,100.20862173537782,155.5893939671441,134.54268914687069
2012-10-28 20:00:00,55,176.51612434631028,32.20115158486939,33.85798801856265,32.33131230007908,58.6522014790765,36.01580998017414
2012-10-28 21:00:00,46,176.51612434631028,28.54226620973006,29.608894379915398,28.652580173179217,53.32582124819627,45.68286139095939
2012-10-28 22:00:00,37,176.51612434631028,9.435263874277126,10.221163690250961,9.53463287269031,46.90999134199137,44.206297282304696
2012-10-28 23:00:00,14,176.51612434631028,-10.022123891775863,-9.34162723580826,-9.927496016909998,35.01291973304473,37.31058572234151
2012-10-29 00:00:00,22,176.51612434631028,-29.492058352685063,-29.014154501113723,-29.407681370759605,27.755155344655364,29.963607079676827
2012-10-30 13:00:00,116,176.51612434631028,13.203913442311801,14.232847668290361,13.247803914657084,39.76512500000002,45.548994647879304
2012-10-30 14:00:00,126,176.51612434631028,53.80691013597837,54.59224303107965,53.84300725017738,122.88476313963814,127.56504553303319
2012-10-30 15:00:00,124,176.51612434631028,69.05005154984758,69.63906859834154,69.08263690160678,138.09599733599734,134.7820587621911
2012-10-30 16:00:00,98,176.51612434631028,97.08775702475802,97.63587506094541,97.13064599367439,158.6164623015873,145.9993670154129
2012-10-30 17:00:00,124,176.51612434631028,165.01116031253397,165.89752086241265,165.08072477287539,170.5064435841936,188.32469227275718
2012-10-30 18:00:00,143,176.51612434631028,89.8331188710001,91.83231955539429,89.95267768304137,140.88400310800307,126.19400932245013
2012-10-30 19:00:00,115,176.51612434631028,145.7935464262249,147.8546442216072,145.8744023992504,228.45971360583863,213.80452107830428
2012-10-30 20:00:00,81,176.51612434631028,200.7370562024871,202.23183167463964,200.79031946070666,267.7900753968254,222.08331872682515
2012-10-30 21:00:00,64,176.51612434631028,141.24503470541782,142.37609812952826,141.31383663171465,106.07433351370847,139.91746600961233
2012-10-30 22:00:00,66,176.51612434631028,126.18201900552911,127.09931777758533,126.23925196656862,89.44471514596515,116.5590400526322
2012-10-30 23:00:00,39,176.51612434631028,126.20262866154037,127.02528868559979,126.25586651926912,96.15216806804308,102.1943383598285
2012-10-31 00:00:00,16,176.51612434631028,124.40220541253765,125.18095562596558,124.46860376441111,50.559892676767674,115.68282623357493
2012-10-31 01:00:00,8,176.51612434631028,111.26728826696802,111.93260508414454,111.32785201969568,29.129538961038953,101.55375024572076
2012-10-31 02:00:00,7,176.51612434631028,107.10487315129106,107.58647560284953,107.1539584219887,14.623058136308124,83.2881518119616
2012-10-31 03:00:00,3,176.51612434631028,93.91327955750558,94.36130906919847,93.96871095287179,10.641838689088686,79.46543318866149
2012-10-31 04:00:00,5,176.51612434631028,139.35690690982062,139.65880228045802,139.32865841289828,5.48960155122655,68.23109896722576
2012-10-31 05:00:00,24,176.51612434631028,225.42232124840933,225.82651079872207,225.40432468252152,40.24856515706515,59.57692639774119
2012-10-31 06:00:00,116,176.51612434631028,237.00785226565944,237.12534297968347,236.9880415503947,124.70462012987015,149.15059189800368
2012-10-31 07:00:00,337,176.51612434631028,277.2057169922888,277.186134693233,277.2016031982703,369.62530709568216,349.32166546283685
2012-10-31 08:00:00,621,176.51612434631028,415.1591891820517,414.9442036880638,415.16981894003277,548.5507848124098,525.2504764048894
2012-10-31 09:00:00,297,176.51612434631028,350.6221732736416,350.8353582296148,350.63551046539885,370.348493034743,300.56411802654816
2012-10-31 10:00:00,168,176.51612434631028,204.4931888889705,204.66567332533748,204.51960555931706,182.5397083333334,225.60149586414238
2012-10-31 11:00:00,189,176.51612434631028,163.73869999756604,163.9569760093252,163.7514496742257,190.80357124819625,206.72806619770788
2012-10-31 12:00:00,241,176.51612434631028,172.23604250972636,172.60681304759274,172.27588778612045,234.10079807692307,235.93452682097802
2012-10-31 13:00:00,213,176.51612434631028,185.7608011277912,186.18152151992268,185.79788013742868,250.5575115440116,245.19783086683248
2012-10-31 14:00:00,224,176.51612434631028,152.07094730593116,152.74581682139134,152.12349951505087,208.1552617243868,219.79189296924835
2012-10-31 15:00:00,230,176.51612434631028,177.46036574347448,177.8823217173574,177.4950968111096,223.0424805194806,228.26201354047134
2012-10-31 16:00:00,424,176.51612434631028,206.0758715178415,206.33344147913033,206.1245571744293,347.5714454573206,285.0426231122162
2012-10-31 17:00:00,723,176.51612434631028,401.2413881417514,400.84721206371603,401.28206120770267,550.8211383477632,471.1478165007144
2012-10-31 18:00:00,584,176.51612434631028,486.7794062187678,486.5512700317739,486.834569665442,577.2741388888892,496.39319972106347
2012-10-31 19:00:00,410,176.51612434631028,418.16705671198434,418.62909596738564,418.22025332947385,450.99248297535814,392.83801579055665
2012-10-31 20:00:00,268,176.51612434631028,367.1547771820159,367.61340861217184,367.20898039198676,333.36644805194805,371.65729144195006
2012-10-31 21:00:00,192,176.51612434631028,209.4646974702042,209.8846954356514,209.53181859956027,217.74663005050513,236.67998331748146
2012-10-31 22:00:00,165,176.51612434631028,152.24476619918835,152.52576866323915,152.28194266946258,161.8598682289932,163.02001206748486
2012-10-31 23:00:00,101,176.51612434631028,134.9929163757808,135.31335972421246,135.03763373465995,117.42818900543902,129.95051750268001
2012-11-01 00:00:00,60,176.51612434631028,126.90548204110307,127.29016272477017,126.95164095584187,64.83254915223664,117.57755078385634
2012-11-01 01:00:00,30,176.51612434631028,90.9828929962121,91.30139652005569,91.02715231898756,38.22879868742369,77.40050475602207
2012-11-01 02:00:00,20,176.51612434631028,78.74591021434769,79.04963382169036,78.79811845079806,20.05235439560439,65.99389320122934
2012-11-01 03:00:00,15,176.51612434631028,82.16326531684226,82.4263242669341,82.20108889148332,15.424410353535352,61.506211289588755
2012-11-01 04:00:00,10,176.51612434631028,115.90533569125306,116.20590674245095,115.90278361793534,7.46465719003219,45.17423985971936
2012-11-01 05:00:00,40,176.51612434631028,215.57121726135932,215.87725044952458,215.5470028158778,34.90999364524365,56.332695225396435
2012-11-01 06:00:00,148,176.51612434631028,254.35144561193607,254.46471199858104,254.34100253175797,158.29357481407487,172.76428380953053
2012-11-01 07:00:00,420,176.51612434631028,334.1672971184113,334.2215354330399,334.187716990106,445.4245200216451,434.35452189864316
2012-11-01 08:00:00,680,176.51612434631028,535.896917776476,535.7836543668157,535.9514377641192,648.8472018398268,596.2828784164662
2012-11-01 09:00:00,331,176.51612434631028,408.08525566347,408.32754617697753,408.1479415273361,355.0730393217893,308.6089690035458
2012-11-01 10:00:00,146,176.51612434631028,208.24992823934738,208.4203387808283,208.3185336408135,192.94723849761354,201.26468103541853
2012-11-01 11:00:00,170,176.51612434631028,134.53933951336379,134.8776915584954,134.5820370546844,157.3563443362194,157.28500609966989
2012-11-01 12:00:00,221,176.51612434631028,154.69797440267325,155.20393543642405,154.77184040697682,194.63023430735936,189.3734053828328
2012-11-01 13:00:00,248,176.51612434631028,184.72951199921152,185.2261863328448,184.77395846842614,217.90978517316026,226.59978353385424
2012-11-01 14:00:00,185,176.51612434631028,187.61330046270504,188.19354398233725,187.66997370720793,242.6330785742035,237.5439704615891
2012-11-01 15:00:00,214,176.51612434631028,164.91285480428664,165.50966838377042,164.96621484937845,207.15396428571438,219.39447736934468
2012-11-01 16:00:00,344,176.51612434631028,244.7177313959104,245.15538371559833,244.77967780927233,316.92502074314575,286.80027923642217
2012-11-01 17:00:00,689,176.51612434631028,406.5946487165103,406.68476009636424,406.68772980923063,703.6274300144302,494.5426574414329
2012-11-01 18:00:00,678,176.51612434631028,534.1869750520157,534.2262453042683,534.2627364883377,572.9483643994894,559.8252575033243
2012-11-01 19:00:00,452,176.51612434631028,515.9968793525244,516.2332945528862,516.0479881101576,456.21853661616166,444.2853167340366
2012-11-01 20:00:00,296,176.51612434631028,425.9304703937342,426.2889427756962,425.98886332013944,325.5733235930736,383.0273481088887
2012-11-01 21:00:00,267,176.51612434631028,253.74572291580478,254.08356197154694,253.81067960697942,210.6207713258963,248.003471458345
2012-11-01 22:00:00,202,176.51612434631028,201.88282764953297,201.91900183947456,201.9184398429337,207.90667496392496,211.57897816861163
2012-11-01 23:00:00,120,176.51612434631028,162.91012112783798,163.08759000076995,162.9497182790531,138.832654040404,125.56169125879259
2012-11-02 00:00:00,50,176.51612434631028,129.32443283288802,129.60805719377328,129.37228055161452,73.94490857753358,125.46069491162352
2012-11-02 01:00:00,24,176.51612434631028,88.8922405191886,89.23631632610834,88.93960568612539,38.371335137085126,83.22944149229518
2012-11-02 02:00:00,10,176.51612434631028,77.62462262256004,77.9022254205585,77.6724452031014,19.819008741258738,65.56274307519452
2012-11-02 03:00:00,3,176.51612434631028,67.73733865532604,68.01497123422087,67.78441019120466,10.496530303030305,48.10665728232084
2012-11-02 04:00:00,7,176.51612434631028,112.92266184699659,113.24712776111976,112.9244571505394,5.617598484848486,40.23102632496874
2012-11-02 05:00:00,26,176.51612434631028,212.50047396551633,212.85461070241593,212.4950870637275,39.26813032800532,51.15451440434454
2012-11-02 06:00:00,122,176.51612434631028,254.95741370439674,255.11561672997203,254.9539174670649,121.58749585137089,146.27466038439974
2012-11-02 07:00:00,357,176.51612434631028,345.46265531246706,345.5878008703685,345.4884529657046,374.5918368575869,378.7976545032206
2012-11-02 08:00:00,687,176.51612434631028,524.8455522187015,524.9064082266129,524.8992637773696,665.5922373321125,607.0082132737176
2012-11-02 09:00:00,382,176.51612434631028,460.7943270731205,461.0834143915647,460.8466457748523,373.72494642857123,350.3133321124641
2012-11-02 10:00:00,204,176.51612434631028,283.9744354516445,284.1129858599367,284.05643255700477,246.1151984404484,271.64579566449765
2012-11-02 11:00:00,221,176.51612434631028,208.82851340559333,209.0941412274212,208.88454579998577,222.2784034992787,225.56878170761084
2012-11-02 12:00:00,292,176.51612434631028,228.09290685416244,228.4216742635304,228.15477348319862,267.83424458874464,256.74643659529397
2012-11-02 13:00:00,294,176.51612434631028,235.35156026144188,235.63046049432208,235.40830455881328,269.99327290764785,271.7599335714576
2012-11-02 14:00:00,262,176.51612434631028,206.59489603125226,206.98165381609618,206.66949165153477,259.82541919191925,257.5575106827011
2012-11-02 15:00:00,306,176.51612434631028,204.163331466566,204.4945452114419,204.23503747462317,266.20992153679646,258.51665932156754
2012-11-02 16:00:00,421,176.51612434631028,289.4349065216971,289.45962345622166,289.50212915392683,390.64721969696956,373.9805148995507
2012-11-02 17:00:00,638,176.51612434631028,483.99744576061664,483.73014887355953,484.07328370257176,679.1463721139974,587.2382846407891
2012-11-02 18:00:00,522,176.51612434631028,512.7660816376255,512.9900068590466,512.8710464982523,594.9470077561328,572.0488316724925
2012-11-02 19:00:00,374,176.51612434631028,421.6226998795188,422.41915967961313,421.71379691827315,429.0296996336997,377.30575130663993
2012-11-02 20:00:00,221,176.51612434631028,376.56619309427595,377.02814787485863,376.617276706207,299.2854823509824,331.64692331851813
2012-11-02 21:00:00,156,176.51612434631028,210.7101438624544,211.2189441633076,210.77491526891856,203.9220351731602,195.1902444209303
2012-11-02 22:00:00,149,176.51612434631028,152.7665476995901,153.2141629780043,152.82119113923198,159.74250324675333,158.68670016431687
2012-11-02 23:00:00,119,176.51612434631028,133.44122683640697,133.72732402089684,133.47749257878493,111.12805326617827,114.66813094149593
2012-11-03 00:00:00,108,176.51612434631028,126.75825951512505,127.04101972017742,126.79472266567626,107.40609194971698,133.71114038068262
2012-11-03 01:00:00,89,176.51612434631028,114.11402234458164,114.23003912422813,114.1412811877139,91.12322391497392,114.30359229178637
2012-11-03 02:00:00,46,176.51612434631028,102.72308501515374,102.79316461700893,102.7598801443495,71.42327525252529,92.31791480596891
2012-11-03 03:00:00,28,176.51612434631028,79.26814132597545,79.44897187552853,79.30719856364014,36.0068113275613,70.83157130285504
2012-11-03 04:00:00,16,176.51612434631028,110.75588680028912,110.98770221590578,110.74862403059305,11.6975,53.04640220229014
2012-11-03 05:00:00,9,176.51612434631028,198.07851082939908,198.38743301494105,198.06609654955318,26.978952561327556,38.438837256769034
2012-11-03 06:00:00,21,176.51612434631028,223.98192733922997,224.25568964494119,223.99035252327158,30.968062243312243,99.63599835132158
2012-11-03 07:00:00,59,176.51612434631028,269.59471560746164,269.99167341749046,269.6214327800808,55.77198466810965,161.79032187076984
2012-11-03 08:00:00,142,176.51612434631028,324.4038675931067,325.3587703857405,324.45977051008674,148.14998629148627,189.4738509725542
2012-11-03 09:00:00,219,176.51612434631028,133.82119629717596,135.9818565444654,133.90553718755888,198.7805674603175,216.27880402912257
2012-11-03 10:00:00,328,176.51612434631028,188.6787351501241,189.29749478788847,188.73838552396384,236.89131331168846,255.28093142424564
2012-11-03 11:00:00,340,176.51612434631028,279.21949093322667,278.9341277279476,279.225050541487,299.5768598484849,315.67074204474943
2012-11-03 12:00:00,394,176.51612434631028,292.86984250031355,292.61904524716056,292.87630680555674,319.7578225108227,363.5750997210819
2012-11-03 13:00:00,449,176.51612434631028,292.2993006412667,292.09475402672433,292.30591849567315,322.5283827561328,351.23120532619515
2012-11-03 14:00:00,455,176.51612434631028,306.25942326484795,305.91939563516564,306.25725443985567,422.06945382395384,381.8169593293171
2012-11-03 15:00:00,448,176.51612434631028,326.12038712800995,325.5849318596821,326.112471724863,416.9363304473305,387.24886086299875
2012-11-03 16:00:00,400,176.51612434631028,372.67704819479445,372.02399734307915,372.68172815163155,434.91168242868247,428.31596002646654
2012-11-03 17:00:00,410,176.51612434631028,453.5111158468102,452.9951381092228,453.5326741659626,404.7753934676433,433.807711444268
2012-11-03 18:00:00,297,176.51612434631028,350.73050896769195,351.3665256542447,350.795171931677,361.6437742673994,392.5870403524697
2012-11-03 19:00:00,239,176.51612434631028,271.4557278384656,272.7537919406409,271.5107332581287,334.9098624431124,313.083028752065
2012-11-03 20:00:00,181,176.51612434631028,286.94296058330536,287.767963305046,286.97988559843736,292.00110876623376,276.20113247466423
2012-11-03 21:00:00,166,176.51612434631028,191.64245091391865,192.24411924347532,191.69422326172105,193.02994065656566,188.83881390696914
2012-11-03 22:00:00,146,176.51612434631028,143.35725684324302,143.77372644584446,143.41146640762898,152.45872582972578,151.83620212286277
2012-11-03 23:00:00,148,176.51612434631028,142.22054004036224,142.66564643700525,142.2719179524667,125.11427469752472,141.82496169334132
2012-11-04 00:00:00,102,176.51612434631028,162.1418400582249,162.4190953602677,162.20216901557052,120.18567063492058,135.12010958905387
2012-11-04 01:00:00,165,176.51612434631028,128.16716065645642,128.3892439116757,128.21658053336677,84.54277994227996,115.65413216843791
2012-11-04 02:00:00,37,176.51612434631028,170.20318729794857,170.11628222722092,170.25894857947696,115.75870050782552,132.35801255312683
2012-11-04 03:00:00,11,176.51612434631028,109.62716403068166,109.90383141614788,109.68018646652553,33.4340145965146,56.52261250929215
2012-11-04 04:00:00,9,176.51612434631028,122.44653591113826,122.74963074985538,122.4487232766996,7.221680014430012,42.54017981822994
2012-11-04 05:00:00,5,176.51612434631028,180.43470402142276,180.691960968251,180.431696266274,23.462688034188037,62.560705588858966
2012-11-04 06:00:00,16,176.51612434631028,180.00394979156923,180.0504970423106,180.00876816072116,17.952045995670996,69.11372077958042
2012-11-04 07:00:00,50,176.51612434631028,210.91204522194846,210.89457222845544,210.9280163999701,42.93468416305918,88.71157782183673
2012-11-04 08:00:00,149,176.51612434631028,235.36166035314974,235.76223331395553,235.40837266664406,114.94614159451666,156.73559457302017
2012-11-04 09:00:00,217,176.51612434631028,125.48057020859589,127.58072509017644,125.58715518777957,206.13705081030082,218.41506958564486
2012-11-04 10:00:00,360,176.51612434631028,206.12632598648798,206.9070556040998,206.21264089459882,233.14403363303376,268.09403224026624
2012-11-04 11:00:00,445,176.51612434631028,330.62665531283847,330.4580572270776,330.6681190956448,331.7442752525252,382.83672298389644
2012-11-04 12:00:00,504,176.51612434631028,390.62288981539905,390.25986724317545,390.66445794470627,422.0709884698635,467.26062883088645
2012-11-04 13:00:00,493,176.51612434631028,408.32166730131587,407.99429638332015,408.3547301783749,463.2965829725835,432.42116994040265
2012-11-04 14:00:00,509,176.51612434631028,382.0019396314482,381.8165233801474,382.04150595671604,468.29597727272755,423.7890739147801
2012-11-04 15:00:00,449,176.51612434631028,389.065146729904,388.5788861362523,389.09935734461624,478.5584440836943,430.92657374839894
2012-11-04 16:00:00,435,176.51612434631028,376.52426459701735,375.88592319842996,376.56519297931726,438.8941331307583,438.02647898557956
2012-11-04 17:00:00,327,176.51612434631028,436.42069987628054,435.4597913226745,436.4381364129604,399.078748085248,426.60564809146575
2012-11-04 18:00:00,237,176.51612434631028,250.73936872565656,251.36156561685212,250.8181274248023,290.9952149655899,303.732818305473
2012-11-04 19:00:00,227,176.51612434631028,144.3729098586439,145.5691351819293,144.4419807427294,216.75917568542576,207.7918827377953
2012-11-04 20:00:00,141,176.51612434631028,160.35757719413897,160.8920734499236,160.40449022724425,190.16637197524705,169.33364340120886
2012-11-04 21:00:00,87,176.51612434631028,146.22849257171768,146.76161625888892,146.27796506614328,145.12247510822513,165.04834736102373
2012-11-04 22:00:00,79,176.51612434631028,147.55131081984658,148.2235717716433,147.6142010130655,96.10600298312801,137.52847809143887
2012-11-04 23:00:00,53,176.51612434631028,155.38247585228504,156.12991325116258,155.4532524816533,81.31542279942278,97.66311103301958
2012-11-05 00:00:00,23,176.51612434631028,158.56651342445502,159.1923059870091,158.61723504444217,45.44590710678211,94.49864757879536
2012-11-05 01:00:00,8,176.51612434631028,177.8721979734771,178.69004297783684,177.94098565610648,41.50791233766234,123.73598426116698
2012-11-05 02:00:00,6,176.51612434631028,154.5755968073746,155.1510893013868,154.63600656512077,16.552869658119654,81.80051201598113
2012-11-05 03:00:00,4,176.51612434631028,139.24129265094345,139.686326702054,139.28884577202263,10.954794372294371,68.5100970665423
2012-11-05 04:00:00,16,176.51612434631028,120.98344126961598,121.33683579857814,120.98644712044779,4.579037878787877,47.51832050591509
2012-11-05 05:00:00,39,176.51612434631028,139.15785301079276,139.27530047867958,139.1490955868396,23.279413780663777,52.22761135998682
2012-11-05 06:00:00,139,176.51612434631028,151.87382178525266,151.69524440557544,151.8799601908497,146.75762207237213,128.91619148458133
2012-11-05 07:00:00,461,176.51612434631028,240.62025303610096,239.93986081312954,240.6203605754103,433.6003374819624,355.6187014896176
2012-11-05 08:00:00,648,176.51612434631028,463.2561760107185,461.87034859701305,463.2419986476423,431.4608235930736,483.3274662992998
2012-11-05 09:00:00,257,176.51612434631028,387.70977896684235,387.83622218313167,387.75218099582617,327.9587688006437,297.72852366430294
2012-11-05 10:00:00,142,176.51612434631028,224.6573345399531,225.35538445256162,224.73700982214868,211.46970454545436,266.87576946934894
2012-11-05 11:00:00,150,176.51612434631028,220.95678242547243,221.58998524064586,220.99638238373842,176.9689900793651,211.8129625766046
2012-11-05 12:00:00,244,176.51612434631028,233.52428283242864,234.22044950302652,233.5752346290208,187.6797242063492,229.55750437422782
2012-11-05 13:00:00,222,176.51612434631028,262.2977650677192,262.68170280838444,262.3248686018058,255.86937572150072,289.097341635829
2012-11-05 14:00:00,196,176.51612434631028,240.2659136245403,240.9902632971062,240.330204215666,213.7082958985459,267.46505748189327
2012-11-05 15:00:00,231,176.51612434631028,219.50751988831436,220.05661937705514,219.57302523829333,209.45297127872138,238.10270262189368
2012-11-05 16:00:00,360,176.51612434631028,258.94269286923304,258.879832445562,258.96565333298264,322.1936071428572,313.74793309669207
2012-11-05 17:00:00,638,176.51612434631028,386.2346216556863,385.30817763536066,386.23549633992684,505.8667145632145,455.7278132303486
2012-11-05 18:00:00,542,176.51612434631028,425.63502409002115,424.94128706973606,425.65450905777345,468.4687573953822,445.21718379416114
2012-11-05 19:00:00,372,176.51612434631028,317.43818364989846,317.54096710675555,317.47851027224283,338.34959704184706,323.1821899258143
2012-11-05 20:00:00,241,176.51612434631028,235.4366252824176,235.40873672685103,235.46921318460673,230.19516522366524,220.07959507740523
2012-11-05 21:00:00,152,176.51612434631028,196.9538601054546,197.0813720924811,196.99374912605975,193.76412247474747,192.9429704597835
2012-11-05 22:00:00,115,176.51612434631028,170.9303079064543,171.27648798536447,170.97318948982593,116.43160840548342,148.55349091451043
2012-11-05 23:00:00,53,176.51612434631028,147.2268463785677,147.69517535101264,147.28041221089956,72.9258538961039,116.67090636902854
2012-11-06 00:00:00,19,176.51612434631028,118.01037517027298,118.57171937328462,118.06212649545746,33.13312536075037,67.73543544014217
2012-11-06 01:00:00,8,176.51612434631028,83.81209685133098,84.35689499963436,83.86014404257875,27.440417207792194,67.58139114961263
2012-11-06 02:00:00,2,176.51612434631028,86.13590152498242,86.54747338176728,86.18414249478862,12.244353604728603,49.45571439998285
2012-11-06 03:00:00,4,176.51612434631028,59.355273108981976,59.75150492007745,59.410748697776626,9.916289502164497,49.01891009351978
2012-11-06 04:00:00,7,176.51612434631028,64.58256630907786,64.9230702047793,64.5934686492576,4.252077380952381,47.082695076176385
2012-11-06 05:00:00,41,176.51612434631028,59.04402419768235,59.1839337344816,59.04867012997799,31.337033730158737,15.283582963364783
2012-11-06 06:00:00,149,176.51612434631028,117.10468102958187,116.90349960929456,117.09616992686361,159.89302056277057,110.7722803712082
2012-11-06 07:00:00,387,176.51612434631028,262.0765137320175,261.67096016036567,262.08388568627277,437.32472474747453,399.9981819444691
2012-11-06 08:00:00,588,176.51612434631028,450.08660539301604,449.34533396378856,450.091514024865,622.6406343378843,562.3251493134871
2012-11-06 09:00:00,363,176.51612434631028,333.565469208586,333.8297649139155,333.59706141348113,319.161534992785,314.90116150941935
2012-11-06 10:00:00,230,176.51612434631028,230.8298526543394,230.85033093875745,230.8762988357874,204.95120869408368,257.47551954857454
2012-11-06 11:00:00,216,176.51612434631028,198.171009741393,198.20368092601234,198.20227905779814,237.8266648212899,237.95248794269514
2012-11-06 12:00:00,248,176.51612434631028,215.24598988008955,215.45839766887354,215.2883879768831,266.52495847208354,258.80707541737934
2012-11-06 13:00:00,278,176.51612434631028,223.96138821157814,224.15209557988422,223.97415518702297,243.81565097402586,239.33948146465858
2012-11-06 14:00:00,240,176.51612434631028,231.13653706352045,231.37035971963644,231.15987906672612,240.35567478354983,257.0094950319378
2012-11-06 15:00:00,272,176.51612434631028,223.2231409432834,223.33709032822702,223.22992053470392,255.01192597680085,242.04357454295254
2012-11-06 16:00:00,402,176.51612434631028,290.38975645936426,290.27017886957435,290.40808952765235,341.30227922077904,348.978425962484
2012-11-06 17:00:00,627,176.51612434631028,476.2501223763443,475.5845511137113,476.2570287024704,577.7172635836388,532.5282603874244
2012-11-06 18:00:00,497,176.51612434631028,484.24577800697114,483.9736301264394,484.2762781629999,524.2238448773446,524.236466654054
2012-11-06 19:00:00,371,176.51612434631028,323.3978279485127,323.8742485580552,323.4362199885311,361.3817554112554,356.13186162853924
2012-11-06 20:00:00,228,176.51612434631028,231.99184104833813,232.0674110397589,232.01851937688605,257.5396568986569,240.61186939247185
2012-11-06 21:00:00,151,176.51612434631028,140.02495241704918,140.2340233727296,140.07069610350106,176.7282963564213,153.1775142079597
2012-11-06 22:00:00,153,176.51612434631028,96.008611541632,96.34187693905336,96.05887017559492,114.44231618381613,124.78976806930639
2012-11-06 23:00:00,205,176.51612434631028,85.54229722214656,85.73499614550954,85.58016616224634,85.8849094516595,101.94370246575654
2012-11-07 00:00:00,283,176.51612434631028,100.88823605224103,100.70879461517586,100.92447917525199,97.12382449494947,106.67103181582789
2012-11-07 01:00:00,92,176.51612434631028,150.16912501169546,149.57004295879796,150.1918215637957,185.42067261904754,180.3514372039299
2012-11-07 02:00:00,74,176.51612434631028,43.94972917951716,43.82013812110972,43.98431130597062,56.513128246753276,46.849878386727326
2012-11-07 03:00:00,11,176.51612434631028,31.35124533444892,31.301788653555263,31.393715427961723,41.49366612554113,32.48841033773252
2012-11-07 04:00:00,9,176.51612434631028,0.5059074497639813,0.6397232515614348,0.5043007349248967,4.926856060606059,6.182116526671389
2012-11-07 05:00:00,27,176.51612434631028,19.395116159702752,19.44776708758289,19.396778362559928,31.460980741480753,12.832198959524892
2012-11-07 06:00:00,118,176.51612434631028,94.6901781698293,94.60611081153783,94.69449989179185,123.13598304473302,89.82557597057176
2012-11-07 07:00:00,319,176.51612434631028,285.8867328925138,285.75230010646317,285.8881194705856,373.0841543179042,327.8802635087149
2012-11-07 08:00:00,601,176.51612434631028,511.8359268380648,511.6845712546624,511.8487585691354,612.4522992424241,615.2816705594777
2012-11-07 09:00:00,368,176.51612434631028,397.414380704442,397.74748832009857,397.44355017753355,323.82569635919646,339.2169226354313
2012-11-07 10:00:00,178,176.51612434631028,260.78911697074875,260.7151292523907,260.8258346629895,217.09299044011547,255.05224807445373
2012-11-07 11:00:00,147,176.51612434631028,200.09272982480059,200.1029154777692,200.09472943581326,183.21975054112553,197.32389727507692
2012-11-07 12:00:00,212,176.51612434631028,208.5764303636247,208.85008208340918,208.59605496845325,167.61747335997342,205.2376171183124
2012-11-07 13:00:00,181,176.51612434631028,220.77085167703143,221.18808074509076,220.78933305944147,227.05292017704528,239.49570210851067
2012-11-07 14:00:00,161,176.51612434631028,187.67928703101808,188.2136904218582,187.6936259905571,182.62861847874348,208.2959129009318
2012-11-07 15:00:00,198,176.51612434631028,195.82941904885956,196.36311169988352,195.85510967592467,167.1703321955822,218.1318213966094
2012-11-07 16:00:00,273,176.51612434631028,309.6942068139632,310.0228355417154,309.7124536117891,290.26124848762356,292.1533467995174
2012-11-07 17:00:00,517,176.51612434631028,514.6778362801928,514.8892300204902,514.7032110408574,521.3915947940949,634.7860191165145
2012-11-07 18:00:00,465,176.51612434631028,497.7385642978545,498.14697652370046,497.78158076140653,461.81451362526354,517.045132797563
2012-11-07 19:00:00,319,176.51612434631028,357.4395964370332,358.2225185702398,357.47988470318705,364.76675901875876,357.0359722293005
2012-11-07 20:00:00,256,176.51612434631028,230.71963635958306,231.1804716944314,230.7714232285757,230.07832215007224,236.3006733444025
2012-11-07 21:00:00,126,176.51612434631028,182.18298381276216,182.39527327601164,182.22918324845955,201.31431096681098,183.62791627156375
2012-11-07 22:00:00,60,176.51612434631028,71.89097999901172,72.36509822788707,71.96359338951001,99.01785653235655,101.89502315526686
2012-11-07 23:00:00,40,176.51612434631028,23.52399289749755,24.18141380034902,23.5990985722365,59.218558830058825,47.10313745225978
2012-11-08 00:00:00,15,176.51612434631028,18.679164795041203,19.330829705213347,18.76930120408329,45.99020400432901,53.84033287721605
2012-11-08 01:00:00,12,176.51612434631028,-22.861325944022184,-22.458304178001043,-22.7824148763699,31.217749278499287,18.483210563377696
2012-11-08 02:00:00,6,176.51612434631028,12.792376619816167,13.100976210803935,12.858811723390232,11.735782183094672,10.992758066483008
2012-11-08 04:00:00,10,176.51612434631028,1.2506090046840939,1.4842072667212562,1.2712655964146222,4.953993145743144,7.3900075200254145
2012-11-08 05:00:00,35,176.51612434631028,15.263469574963949,15.379249298230974,15.284316569681238,24.24134819347319,12.38398574257251
2012-11-08 06:00:00,124,176.51612434631028,76.731447793402,76.62328384492386,76.7502244055202,126.59299149461647,105.63452173298997
2012-11-08 07:00:00,423,176.51612434631028,219.57574240061126,219.34623711678677,219.60431103019792,368.22293011155506,290.39956153362397
2012-11-08 08:00:00,668,176.51612434631028,502.4587229426139,501.8684566654748,502.48532999150154,557.678619949495,512.8258481297844
2012-11-08 09:00:00,275,176.51612434631028,556.8914819313717,557.3393311590194,556.9350510454321,411.7590059523809,415.96320100516067
2012-11-08 10:00:00,161,176.51612434631028,268.3650676537193,268.8834877302548,268.4441906091922,271.8734841269841,270.3246108099338
2012-11-08 11:00:00,171,176.51612434631028,185.4979030740095,185.62813721799122,185.52468186059554,170.56891552891548,194.07464145320108
2012-11-08 12:00:00,235,176.51612434631028,202.96193321184143,203.2904422452005,203.0309739357216,216.34354700854695,221.86040134031893
2012-11-08 13:00:00,228,176.51612434631028,239.65820100503828,240.16173379001606,239.71631216909955,258.87785786435796,241.46663464373043
2012-11-08 14:00:00,182,176.51612434631028,225.97196599035766,226.5462097605395,226.03010956877964,220.82587509712502,226.4549301020988
2012-11-08 15:00:00,233,176.51612434631028,197.26247516826785,197.84898498136585,197.3251245220248,205.22827777777778,208.51700643085064
2012-11-08 16:00:00,339,176.51612434631028,271.9903858090517,272.23990021138684,272.05671540099524,302.34210642135645,283.6983576796084
2012-11-08 17:00:00,592,176.51612434631028,439.43026529512656,439.2887728092102,439.4934286342865,551.8954451659451,485.9888435477458
2012-11-08 18:00:00,507,176.51612434631028,575.8934266031252,576.2831712909805,575.9840884147574,535.8447983127985,599.2376038848024
2012-11-08 19:00:00,373,176.51612434631028,459.5620786688796,460.54877709861205,459.6558920133349,441.60093835331355,402.7908749507318
2012-11-08 20:00:00,245,176.51612434631028,320.4799950821535,321.0377113979121,320.57394921719333,272.25598458485973,290.30646036588297
2012-11-08 21:00:00,233,176.51612434631028,219.34966483486136,219.66188937523702,219.40237216304214,216.81795165945158,218.0612575587104
2012-11-08 22:00:00,161,176.51612434631028,193.16644845343833,193.22447885447508,193.19684158366192,170.27053878066374,180.02350983593306
2012-11-08 23:00:00,87,176.51612434631028,124.25198627564278,124.49364478420436,124.28880774245589,103.47712710900208,108.11381061433988
2012-11-09 00:00:00,55,176.51612434631028,66.42762361086548,66.75612640264004,66.47412151066972,67.36647651653901,78.56109114127601
2012-11-09 01:00:00,20,176.51612434631028,36.37474969474923,36.63295794669395,36.43095778857989,38.666348498723465,39.65516470149865
2012-11-09 02:00:00,12,176.51612434631028,16.55679315232004,16.731437737368196,16.611293702484488,13.92957828282828,17.687472433268038
2012-11-09 03:00:00,9,176.51612434631028,4.252371079612743,4.371263892259435,4.301825251167401,6.435462481962479,7.60497034125446
2012-11-09 04:00:00,14,176.51612434631028,6.872579962769237,6.951953227233929,6.8696567330839855,5.582710678210682,7.60497034125446
2012-11-09 05:00:00,27,176.51612434631028,27.439900539969983,27.445595453311768,27.44393747385284,26.929354256854257,13.080374231043805
2012-11-09 06:00:00,131,176.51612434631028,81.915590571338,81.80213559112036,81.93262320795725,98.23340404040403,93.8576325946721
2012-11-09 07:00:00,341,176.51612434631028,263.333132582762,263.1768444864557,263.36421344944495,374.390322968698,320.1121445504231
2012-11-09 08:00:00,693,176.51612434631028,492.69941222749196,492.4581853795661,492.73215817579353,622.8337315601066,550.354977343383
2012-11-09 09:00:00,327,176.51612434631028,525.7297461649265,525.7536255611313,525.7405966163641,344.7310348124097,389.23491301864067
2012-11-09 10:00:00,197,176.51612434631028,280.9649546194945,281.0697992490178,281.00851675942044,230.2326836219337,267.1865731685168
2012-11-09 11:00:00,251,176.51612434631028,218.52423912019742,218.56286814141245,218.56098658091605,210.9862693001443,203.1715456381256
2012-11-09 12:00:00,262,176.51612434631028,275.0363648304625,275.00760108542465,275.07230815708374,273.3022386363636,274.0779781101016
2012-11-09 13:00:00,299,176.51612434631028,272.2305013103353,272.52638236291347,272.26436066442767,279.4135266955268,293.70979976604565
2012-11-09 14:00:00,274,176.51612434631028,278.6584147392148,278.8546840050094,278.6822716199292,274.5524522005772,305.0397181733158
2012-11-09 15:00:00,356,176.51612434631028,278.20929140210296,278.41000905698627,278.2406035454261,281.2656946248197,284.50067815012403
2012-11-09 16:00:00,434,176.51612434631028,384.8312767713252,384.5708004286049,384.85374096843816,390.7900027056278,410.87366946392245
2012-11-09 17:00:00,654,176.51612434631028,555.1663368326226,554.6637752519647,555.1986587269669,586.3922045454545,605.6281277011673
2012-11-09 18:00:00,496,176.51612434631028,603.0007073815809,602.9140073228835,603.0489113720856,529.0441344488847,596.064647463484
2012-11-09 19:00:00,361,176.51612434631028,407.68546683346904,408.3122790496735,407.727130446247,404.8148571428572,388.48836399677083
2012-11-09 20:00:00,255,176.51612434631028,288.9704963683289,289.18103017289445,288.99842955597956,253.53585517260527,278.91632092648763
2012-11-09 21:00:00,199,176.51612434631028,208.76631016822242,208.94331548994245,208.81184946070252,203.76827743090237,199.88325312383043
2012-11-09 22:00:00,163,176.51612434631028,156.34843663413346,156.48976231412263,156.39330107524432,162.86278260628256,146.4427939934217
2012-11-09 23:00:00,162,176.51612434631028,119.32215950948978,119.51326952069824,119.36207942633551,123.78360336885329,113.84085378254856
2012-11-10 00:00:00,122,176.51612434631028,111.73782539885474,111.82711677761579,111.76796493001305,125.9321030913531,117.769473019772
2012-11-10 01:00:00,76,176.51612434631028,87.47178780157523,87.46703510592798,87.49768145837338,87.97388553113555,88.21631905608507
2012-11-10 02:00:00,44,176.51612434631028,63.39016206739214,63.38150354284615,63.42227315412478,59.296058080808095,41.541487954133174
2012-11-10 03:00:00,20,176.51612434631028,33.62453188876199,33.6955750971579,33.66274584245461,27.72740728715728,30.648663743338297
2012-11-10 04:00:00,6,176.51612434631028,18.711528734947677,18.71895630220584,18.68240439493522,10.997486471861473,19.563092269276382
2012-11-10 05:00:00,10,176.51612434631028,23.62146820980425,23.653393033482473,23.612983107949844,7.544671176046176,14.142839122496234
2012-11-10 06:00:00,16,176.51612434631028,68.39567294011131,68.20269983764832,68.37239177877348,23.485298992673997,46.973568286101255
2012-11-10 07:00:00,71,176.51612434631028,164.14588754577773,164.19930277929046,164.1486504971769,41.706952200577206,78.65570717772938
2012-11-10 08:00:00,146,176.51612434631028,279.9733460658194,280.6357696516832,280.02853166360313,149.90286183261185,167.99220791831192
2012-11-10 09:00:00,259,176.51612434631028,107.90886699974715,109.76268272616986,107.97689913203303,227.13438455988455,218.0879177766472
2012-11-10 10:00:00,350,176.51612434631028,218.33120029494654,218.71849537205705,218.37931374734603,241.4969693362193,262.48460461028145
2012-11-10 11:00:00,466,176.51612434631028,344.48330972436963,343.99163623587447,344.47086382461544,360.9239175685427,359.8683360002984
2012-11-10 12:00:00,606,176.51612434631028,432.48671326441786,431.62245833145255,432.45041868464114,463.0452034632035,463.17836616830056
2012-11-10 13:00:00,651,176.51612434631028,508.77750556176454,507.8191227509359,508.72715293109604,574.006646825397,512.8063840122261
2012-11-10 14:00:00,627,176.51612434631028,533.356482288881,532.2961395819519,533.2964644087276,620.058082792208,551.0496133089641
2012-11-10 15:00:00,567,176.51612434631028,543.4302697457521,542.3896306347492,543.3769090041418,568.374784271284,549.4824571091451
2012-11-10 16:00:00,605,176.51612434631028,555.3121231177541,554.3050003960186,555.2687108531751,533.6204626623379,508.4417743797408
2012-11-10 17:00:00,501,176.51612434631028,660.4393641383332,659.2771310927735,660.4236819731923,558.5440912698415,558.5349090333227
2012-11-10 18:00:00,359,176.51612434631028,464.7039563991151,465.017270432337,464.74796043396975,447.60625613275624,460.4313122790085
2012-11-10 19:00:00,283,176.51612434631028,286.50002030834844,287.59554409898226,286.55051747136184,315.2181677489178,349.7441464654981
2012-11-10 20:00:00,192,176.51612434631028,223.17397998321573,223.7421015220803,223.21252984449183,243.34069660894667,239.2726426692039
2012-11-10 21:00:00,220,176.51612434631028,161.3644680374823,161.76211491560696,161.4011735281699,170.54523051948047,181.30377392320244
2012-11-10 22:00:00,193,176.51612434631028,171.08719183610438,171.18119422128,171.1206452932055,189.50515133477631,168.20847270645243
2012-11-10 23:00:00,146,176.51612434631028,147.11109503064827,147.27073886890625,147.14019457064484,159.95471510434012,142.85243658909832
2012-11-11 00:00:00,124,176.51612434631028,114.99594293873864,115.14029523563289,115.03625953703128,118.06344516594513,108.57892077884368
2012-11-11 01:00:00,108,176.51612434631028,93.3274603594852,93.31927604608353,93.36718265249326,95.13641976079477,86.8444821504356
2012-11-11 02:00:00,70,176.51612434631028,96.83418738029167,96.65328350225576,96.862979364133,79.08879292929299,68.17690397465168
2012-11-11 03:00:00,48,176.51612434631028,46.40413274397508,46.35158322776644,46.44808256044524,34.315154706404705,36.88618123501909
2012-11-11 04:00:00,11,176.51612434631028,28.508722753599955,28.431301298439053,28.500414404399265,13.904663392163393,26.759470059941833
2012-11-11 05:00:00,12,176.51612434631028,18.227808478343633,18.102105404243048,18.21007253848788,7.203657800532798,9.148453592832908
2012-11-11 06:00:00,19,176.51612434631028,50.567147035120286,50.33634763695949,50.564936439344905,25.190211108336115,41.08729694556786
2012-11-11 07:00:00,68,176.51612434631028,124.98731524600143,124.8978846144216,124.99963717374457,51.2765541264291,61.41791414740943
2012-11-11 08:00:00,119,176.51612434631028,194.95118782299986,195.22195084563214,194.98410634072096,125.98102380952383,138.54642558039157
2012-11-11 09:00:00,273,176.51612434631028,83.3389498654449,85.30908347333892,83.42971952371843,217.72350518925515,194.69180412649376
2012-11-11 10:00:00,405,176.51612434631028,241.55908583008795,241.924631012911,241.62238529697322,277.48538816738807,290.1785955734277
2012-11-11 11:00:00,504,176.51612434631028,412.4375249273296,411.8704197544178,412.4311298922029,415.24836960261956,440.3813273525236
2012-11-11 12:00:00,585,176.51612434631028,521.5146658700054,520.8089617496701,521.5037424253651,529.7485186618939,541.215208037649
2012-11-11 13:00:00,686,176.51612434631028,564.5061634936367,563.8945778868238,564.4852853448475,576.3683816738816,576.0141232935877
2012-11-11 14:00:00,654,176.51612434631028,610.5281266447452,609.8048036601932,610.5414896910947,614.2503240370742,609.8593218266369
2012-11-11 15:00:00,724,176.51612434631028,597.0629004427948,596.1110528714723,597.0357131927633,596.6830037878791,580.8715530247539
2012-11-11 16:00:00,653,176.51612434631028,663.6146176099318,662.214965775828,663.5880070614479,592.7115113497614,608.2147596034372
2012-11-11 17:00:00,493,176.51612434631028,673.9490157867069,672.5444871839553,673.9275894895516,557.258009199134,558.2373996114696
2012-11-11 18:00:00,405,176.51612434631028,426.6437824605439,426.8858843699509,426.68845810022526,421.70183531746045,443.34472563754554
2012-11-11 19:00:00,277,176.51612434631028,286.7495772826861,287.59926186387895,286.8039987050887,314.87736947774454,312.76645693315146
2012-11-11 20:00:00,200,176.51612434631028,201.6485323521402,202.16570720812217,201.70326360467905,212.86538095238103,219.1081332801549
2012-11-11 21:00:00,171,176.51612434631028,155.65480228757127,156.01474078238675,155.71074098570588,171.8999063714065,172.7826885548409
2012-11-11 22:00:00,134,176.51612434631028,127.68855804349643,127.94006335315362,127.74354462184645,134.6485692640692,159.2266862558775
2012-11-11 23:00:00,109,176.51612434631028,94.35033878387159,94.69573039309478,94.40771541163058,91.1324487595737,103.07166864678928
2012-11-12 00:00:00,49,176.51612434631028,75.80283562910024,76.1062298540925,75.88536205166136,73.02973237873236,91.1967457621259
2012-11-12 01:00:00,30,176.51612434631028,36.66747969075249,36.9019615118612,36.75059010740371,28.93435160672662,39.09217795914102
2012-11-12 02:00:00,20,176.51612434631028,24.14877610490126,24.284421916436685,24.229809559562597,19.77142207792208,22.20935516115176
2012-11-12 03:00:00,4,176.51612434631028,13.380008015376944,13.50697336737096,13.460111542032593,14.203641372516374,19.027233445879492
2012-11-12 04:00:00,4,176.51612434631028,3.317368769710015,3.415648437217243,3.3450150312798996,5.503426226551226,7.249071292009158
2012-11-12 05:00:00,24,176.51612434631028,17.84510006555044,17.792111089765143,17.86290293940948,16.37497576035076,8.941538643596022
2012-11-12 06:00:00,71,176.51612434631028,64.51193306025566,64.24431734954244,64.5369709504331,69.15727661227665,60.43145834392878
2012-11-12 07:00:00,264,176.51612434631028,181.65567011307664,181.40672694962177,181.6828729530584,144.34565945165946,150.0906068947132
2012-11-12 08:00:00,540,176.51612434631028,387.67289025596244,387.3284330765272,387.70647520132474,375.55566276778774,457.49762384514656
2012-11-12 09:00:00,397,176.51612434631028,427.9790075977753,428.4956803728264,428.0255945546576,396.86724621212124,374.3858235117447
2012-11-12 10:00:00,266,176.51612434631028,328.29560995300506,328.1766182791705,328.3571184887088,334.6719766761017,368.5540724517828
2012-11-12 11:00:00,367,176.51612434631028,291.55431956612614,291.36974858599115,291.5796046139841,275.3423023088023,348.19601674495146
2012-11-12 12:00:00,419,176.51612434631028,375.813910500238,375.4350246865728,375.83810836838205,395.02189013764024,439.90577284989064
2012-11-12 13:00:00,420,176.51612434631028,417.17641700065695,417.26388310444463,417.2384835028332,477.2401475468975,464.0108633114331
2012-11-12 14:00:00,444,176.51612434631028,396.50693491566983,396.44817365037454,396.5351620126595,451.3273403679653,424.7686054642844
2012-11-12 15:00:00,382,176.51612434631028,428.0664986106293,427.89467155087607,428.0981098239571,513.5848475829727,541.5862370796636
2012-11-12 16:00:00,434,176.51612434631028,425.6208577785563,425.4180804770398,425.65378383849054,501.00464303751795,444.22485357476495
2012-11-12 17:00:00,596,176.51612434631028,525.522487139329,524.8760266000031,525.5514648900394,462.7497389416139,484.84751755028503
2012-11-12 18:00:00,551,176.51612434631028,550.3206596818869,550.2683026136096,550.366711035894,559.1852574647576,541.54946274644
2012-11-12 19:00:00,353,176.51612434631028,427.65888892109774,427.96683906619046,427.70503600044515,458.49770670995645,413.429600649986
2012-11-12 20:00:00,304,176.51612434631028,266.4255155478591,266.63705913496347,266.4867705048348,293.13247753635255,284.2540177846646
2012-11-12 21:00:00,155,176.51612434631028,189.3847631993134,189.28378802273267,189.45667382538934,244.95842839105327,196.61701014699273
2012-11-12 22:00:00,112,176.51612434631028,123.44799174949817,123.67092043082637,123.51149812716207,122.0270271117771,135.43202626835543
2012-11-12 23:00:00,63,176.51612434631028,77.94148511525745,78.28833314188202,78.0115554658708,87.32061545399048,101.22172883040841
2012-11-13 00:00:00,23,176.51612434631028,37.90902326303086,38.29387044224728,37.946892698157214,53.28789187201685,63.222961667558494
2012-11-13 01:00:00,5,176.51612434631028,-31.747856338370156,-31.49749857453864,-31.669605593053177,16.244546176046175,16.40161177393968
2012-11-13 02:00:00,11,176.51612434631028,-37.19979763102461,-37.20746844543103,-37.17143172420168,7.286792804417805,-1.772374012719215
2012-11-13 03:00:00,5,176.51612434631028,-37.57019997585897,-37.60416131998693,-37.53631502271196,6.2945881063381055,-2.5384870484368345
2012-11-13 04:00:00,9,176.51612434631028,-2.490213767027086,-2.4922858496748574,-2.5168207957989637,4.810592893217894,5.126201770065627
2012-11-13 05:00:00,18,176.51612434631028,16.02947824171443,15.890166814962612,15.99612463181299,23.84814761627261,10.601605659854972
2012-11-13 06:00:00,50,176.51612434631028,28.265287392524158,27.895096584978035,28.25690252811475,81.09485101010097,67.40828386954443
2012-11-13 07:00:00,107,176.51612434631028,158.41793762459574,158.15939566051378,158.4197263116734,121.62386381673886,120.0515295043784
2012-11-13 08:00:00,211,176.51612434631028,302.46911080007595,302.72865892135474,302.49518397410486,198.6316684704186,230.98976791515838
2012-11-13 09:00:00,110,176.51612434631028,204.51368474502985,206.320288664,204.588994914603,287.76643037518033,230.83166754329937
2012-11-13 10:00:00,94,176.51612434631028,123.22643440716442,124.11673494800124,123.29485615575706,109.41277976190477,111.65929825228378
2012-11-13 11:00:00,155,176.51612434631028,192.19442120502347,192.73949843888008,192.20387219703335,148.77665599678105,159.20947125701088
2012-11-13 12:00:00,196,176.51612434631028,243.2069113351964,243.68367694170604,243.22500454534915,182.58320802808302,234.97597325255967
2012-11-13 13:00:00,218,176.51612434631028,250.87841463380352,251.69448251611595,250.90678658946922,209.10992153679658,243.74027375416497
2012-11-13 14:00:00,203,176.51612434631028,261.75768114354673,262.73858212784967,261.82793022449914,219.12268903318906,278.74714733455454
2012-11-13 15:00:00,217,176.51612434631028,253.5392015237435,254.43496498367728,253.60499261186294,213.1659865551116,239.08318800096052
2012-11-13 16:00:00,310,176.51612434631028,308.46125029387383,309.09415842371544,308.53157038964275,316.19503661616176,319.7091870596142
2012-11-13 17:00:00,608,176.51612434631028,475.63502875469055,475.54837817900295,475.6503867997019,607.6943403679654,551.2641484063113
2012-11-13 18:00:00,559,176.51612434631028,576.1641879562218,576.2767984921048,576.1982262575424,532.186469766345,591.4282767703987
2012-11-13 19:00:00,356,176.51612434631028,434.28880091828387,434.6924682293419,434.31268572480894,423.23558874458854,409.89053005562965
2012-11-13 20:00:00,223,176.51612434631028,290.9241259712477,291.31949641649214,290.96205381964035,266.04588628038647,289.81458318374973
2012-11-13 21:00:00,187,176.51612434631028,177.63947246907156,177.97394406145753,177.67956376590092,187.50042157842165,171.483131413956
2012-11-13 22:00:00,135,176.51612434631028,137.91426281928136,138.07725607400923,137.940793816054,136.2926028138528,148.3206699655446
2012-11-13 23:00:00,84,176.51612434631028,98.24527257662446,98.56422248063005,98.2744855349836,97.89043976856476,108.02913779726381
2012-11-14 00:00:00,24,176.51612434631028,77.20946657966145,77.63841053974977,77.25242653945321,71.29619101731603,76.85177562568695
2012-11-14 01:00:00,12,176.51612434631028,60.95215734015227,61.282728507160144,60.977882996337385,17.99183838383838,62.00854972725325
2012-11-14 02:00:00,1,176.51612434631028,22.416759612972726,22.5992911635407,22.44591784300843,9.781851551226548,8.371083376972079
2012-11-14 03:00:00,5,176.51612434631028,10.964551277441615,11.153555880764657,10.99662625112228,7.1972108585858585,7.60497034125446
2012-11-14 04:00:00,6,176.51612434631028,4.637801633532433,4.775747477841406,4.630779544495226,4.510474206349204,5.6687553239110775
2012-11-14 05:00:00,39,176.51612434631028,17.84692120878421,17.859474236921187,17.840165615911047,24.314894008769002,11.144159213700426
2012-11-14 06:00:00,146,176.51612434631028,76.28507396076445,75.92506825037917,76.2636839375093,130.73610982073484,103.7158052759832
2012-11-14 07:00:00,415,176.51612434631028,221.8837084340929,221.12906776855172,221.84961317555627,440.0818636363637,351.8311326887236
2012-11-14 08:00:00,691,176.51612434631028,457.5137135320707,456.4310688083183,457.4874752850785,541.1568591269839,499.0139975803144
2012-11-14 09:00:00,332,176.51612434631028,482.646313388935,482.57463760958,482.6474815924579,340.8702698412698,369.2310695873559
2012-11-14 10:00:00,171,176.51612434631028,270.3330293026623,270.42259455404667,270.3653699061644,244.91299693362188,265.0816901466026
2012-11-14 11:00:00,151,176.51612434631028,196.0566641051377,196.27363309779267,196.06890248937697,196.02271374458883,210.6151870532126
2012-11-14 12:00:00,240,176.51612434631028,199.78767552362902,200.2311510342283,199.8099920211074,184.42458874458873,206.4173352415003
2012-11-14 13:00:00,214,176.51612434631028,241.13642895286043,241.6793819445379,241.15523078628883,245.84071915584408,250.6001545341423
2012-11-14 14:00:00,181,176.51612434631028,208.80476639381615,209.53749093410238,208.83496607704421,210.24099909812412,230.05651181041816
2012-11-14 15:00:00,260,176.51612434631028,198.97886016705215,199.67164027365786,199.0074955382393,191.76284181096693,212.6461926522113
2012-11-14 16:00:00,321,176.51612434631028,300.37794860521524,300.65994160212597,300.41838039491324,362.2840144300143,344.3505780119761
2012-11-14 17:00:00,583,176.51612434631028,457.73491451962377,457.68417586186104,457.77295043277695,615.4913979076481,540.7252994772716
2012-11-14 18:00:00,567,176.51612434631028,540.620213517968,540.8730074397679,540.667847594889,507.34519264069263,543.9631086243439
2012-11-14 19:00:00,396,176.51612434631028,433.54541873787286,434.0034975354108,433.5856948717046,394.85908423520914,382.52339743417906
2012-11-14 20:00:00,267,176.51612434631028,294.97754806231103,295.30216223012485,295.03071820163655,273.3896603535353,277.4926011576847
2012-11-14 21:00:00,213,176.51612434631028,217.45987702820904,217.84113025274777,217.52273944845564,207.04971049783555,224.36928198249322
2012-11-14 22:00:00,173,176.51612434631028,155.26266559148476,155.53869222563273,155.32540813278283,158.17757126207127,153.99598678696046
2012-11-14 23:00:00,87,176.51612434631028,104.19688054519372,104.33681298130998,104.2261497637209,106.00020490620491,113.33246200919923
2012-11-15 00:00:00,34,176.51612434631028,40.57744566721314,40.98536778296415,40.658294774731274,47.69096410533912,58.83885559551664
2012-11-15 01:00:00,16,176.51612434631028,9.047925001765009,9.358090475646208,9.109134326726263,18.697385239760244,22.338500757075376
2012-11-15 02:00:00,7,176.51612434631028,2.1437206862121627,2.2982116449494754,2.1896456525073233,7.77140623265623,5.886543804587705
2012-11-15 03:00:00,2,176.51612434631028,-4.151117150304771,-3.8674521382522187,-4.081470412440893,4.83561994949495,4.981128114657062
2012-11-15 04:00:00,5,176.51612434631028,-1.8731976926070786,-1.6791888986242895,-1.8633990503462599,4.273283189033192,6.917343132000445
2012-11-15 05:00:00,37,176.51612434631028,21.045420128726818,21.090769890903942,21.047438749071233,30.642569409756906,12.832198959524892
2012-11-15 06:00:00,147,176.51612434631028,102.41527281794104,102.18758180900232,102.41443221111675,134.54976388888892,103.6779939881762
2012-11-15 07:00:00,410,176.51612434631028,324.27462972350963,323.89391732570107,324.2716084714875,437.64686183261176,410.4783366590007
2012-11-15 08:00:00,646,176.51612434631028,587.7496901645503,587.1109462292214,587.7501977693607,637.0348272283272,659.4345898027485
2012-11-15 09:00:00,323,176.51612434631028,417.4587892811476,417.6095448191777,417.49445943693433,318.8990043012543,317.0447173324662
2012-11-15 10:00:00,153,176.51612434631028,228.9176502449506,229.0811698790938,228.97854652677904,171.07261940836935,212.16729172885076
2012-11-15 11:00:00,166,176.51612434631028,178.7106295542159,178.9827939174605,178.72996615395493,179.34511904761897,189.3801794695053
2012-11-15 12:00:00,213,176.51612434631028,223.5584618605934,223.99491534770164,223.59307764040463,209.40308405483407,217.89750595399576
2012-11-15 13:00:00,217,176.51612434631028,223.3165329900508,224.0830150883641,223.37036944538636,216.35140724553239,225.66241125882553
2012-11-15 14:00:00,201,176.51612434631028,199.93488420352213,200.71669582125284,199.99198387683913,210.82864682539687,223.5822055169886
2012-11-15 15:00:00,217,176.51612434631028,225.63962853536188,226.4236793359429,225.69745158276748,226.52561714674218,234.34147303012375
2012-11-15 16:00:00,342,176.51612434631028,297.9377999864438,298.3468067221798,297.972822799317,322.4314206349207,299.51813062192355
2012-11-15 17:00:00,563,176.51612434631028,525.4501328201709,525.3868313029749,525.4797467009982,587.5893274642028,608.5727695285088
2012-11-15 18:00:00,573,176.51612434631028,522.8293029340971,523.1808038690223,522.8850831965115,496.9775234487734,532.8543142396445
2012-11-15 19:00:00,386,176.51612434631028,419.2578912326845,419.67135516756116,419.2972263845239,381.4994639249638,403.1895788449975
2012-11-15 20:00:00,285,176.51612434631028,281.48366276462104,281.7750803586934,281.53088821049164,274.7288172521922,279.1839059453608
2012-11-15 21:00:00,224,176.51612434631028,219.2872612580878,219.56170599546883,219.34347711710947,210.40875793650775,214.60949919969457
2012-11-15 22:00:00,153,176.51612434631028,166.8640041167365,167.05446326191137,166.9117111020534,169.40639538239535,166.90018376846874
2012-11-15 23:00:00,125,176.51612434631028,94.19522648251505,94.50593255634871,94.24982021593267,105.92374191086692,100.74965343837799
2012-11-16 00:00:00,65,176.51612434631028,67.6330738579943,67.81273062958607,67.69513312234841,62.1059411976912,80.50045037107762
2012-11-16 01:00:00,21,176.51612434631028,29.8656163713857,30.082150637937275,29.933757339866332,27.544771284271274,31.608380081523244
2012-11-16 02:00:00,9,176.51612434631028,6.791764368069039,6.945851810497203,6.848781010105796,10.440476731601729,15.063630206670618
2012-11-16 03:00:00,6,176.51612434631028,-2.118313476016766,-1.9137538823852935,-2.056912756386538,5.177296356421356,7.1751923024272735
2012-11-16 04:00:00,5,176.51612434631028,1.8357171504075325,2.0404514680936643,1.8583551943319776,5.464825382950385,8.280384148694138
2012-11-16 05:00:00,36,176.51612434631028,20.537287088349416,20.65109885648016,20.560750452664877,30.204332653457655,13.755788038483477
2012-11-16 06:00:00,130,176.51612434631028,105.615106955437,105.51691278472606,105.64284051621917,131.51304924242422,105.77626161019893
2012-11-16 07:00:00,367,176.51612434631028,297.07751402032073,296.7886165851953,297.0989920214537,338.3527866161616,325.91521834735175
2012-11-16 08:00:00,711,176.51612434631028,563.2699431926795,562.8575060066889,563.3001614097195,620.7859530747031,642.4095613023769
2012-11-16 09:00:00,351,176.51612434631028,473.87173647520797,473.86734879879396,473.9105718927565,336.8015088800089,351.4204130616205
2012-11-16 10:00:00,198,176.51612434631028,257.2327342981995,257.26024362624787,257.2856418042039,206.18820657120662,227.37397757233984
2012-11-16 11:00:00,218,176.51612434631028,230.8954690879089,231.1727078509359,230.945235873227,229.48171879509394,230.6749798194824
2012-11-16 12:00:00,290,176.51612434631028,262.1070763758037,262.431276631504,262.1619411542172,262.4754621212121,269.9904964416925
2012-11-16 13:00:00,278,176.51612434631028,291.39388145176275,291.91544496584186,291.4439373181913,287.6832892385393,315.1860386562158
2012-11-16 14:00:00,251,176.51612434631028,268.3967319602283,269.0290058533109,268.44745225321844,269.845167998668,311.08611286226466
2012-11-16 15:00:00,267,176.51612434631028,284.51273201850614,285.1514430978672,284.56444292130294,287.6157794011544,289.12356429632996
2012-11-16 16:00:00,383,176.51612434631028,358.88133077482155,359.2885227565355,358.9430912562591,401.2189715007214,422.9630892434803
2012-11-16 17:00:00,580,176.51612434631028,566.6769900015004,566.4798140737493,566.7062850874509,623.0640591630593,655.2892729226111
2012-11-16 18:00:00,505,176.51612434631028,538.2040736707422,538.5333058411425,538.2652716549981,506.6133695887445,557.4963831613758
2012-11-16 19:00:00,332,176.51612434631028,383.2388715346194,383.93004332317696,383.298697580579,368.3696942640693,392.1391896771705
2012-11-16 20:00:00,227,176.51612434631028,254.570617986057,255.0387594775121,254.62174499799409,262.211321997447,252.3409339276448
2012-11-16 21:00:00,178,176.51612434631028,187.42667375701268,187.89247468547885,187.49221288946512,195.9273021284271,180.06463859205977
2012-11-16 22:00:00,162,176.51612434631028,143.77000975118762,144.09902870545716,143.8247625386329,159.4141323953824,154.99060284798153
2012-11-16 23:00:00,128,176.51612434631028,126.42448089288655,126.7230764982921,126.47530750916077,121.76939155289156,129.39649761963466
2012-11-17 00:00:00,106,176.51612434631028,91.92725305657265,92.14676746021463,91.97586676357255,105.3437518037518,91.76696449516277
2012-11-17 01:00:00,87,176.51612434631028,68.53695327082929,68.55150161380062,68.57078140759626,78.08104437229441,71.22520958706497
2012-11-17 02:00:00,49,176.51612434631028,55.7456230171089,55.646693437904645,55.77468418940987,59.600320554445545,56.0210272240087
2012-11-17 03:00:00,21,176.51612434631028,27.206367246336697,27.22239717000363,27.239668699670986,24.10001028138528,31.221837743987983
2012-11-17 04:00:00,7,176.51612434631028,11.515882454215216,11.492368919691927,11.486633063477626,7.346132034632032,19.563092269276382
2012-11-17 05:00:00,11,176.51612434631028,20.873603223682665,20.8662517383398,20.859688697930665,6.94427453102453,12.779798105802541
2012-11-17 06:00:00,21,176.51612434631028,67.2878072977538,67.05239293677417,67.26800588072172,23.903254259629257,46.342439857290955
2012-11-17 07:00:00,78,176.51612434631028,176.77726582050855,176.66097847573934,176.77128513781588,50.91890244477745,83.5882438766366
2012-11-17 08:00:00,168,176.51612434631028,296.4120662983537,296.805786376774,296.44891415120856,156.91438412975916,195.66859273690423
2012-11-17 09:00:00,248,176.51612434631028,147.68228053093532,149.56122829476755,147.75520898955955,290.1922707431459,234.50370894205918
2012-11-17 10:00:00,320,176.51612434631028,234.45553330808752,234.884051081093,234.49640845240577,292.2053654401153,295.7180275185149
2012-11-17 11:00:00,423,176.51612434631028,351.37761480730103,351.27609094291165,351.39479905067026,363.4427287712287,381.4640477497571
2012-11-17 12:00:00,476,176.51612434631028,462.41702042472684,462.15471644774277,462.42777843635224,464.8877242063494,518.0958491401152
2012-11-17 13:00:00,525,176.51612434631028,476.534118219019,476.50030786714103,476.54708601257823,493.6237380952382,519.7312694809787
2012-11-17 14:00:00,555,176.51612434631028,486.6390497042445,486.4760628605318,486.6445273322081,537.760025793651,529.6224811833569
2012-11-17 15:00:00,549,176.51612434631028,505.8359389298005,505.42955027425865,505.8451220335796,569.9433908730157,529.1641631988591
2012-11-17 16:00:00,469,176.51612434631028,560.0959095986263,559.5097110391308,560.1065617098599,526.5763462370963,551.0811825086859
2012-11-17 17:00:00,403,176.51612434631028,587.5407262035606,587.0710264613166,587.5725284476073,485.4858694083694,536.6029024710592
2012-11-17 18:00:00,271,176.51612434631028,399.3145658651649,400.2581756146384,399.3904703196271,364.5913330419582,428.52192213050125
2012-11-17 19:00:00,253,176.51612434631028,223.76500494433927,225.2591441156987,223.84078310739892,261.1505348262847,267.47206845569605
2012-11-17 20:00:00,172,176.51612434631028,179.78445091609439,180.50521596422345,179.84025180785238,209.35546699134196,209.1693520585971
2012-11-17 21:00:00,139,176.51612434631028,145.0449470216178,145.7198233154349,145.1128245913918,173.6369482323233,172.8774534075691
2012-11-17 22:00:00,145,176.51612434631028,122.19725501684806,122.77457098754164,122.26410098602256,146.81833910533913,148.92940821571813
2012-11-17 23:00:00,133,176.51612434631028,105.47333163208059,105.85636207822974,105.5261769727208,123.00978506216,107.0199172911231
2012-11-18 00:00:00,129,176.51612434631028,90.2034159096606,90.3308058543856,90.25562843198482,105.5015232683983,85.02797732678175
2012-11-18 01:00:00,95,176.51612434631028,95.88956306308683,95.77275583917785,95.91843461167183,94.31789690864693,76.10211015302558
2012-11-18 02:00:00,73,176.51612434631028,69.95159711985855,69.79049967057162,69.98273256916683,70.1299495920746,52.91524079127003
2012-11-18 03:00:00,46,176.51612434631028,40.11998470803505,40.01075981504843,40.159442640895264,39.168494089244085,33.924248375691484
2012-11-18 04:00:00,12,176.51612434631028,18.726689945967763,18.574685439043947,18.706753550109937,10.144076701076704,24.59436776448228
2012-11-18 05:00:00,12,176.51612434631028,19.080531558363163,18.994477978569734,19.07198329670547,8.507821872571869,8.890604422406081
2012-11-18 06:00:00,15,176.51612434631028,52.1823573222223,51.83984118924761,52.16397567785371,21.429153998779,37.918448956999725
2012-11-18 07:00:00,42,176.51612434631028,130.2996861946439,130.0110505756992,130.2930338994085,37.5615984848485,43.242533426064306
2012-11-18 08:00:00,119,176.51612434631028,192.1019227446542,192.25437721814203,192.12310770976828,99.64564264901765,93.2855357517384
2012-11-18 09:00:00,204,176.51612434631028,102.25261817550137,104.14988260540073,102.32717722903878,201.2094902181152,210.86087049636086
2012-11-18 10:00:00,329,176.51612434631028,231.22455720140977,231.72454363190104,231.26247753302488,315.8303555194805,254.62592698022704
2012-11-18 11:00:00,359,176.51612434631028,386.43872130134173,386.29591148919087,386.46295984002563,393.6710597041848,423.52164085083575
2012-11-18 12:00:00,442,176.51612434631028,439.0409918646767,438.91648228304734,439.06517743001325,445.39604401154435,483.674000520579
2012-11-18 13:00:00,447,176.51612434631028,489.80779080460513,489.858557220292,489.8332624694691,497.9003470418474,554.170301727125
2012-11-18 14:00:00,428,176.51612434631028,480.669791371933,480.8082976487176,480.69786006463846,509.16334902597447,530.4566964484454
2012-11-18 15:00:00,407,176.51612434631028,498.567881200943,498.69696668040297,498.59703716243894,505.0543906926407,580.4020222675334
2012-11-18 16:00:00,372,176.51612434631028,484.88055799161384,484.69885737970003,484.9151678378953,470.51308755133743,508.90292122025625
2012-11-18 17:00:00,280,176.51612434631028,490.74115315536915,490.35953936889985,490.77970909214014,363.1571882006883,449.58683687865744
2012-11-18 18:00:00,276,176.51612434631028,298.30447999752255,299.39635431339286,298.37640353360115,283.5611360722611,313.84368839311634
2012-11-18 19:00:00,210,176.51612434631028,210.10377326035965,211.37579116786162,210.1644846185242,240.7790146103896,262.2796902239799
2012-11-18 20:00:00,129,176.51612434631028,152.30715991158337,153.0466834599457,152.35914847829622,175.0061417748918,188.63854414713649
2012-11-18 21:00:00,110,176.51612434631028,107.25535755564962,107.79597044574791,107.29720597161777,129.65159289321792,141.20055671874275
2012-11-18 22:00:00,74,176.51612434631028,86.75019949957635,87.18935862008055,86.79842870611135,112.0592741286492,118.61620596695344
2012-11-18 23:00:00,59,176.51612434631028,61.99561444942799,62.513285005066265,62.04930355748908,80.59749045399046,75.8986956380783
2012-11-19 00:00:00,27,176.51612434631028,48.20117753780805,48.555434181931005,48.24744507014327,32.567177849927845,50.41133557093854
2012-11-19 01:00:00,19,176.51612434631028,21.131641897557728,21.418380305261707,21.182882898443808,15.615445707070714,25.380460830355492
2012-11-19 02:00:00,5,176.51612434631028,17.54931275664771,17.66314015465153,17.58785865389578,9.817742784992785,15.074774229099964
2012-11-19 03:00:00,2,176.51612434631028,1.3644827580533843,1.5445528609681958,1.4150642675455742,3.9708584054834053,10.509332796752883
2012-11-19 04:00:00,12,176.51612434631028,-1.1475601341957429,-1.0425340640091463,-1.1487293301247234,4.537997474747478,7.7897105287517
2012-11-19 05:00:00,39,176.51612434631028,20.730751438712815,20.70044207264968,20.729157858251256,28.825227855477856,13.265114418541039
2012-11-19 06:00:00,131,176.51612434631028,76.560139604374,76.18135950372306,76.54456276178988,132.53848752636253,99.442598616084
2012-11-19 07:00:00,386,176.51612434631028,230.78116058590416,230.14892035063218,230.76373761274183,338.60990584415595,289.1215325559838
2012-11-19 08:00:00,663,176.51612434631028,468.7060968761616,467.74124358587676,468.6807866678105,571.9705863997114,576.5388060568698
2012-11-19 09:00:00,278,176.51612434631028,434.3190934667914,434.24281901011807,434.3244287356649,324.5448742784993,328.21915569883976
2012-11-19 10:00:00,139,176.51612434631028,245.1440576272599,245.36588665727112,245.18374131384135,220.64422438672437,214.43677380639508
2012-11-19 11:00:00,197,176.51612434631028,236.40095576137185,236.802669498696,236.44086722060806,166.8647478354978,210.148329123644
2012-11-19 12:00:00,242,176.51612434631028,303.3199091936051,303.66814365546577,303.36310484648106,258.3735632700633,278.69788674731404
2012-11-19 13:00:00,251,176.51612434631028,315.91552435195547,316.45552047843023,315.9484457535839,362.2557607531355,321.88541283710083
2012-11-19 14:00:00,217,176.51612434631028,313.20779503507754,313.8202876291668,313.24207330043254,361.63536392773887,340.8680778593992
2012-11-19 15:00:00,257,176.51612434631028,292.005146347469,292.54338003731345,292.03745328212506,245.15771737984244,276.33065903225656
2012-11-19 16:00:00,380,176.51612434631028,352.1487237742184,352.23288257537007,352.1766792945949,387.3728151431901,386.30718762636366
2012-11-19 17:00:00,619,176.51612434631028,505.4268022566789,504.88023305320974,505.4430685078595,544.640226953602,571.3690618172824
2012-11-19 18:00:00,580,176.51612434631028,522.4180061455304,522.4057511517055,522.4743228815997,502.9368686868685,528.0518569067377
2012-11-19 19:00:00,406,176.51612434631028,391.98892720131835,392.27658596553886,392.0439273986,363.0856810966811,367.593030796094
2012-11-19 20:00:00,259,176.51612434631028,276.716901280529,276.86308693649664,276.77425110952277,269.41742460317454,268.9051695885369
2012-11-19 21:00:00,203,176.51612434631028,173.5518690733719,173.80397823576152,173.62340263118196,204.3829020562771,186.9794012031877
2012-11-19 22:00:00,113,176.51612434631028,138.31684188784922,138.44858107745472,138.36171667094098,145.2904555722056,149.43799525482413
2012-11-19 23:00:00,74,176.51612434631028,69.84657553117331,70.21656871312871,69.89913543431098,74.00651966089467,89.84257616221673
2012-11-20 00:00:00,29,176.51612434631028,38.19995805421493,38.50946719000535,38.246528905700046,37.93248935786437,50.694563074606066
2012-11-20 01:00:00,13,176.51612434631028,15.947889096652574,16.240024191252928,15.993300129116363,13.690202380952385,23.594699077734646
2012-11-20 02:00:00,5,176.51612434631028,4.437869930607405,4.6289504828592385,4.483719060650429,8.415748584748583,7.110282167068368
2012-11-20 03:00:00,2,176.51612434631028,-2.4337132526407004,-2.2170770047601707,-2.3853372458501383,3.4557047258297255,6.7992719111197655
2012-11-20 04:00:00,6,176.51612434631028,1.0715235934902978,1.2177713867638147,1.065863896196447,4.967211940836943,8.280384148694138
2012-11-20 05:00:00,34,176.51612434631028,22.055762737709273,22.09986573900204,22.048581945778068,26.497519730269737,14.930466581547634
2012-11-20 06:00:00,148,176.51612434631028,87.65080376488912,87.43795799482638,87.64263749366899,127.24690148740152,104.29968577496054
2012-11-20 07:00:00,418,176.51612434631028,267.08336641157507,266.66664282959886,267.0814501495007,441.4102610028858,401.50112623157156
2012-11-20 08:00:00,665,176.51612434631028,507.06198471531764,506.27186728820755,507.05059055479796,637.4831343378842,571.1270660890225
2012-11-20 09:00:00,326,176.51612434631028,391.38763105928876,391.3435924765025,391.412402264752,321.23991360028845,286.9236848284527
2012-11-20 10:00:00,176,176.51612434631028,215.63207610723404,215.61096603214128,215.67577809492124,176.73740963203463,202.11427450108593
2012-11-20 11:00:00,205,176.51612434631028,196.61569633809614,196.62597483832752,196.6209051075724,183.767835026085,192.33439660423522
2012-11-20 12:00:00,313,176.51612434631028,240.02854508631847,240.05325036475344,240.03361245617168,265.6457607392608,242.06656245719282
2012-11-20 13:00:00,267,176.51612434631028,285.63182187862276,285.67563542663896,285.6332828760926,257.60773466810974,277.23719594064187
2012-11-20 14:00:00,224,176.51612434631028,238.99948548007436,239.27005971189163,239.01262774749756,234.67625613275612,257.6572463537395
2012-11-20 15:00:00,287,176.51612434631028,237.5063169745313,237.8441419232727,237.52268203899575,234.23915592740593,247.9110153069119
2012-11-20 16:00:00,395,176.51612434631028,341.80030640036716,341.7304840448975,341.8145577552285,366.75970436507924,365.6131910106961
2012-11-20 17:00:00,590,176.51612434631028,563.8448230007514,563.4085070924624,563.8566926742941,579.7352413142414,628.0551442139645
2012-11-20 18:00:00,550,176.51612434631028,553.3243523549712,553.5667098705137,553.3730390454975,508.7479175685426,564.142243627527
2012-11-20 19:00:00,384,176.51612434631028,407.90712641530797,408.3783009579579,407.94145587761557,382.7847016455764,395.146137420507
2012-11-20 20:00:00,235,176.51612434631028,269.9507292364849,270.13628590501276,269.98328018982164,257.0201126373627,262.8856055625741
2012-11-20 21:00:00,157,176.51612434631028,189.587562040763,189.93083458756536,189.6293219444036,186.80011994949496,190.27942771027773
2012-11-20 22:00:00,122,176.51612434631028,125.23507673225484,125.59119377648827,125.27852139710461,130.84264815739817,135.85199408478678
2012-11-20 23:00:00,83,176.51612434631028,81.57349647018751,81.89037784390462,81.60772857611876,84.79664664502165,92.08935672926073
2012-11-21 00:00:00,26,176.51612434631028,45.20711322587728,45.46480934668534,45.24403862538287,40.748591269841285,53.89578015679329
2012-11-21 01:00:00,14,176.51612434631028,12.636016450590148,12.879525346529931,12.669910513388771,11.796145923520928,20.57801813811459
2012-11-21 02:00:00,8,176.51612434631028,7.672987527022315,7.750526478865311,7.693508299047153,8.058047175047179,6.574171013841724
2012-11-21 03:00:00,2,176.51612434631028,3.362958137137639,3.4514693022129848,3.383750335188637,3.473068542568543,5.6687553239110775
2012-11-21 04:00:00,10,176.51612434631028,4.690218339174095,4.739838269987018,4.661146111458635,4.576973124098124,5.6687553239110775
2012-11-21 05:00:00,29,176.51612434631028,32.13144234097598,32.08513060098397,32.10358750714637,33.05451266788768,11.144159213700426
2012-11-21 06:00:00,101,176.51612434631028,112.13399133025601,112.01748763526348,112.1233103958522,122.46679256854259,95.49063908659264
2012-11-21 07:00:00,273,176.51612434631028,306.2117314636432,306.2208238183033,306.21653929707713,328.38419856532363,341.32625265456056
2012-11-21 08:00:00,551,176.51612434631028,514.3716994760159,514.5522182403853,514.3981810849444,515.9366750610501,614.6031400574238
2012-11-21 09:00:00,365,176.51612434631028,381.9505945322037,382.45642469214147,381.9775665795446,315.2380649350651,330.300742086376
2012-11-21 10:00:00,172,176.51612434631028,265.8416382784536,265.7895730914028,265.88163070946314,197.15544498556994,261.06427550910274
2012-11-21 11:00:00,241,176.51612434631028,200.13973749132026,200.27643549985112,200.16191557306695,185.53212963425472,206.63297942450978
2012-11-21 12:00:00,344,176.51612434631028,287.2396128034896,287.34214992456725,287.2618959683316,284.95716251803765,287.789372945412
2012-11-21 13:00:00,365,176.51612434631028,310.4637630965462,310.52727795115175,310.4834777377863,306.45157976745475,303.9872675808631
2012-11-21 14:00:00,413,176.51612434631028,301.1732924098511,301.1807699314474,301.185346196384,284.29066865079363,314.0685928779801
2012-11-21 15:00:00,449,176.51612434631028,369.06020885936744,368.84559077470396,369.06094745101836,351.4860287490288,367.8561376954203
2012-11-21 16:00:00,469,176.51612434631028,450.03156068006695,449.5341502804822,450.0406983343903,422.1386158008658,471.2473208408411
2012-11-21 17:00:00,374,176.51612434631028,606.3760054320338,605.7692661307511,606.395128411306,542.1634514790766,620.5630642720732
2012-11-21 18:00:00,311,176.51612434631028,435.47273377181205,436.5761032688837,435.55450883670096,455.31702182539686,480.0991698831239
2012-11-21 19:00:00,243,176.51612434631028,279.3846612304483,280.87697236029936,279.47482113069753,338.01191500166505,331.6348825780034
2012-11-21 20:00:00,136,176.51612434631028,198.21634743188176,198.9538430715747,198.26881560926222,212.00434487734495,209.31008667312977
2012-11-21 21:00:00,105,176.51612434631028,131.50334421378773,132.27667372147243,131.57125792607064,158.03996500721507,148.12497953979025
2012-11-21 22:00:00,88,176.51612434631028,103.6018405574397,104.28039257006455,103.67375486692214,112.72402296314802,119.22683321330335
2012-11-21 23:00:00,57,176.51612434631028,65.15351271646972,65.7500560429896,65.21824682158805,74.22095418470415,81.75310592368488
2012-11-22 00:00:00,46,176.51612434631028,24.27505205843238,24.656608854418693,24.362848154410045,30.632589285714275,44.34752365929774
2012-11-22 01:00:00,42,176.51612434631028,18.171318076960887,18.443389384228198,18.264605842168663,22.924145923520904,28.116879000529728
2012-11-22 02:00:00,18,176.51612434631028,18.346443581136157,18.407606557354057,18.421873413793293,18.99119545732046,22.12661860274897
2012-11-22 03:00:00,6,176.51612434631028,1.0716347018659746,1.2001518525231347,1.1499539054281342,7.514979437229437,9.207737691057888
2012-11-22 04:00:00,3,176.51612434631028,-0.8188862030966391,-0.7671436370035281,-0.8035165178241925,4.480417388167388,5.652849608244541
2012-11-22 05:00:00,8,176.51612434631028,19.47202347394071,19.521150892200723,19.503261584506333,27.606806457431457,7.345316959831402
2012-11-22 06:00:00,17,176.51612434631028,86.50969703621357,86.45830069644252,86.54676012161696,29.295029956154945,42.83736359767284
2012-11-22 07:00:00,56,176.51612434631028,227.56973849899134,227.70301927363016,227.61055862565212,49.46888186813187,110.9154734110043
2012-11-22 08:00:00,97,176.51612434631028,362.18090719150473,362.9191347086537,362.2463098246267,137.682479978355,211.17329724304426
2012-11-22 09:00:00,119,176.51612434631028,117.96629584526548,120.25738424547049,118.1095790016668,196.88753188478194,198.72236710982347
2012-11-22 10:00:00,219,176.51612434631028,111.98953057712451,112.78229545922802,112.09313000389245,159.03712319624825,166.34770352121677
2012-11-22 11:00:00,232,176.51612434631028,233.40329406937667,233.44790086816596,233.4589294698695,218.38269967532472,262.86331311679163
2012-11-22 12:00:00,262,176.51612434631028,279.2542882188895,279.45754649813074,279.31492348892215,298.2263809523809,292.3124127343645
2012-11-22 13:00:00,269,176.51612434631028,277.5484589745868,278.01616634896055,277.6093324825925,302.28733479020974,304.2216454845939
2012-11-22 14:00:00,220,176.51612434631028,276.4363810422277,276.9955834641794,276.49751947658893,295.6260293179042,312.0849559493629
2012-11-22 15:00:00,228,176.51612434631028,270.0735869382274,270.7257165048315,270.14097095985767,234.30695643245636,262.96429282492363
2012-11-22 16:00:00,182,176.51612434631028,335.0516270304032,335.4383984636314,335.11841325608543,309.9388697691198,297.95678394756476
2012-11-22 17:00:00,109,176.51612434631028,404.22489855846203,404.39283445152546,404.2878347834036,281.2097461427461,269.6378266444976
2012-11-22 18:00:00,70,176.51612434631028,242.31212922618053,244.08848453856174,242.44363114647072,275.8079285991786,222.7782779577647
2012-11-22 19:00:00,44,176.51612434631028,111.083499441898,113.11776638083873,111.19679285125204,94.28405375180378,125.49387453035638
2012-11-22 20:00:00,52,176.51612434631028,66.89548278002229,68.22031434806,67.00066069908411,66.90831313131312,88.90436340154467
2012-11-22 21:00:00,46,176.51612434631028,68.13351098275953,69.02564418959085,68.23070104563678,64.7465818903319,72.98619895967563
2012-11-22 22:00:00,44,176.51612434631028,52.41424747224801,53.17801780894807,52.521602969391054,60.34986832611833,70.3912972737339
2012-11-22 23:00:00,36,176.51612434631028,36.29438390816287,36.98564877660618,36.3954823342971,55.18647817460318,60.96292130847708
2012-11-23 00:00:00,32,176.51612434631028,26.845593666072688,27.419192313202444,26.927675300880097,32.60482882395383,43.1881559510003
2012-11-23 01:00:00,13,176.51612434631028,20.84323730609043,21.115562184642243,20.89642087873321,20.63850921300922,20.821628445519153
2012-11-23 02:00:00,5,176.51612434631028,9.705339941198417,9.927522605997865,9.768068189239983,9.483760489510487,6.434868359628689
2012-11-23 03:00:00,1,176.51612434631028,2.6913249244393,2.9924396351830183,2.7680105040114427,4.200644536019535,5.926604494337906
2012-11-23 04:00:00,4,176.51612434631028,1.886222405333882,2.0219662325898753,1.8896851895610496,4.285311507936507,5.6687553239110775
2012-11-23 05:00:00,10,176.51612434631028,23.938072084146484,24.032134220113647,23.95564945734381,27.65798920523921,11.144159213700426
2012-11-23 06:00:00,20,176.51612434631028,78.21529452888583,78.10160412737852,78.23214436834185,48.02244748307248,67.49013494249195
2012-11-23 07:00:00,77,176.51612434631028,196.0863368127131,196.0075371906143,196.10678142479708,79.9280081168831,145.3756741812835
2012-11-23 08:00:00,94,176.51612434631028,327.0877760041492,327.2301287814322,327.09045178190377,161.02711706349203,292.8900255597143
2012-11-23 09:00:00,112,176.51612434631028,89.89434511513258,91.83110878354373,89.96978450206382,170.02222113997115,194.82074290988643
2012-11-23 10:00:00,201,176.51612434631028,128.03237672533837,128.87206896728927,128.10357692588934,164.06048845598846,145.83319449987783
2012-11-23 11:00:00,251,176.51612434631028,234.8695492119906,235.00880497853376,234.90477634456707,221.20012423687425,221.1357743946996
2012-11-23 12:00:00,379,176.51612434631028,295.99371515217706,296.1379065363859,296.0340236068979,302.2706358225107,306.3922492419451
2012-11-23 13:00:00,424,176.51612434631028,344.6811604702625,344.70844131897957,344.7093821946447,351.3004316378068,361.0785234220862
2012-11-23 14:00:00,435,176.51612434631028,351.13500049128174,351.0265235444062,351.14859189767134,352.30102994228,354.614266586653
2012-11-23 15:00:00,447,176.51612434631028,373.56638616894475,373.3101313875536,373.5803697957426,380.1050869408368,387.11667575060505
2012-11-23 16:00:00,357,176.51612434631028,425.98613759389536,425.3346725496797,425.9890800506488,401.18194696969687,429.2845307576607
2012-11-23 17:00:00,300,176.51612434631028,468.00662743844,467.14154309545097,468.0005758380279,504.39261716061753,505.4440439610658
2012-11-23 18:00:00,208,176.51612434631028,303.932691537907,304.57279243665994,303.9873067631589,385.3616217532467,379.39929456819954
2012-11-23 19:00:00,154,176.51612434631028,153.02580641478443,154.35326895816613,153.0996354880921,220.08351731601735,212.3734066374753
2012-11-23 20:00:00,142,176.51612434631028,118.04239967799603,118.84224342621393,118.103012897202,169.78438492063495,143.3008955266026
2012-11-23 21:00:00,98,176.51612434631028,111.22544354558582,111.69056605374935,111.28609803749517,135.72113293650796,131.49707004714435
2012-11-23 22:00:00,79,176.51612434631028,83.01294873505478,83.57873370050413,83.1054628004523,100.43828015040515,99.3688219951039
2012-11-23 23:00:00,67,176.51612434631028,59.72415604100746,60.32140114581075,59.81650422619977,73.01851713564216,73.2778266351215
2012-11-24 00:00:00,42,176.51612434631028,50.06207401310556,50.568867966430446,50.14432472495069,48.820436868686855,52.40279383301629
2012-11-24 01:00:00,20,176.51612434631028,32.60350190575065,32.791624961324686,32.63335556495548,33.83184844322345,32.01076595578592
2012-11-24 02:00:00,32,176.51612434631028,14.326908889616533,14.470713465758394,14.371825688069919,20.36696031746033,23.473311315691404
2012-11-24 03:00:00,11,176.51612434631028,15.340279821607368,15.476185192421866,15.391815190767574,19.86417081529581,26.72970447358249
2012-11-24 04:00:00,3,176.51612434631028,2.6922983630157944,2.7542791829767452,2.679237484733818,5.875342823842821,12.788049240771311
2012-11-24 05:00:00,3,176.51612434631028,13.247364239970437,13.264560620664525,13.242465833589591,6.537700937950937,13.815756260206747
2012-11-24 06:00:00,10,176.51612434631028,46.267692660134074,46.028493326521584,46.261314299973776,11.195180194805197,25.908347734406494
2012-11-24 07:00:00,25,176.51612434631028,120.50152643579325,120.19126822416884,120.50608207274182,32.11439787989788,37.60395938102112
2012-11-24 08:00:00,62,176.51612434631028,169.08830349340622,168.96340316651435,169.0939977016638,62.45121657509159,81.47466569147294
2012-11-24 09:00:00,122,176.51612434631028,34.11205663259176,36.01447189939063,34.18544665452697,96.41632466144965,87.20759160385123
2012-11-24 10:00:00,142,176.51612434631028,142.8534064315462,143.69612924653129,142.91671255427687,161.18119227994228,233.2292934235637
2012-11-24 11:00:00,186,176.51612434631028,230.30037820552556,230.68777051290073,230.32335451830045,167.78764943389945,273.1986528151498
2012-11-24 12:00:00,199,176.51612434631028,291.96199114239295,292.3957613428287,291.99655533260733,230.17321536796535,276.2311389200063
2012-11-24 13:00:00,225,176.51612434631028,304.0248433034842,304.8974223173286,304.06514500457155,240.91046622821614,285.73439010922704
2012-11-24 14:00:00,207,176.51612434631028,314.6575509656516,315.5265055269539,314.6948684817255,271.28871244033735,316.8840195006445
2012-11-24 15:00:00,198,176.51612434631028,317.018243557411,317.84479893439334,317.05983094812495,266.08740453990447,280.92650129389466
2012-11-24 16:00:00,170,176.51612434631028,313.80272369045554,314.05948391041665,313.82186034508635,278.2615010822511,275.86781675949396
2012-11-24 17:00:00,126,176.51612434631028,338.12896621251343,337.73438760307994,338.1288724682353,168.25842171717173,245.19968356969156
2012-11-24 18:00:00,145,176.51612434631028,162.80112970356254,163.83853159491255,162.86520154720523,146.29762706737705,179.65634285342446
2012-11-24 19:00:00,83,176.51612434631028,109.55399117219962,111.00754891184894,109.6204998302415,141.49632142857143,171.31971977130726
2012-11-24 20:00:00,58,176.51612434631028,62.250837641668824,63.19690469118328,62.303341637325204,86.06880214230216,91.63457776486295
2012-11-24 21:00:00,75,176.51612434631028,50.68765691830707,51.40279332299802,50.744453084469995,63.08350793650794,73.84193343519433
2012-11-24 22:00:00,76,176.51612434631028,62.6430389257106,63.14073286782238,62.697962451672,82.98985099622601,81.3404856639985
2012-11-24 23:00:00,57,176.51612434631028,56.48233216328234,56.962139980204626,56.5340726060344,66.84415136252636,70.84517154470285
2012-11-25 00:00:00,34,176.51612434631028,40.101963011228435,40.48458151858284,40.17173512408955,43.126822691197695,37.46700019505864
2012-11-25 01:00:00,36,176.51612434631028,24.86261925731941,25.221060228473277,24.944886339751235,31.32243272005771,23.12696117519389
2012-11-25 02:00:00,28,176.51612434631028,27.535064974964683,27.665253310352426,27.599319390455577,33.469108988234,24.521103138841607
2012-11-25 03:00:00,8,176.51612434631028,18.00235056116037,18.38005515421898,18.1143607501119,17.985950216450217,18.939104338952546
2012-11-25 04:00:00,2,176.51612434631028,2.5273659628894336,2.9065321129876622,2.5916212321430407,5.2899612193362175,7.464555773528753
2012-11-25 05:00:00,3,176.51612434631028,1.8491982580715103,1.97082127884849,1.8864994546807452,6.249416305916306,9.521626813599653
2012-11-25 06:00:00,11,176.51612434631028,34.673648599767176,34.5829175080662,34.720145032593635,8.171030414030415,19.44615294041316
2012-11-25 07:00:00,21,176.51612434631028,104.0687306190063,103.80613944107104,104.11131832157338,33.317646825396835,37.99190414632949
2012-11-25 08:00:00,34,176.51612434631028,150.30076206656022,150.23392131218674,150.3456553289958,61.02504563492062,77.17849737390901
2012-11-25 09:00:00,96,176.51612434631028,8.622797365392103,10.614167170875248,8.723513143535769,58.22275496725497,71.40885809318853
2012-11-25 10:00:00,139,176.51612434631028,123.55491286732475,124.3812024274598,123.63272722731574,135.12810533910533,195.141851376301
2012-11-25 11:00:00,204,176.51612434631028,201.6252838663598,201.8983655800247,201.6700683017085,164.61236345598846,232.5438687708077
2012-11-25 12:00:00,202,176.51612434631028,268.9446941106404,269.1451051830556,268.9901436164057,250.2103616522365,279.12195556547147
2012-11-25 13:00:00,195,176.51612434631028,249.13780753145087,249.73751818128284,249.18786629830984,211.76664510489525,250.32384439270677
2012-11-25 14:00:00,203,176.51612434631028,229.00385142338024,229.6613362969109,229.0500945888503,197.81398436285934,256.1044180906109
2012-11-25 15:00:00,245,176.51612434631028,248.7060015520284,249.1878306461462,248.74351066214302,205.8762081529582,241.02987059200672
2012-11-25 16:00:00,228,176.51612434631028,294.4038273885876,294.26659587645236,294.42812396855516,273.0802285353535,289.36875433237964
2012-11-25 17:00:00,181,176.51612434631028,321.75277327947435,320.94062948965075,321.75914121891174,189.23227974802975,242.04258584252122
2012-11-25 18:00:00,141,176.51612434631028,186.07011708428976,186.86105620407852,186.14497060457438,179.3005652958152,200.49438891267235
2012-11-25 19:00:00,127,176.51612434631028,87.57902784378027,89.09761931909604,87.69403607082822,143.02905776168274,135.54136532498975
2012-11-25 20:00:00,119,176.51612434631028,67.12941841914397,67.95597214224136,67.21932443592844,106.48828225940723,108.77748204150167
2012-11-25 21:00:00,64,176.51612434631028,76.62999905576166,77.22525774961808,76.72575981390125,96.59029383116882,111.03617901863343
2012-11-25 22:00:00,62,176.51612434631028,41.37827629247644,41.960417073099535,41.469610706837145,55.10078502053505,69.7871905179818
2012-11-25 23:00:00,41,176.51612434631028,29.02407434503135,29.510137592022573,29.10019206803635,42.21007893495393,46.77337348757566
2012-11-26 00:00:00,23,176.51612434631028,16.725541652438892,17.17254611775317,16.805045410092163,21.298100177600187,20.457015848887096
2012-11-26 01:00:00,10,176.51612434631028,11.839346641840109,12.230376928374454,11.92221778413736,11.467436507936506,14.657495308607754
2012-11-26 02:00:00,5,176.51612434631028,7.037612033614181,7.3544785215967465,7.121708818918364,5.685916430791432,4.832842387021012
2012-11-26 03:00:00,5,176.51612434631028,-0.5150835848562281,-0.20379950597134666,-0.43139005602373004,3.3411860223110197,4.832842387021012
2012-11-26 04:00:00,10,176.51612434631028,5.702913305821255,5.956765572014575,5.732690391617297,3.5462696608946604,4.832842387021012
2012-11-26 05:00:00,41,176.51612434631028,23.924720140027404,23.886131798740706,23.922239707014853,22.444250721500726,9.542133241092744
2012-11-26 06:00:00,124,176.51612434631028,93.61405181919723,93.38666907032277,93.63697747459469,122.7749382284382,86.88492677392684
2012-11-26 07:00:00,365,176.51612434631028,252.38263880540597,251.79467910763702,252.39393737943863,333.5408106060607,289.69881619312645
2012-11-26 08:00:00,638,176.51612434631028,470.2454325933095,469.07756849856435,470.2351214876443,411.0376705239204,540.9257746920986
2012-11-26 09:00:00,286,176.51612434631028,383.31096256613216,383.13509402431566,383.3404157659818,271.3023746392496,256.249169848754
2012-11-26 10:00:00,147,176.51612434631028,204.8289029095801,204.9507541542016,204.89836189661867,150.74516179653682,194.70117406632824
2012-11-26 11:00:00,130,176.51612434631028,192.47043057054935,192.6479220658255,192.51310544333043,169.7797591713842,172.04268434879236
2012-11-26 12:00:00,210,176.51612434631028,206.63496578670944,206.9538903951462,206.6717880028265,179.03669715007214,187.03560631788366
2012-11-26 13:00:00,217,176.51612434631028,229.36363833175537,229.7659585563216,229.3972785974979,213.26543686868683,237.4585748988946
2012-11-26 14:00:00,228,176.51612434631028,219.09228118555072,219.5550073686112,219.12350709560886,202.6888080808081,221.9712973735094
2012-11-26 15:00:00,230,176.51612434631028,251.94963142995266,252.32864974518023,251.9859364555205,249.74491422466417,254.47760109748532
2012-11-26 16:00:00,346,176.51612434631028,310.98512069620165,310.9374785212409,311.00295942999617,307.4471527777779,308.43296734795314
2012-11-26 17:00:00,553,176.51612434631028,480.98962522604097,479.9081014854563,480.97358901168263,414.28248491785956,483.28853606592224
2012-11-26 18:00:00,521,176.51612434631028,470.49058237865904,469.89583541876686,470.49229256606657,401.57220761183254,435.1029169123034
2012-11-26 19:00:00,371,176.51612434631028,360.8295329558634,360.8861160837172,360.8607646664975,297.3873564491065,318.85028459060084
2012-11-26 20:00:00,277,176.51612434631028,252.20119754842028,252.19354179303858,252.24703093545264,242.03678336940828,238.88155088149875
2012-11-26 21:00:00,181,176.51612434631028,193.37753910587378,193.33385844771067,193.4273060556361,191.3012251082251,188.29008659032687
2012-11-26 22:00:00,104,176.51612434631028,122.61706116393461,122.71351027591737,122.67087964408731,107.5131204906205,115.95711736162666
2012-11-26 23:00:00,65,176.51612434631028,54.84804141906464,55.138030078735554,54.90493922173759,61.83622925685426,71.23196553065794
2012-11-27 00:00:00,26,176.51612434631028,26.385820877275904,26.671661929566056,26.43729277220379,27.746234917859915,30.302819885154772
2012-11-27 01:00:00,6,176.51612434631028,5.45137874307639,5.7109743038390945,5.50261282901559,11.318864538239538,18.584830732492154
2012-11-27 02:00:00,5,176.51612434631028,-1.9698556631466602,-1.803687902210271,-1.9280064763138682,5.471710137085136,6.344169131350754
2012-11-27 03:00:00,4,176.51612434631028,-38.397640603647204,-38.23222703684061,-38.32709342737175,3.4226690115440106,-1.3205196871517082
2012-11-27 04:00:00,5,176.51612434631028,-34.72310688446984,-34.743128784789945,-34.73285509373662,5.055610389610391,-2.6835607038453984
2012-11-27 05:00:00,31,176.51612434631028,21.419448112021087,21.340866424395728,21.39457162967821,27.7863937104562,10.129870906463903
2012-11-27 06:00:00,100,176.51612434631028,101.81615478959455,101.50363867279354,101.79811366207942,100.11599837662332,73.9006806156388
2012-11-27 07:00:00,293,176.51612434631028,253.2599489595202,252.69975588891583,253.25393628791335,287.40625148462647,233.49812618667048
2012-11-27 08:00:00,500,176.51612434631028,473.6246693114848,472.76945006054154,473.61007026403865,439.4372337662337,438.0601398078313
2012-11-27 09:00:00,268,176.51612434631028,334.43125979469016,334.75469316750633,334.4515251920432,269.32370454545463,274.07615237311506
2012-11-27 10:00:00,57,176.51612434631028,159.2955450924111,159.2349891940246,159.33651077346718,137.4168053751804,156.45159282892897
2012-11-27 11:00:00,65,176.51612434631028,85.31205731397722,85.34853454805416,85.3000952425289,61.73865190365189,50.47960004362479
2012-11-27 12:00:00,76,176.51612434631028,131.80609925327352,132.00943159629512,131.80957227033298,69.04607425213675,85.6845251807918
2012-11-27 13:00:00,77,176.51612434631028,107.42882775979413,108.00288155360687,107.44464848798286,74.17897693972695,94.1407529330376
2012-11-27 14:00:00,94,176.51612434631028,89.32913771424256,89.965047688371,89.34230386833389,73.7317364996115,77.47012473216101
2012-11-27 15:00:00,155,176.51612434631028,162.01067904872522,162.59318257039743,162.00970097070436,152.23435783660784,180.47745699667317
2012-11-27 16:00:00,257,176.51612434631028,267.3348062246181,267.3365838906658,267.3195634489735,241.47032449494952,256.1902238029891
2012-11-27 17:00:00,527,176.51612434631028,455.55514194881243,454.6714309495453,455.5168779263472,479.87521883671894,467.2003931599616
2012-11-27 18:00:00,482,176.51612434631028,496.0644310986994,495.5041831791639,496.0334333829725,428.7715590798089,442.6560873870729
2012-11-27 19:00:00,350,176.51612434631028,361.0637829423727,361.1941656828088,361.0720718804371,327.27713163225684,322.39225699512457
2012-11-27 20:00:00,232,176.51612434631028,250.5410228234211,250.38719850792916,250.5295022761584,257.33204086191597,240.7985042360837
2012-11-27 21:00:00,185,176.51612434631028,167.5919943532403,167.4192899858747,167.5794215589267,169.3425633394383,157.510929398524
2012-11-27 22:00:00,97,176.51612434631028,128.92581215547818,128.84765101571747,128.93575687985827,117.51968435730937,116.14825239346314
2012-11-27 23:00:00,67,176.51612434631028,53.289079776413274,53.44599716977649,53.30355913716821,62.464801948051935,56.22977205516512
2012-11-28 00:00:00,23,176.51612434631028,22.120616695844575,22.240386191695507,22.14169747300579,31.842261433011426,27.56636586027701
2012-11-28 01:00:00,12,176.51612434631028,-0.736980239563735,-0.5586456879164814,-0.7026482196252175,9.36474877899878,13.304441395197133
2012-11-28 02:00:00,1,176.51612434631028,-1.6759925383947518,-1.5645470357008264,-1.6401421786062826,5.7876046869796856,4.245901509328008
2012-11-28 03:00:00,3,176.51612434631028,-10.641257974054582,-10.47512652369852,-10.59875796344781,3.4231135392385372,4.245901509328008
2012-11-28 04:00:00,4,176.51612434631028,-2.9862626222495123,-2.8723836204268025,-2.995488560064217,4.079097582972583,4.981128114657062
2012-11-28 05:00:00,39,176.51612434631028,17.611340697425362,17.664690895720952,17.612634536674676,25.80666979548228,9.690418968728792
2012-11-28 06:00:00,136,176.51612434631028,90.38647218138746,90.05604457997066,90.37952400983784,93.27747710622707,81.74015817302774
2012-11-28 07:00:00,409,176.51612434631028,265.14365936787556,264.46382236154045,265.1364227134245,315.0646352813854,317.0070631506777
2012-11-28 08:00:00,692,176.51612434631028,533.6354964691483,532.2061968556948,533.5791617795807,435.26243849206344,523.8014523161444
2012-11-28 09:00:00,322,176.51612434631028,455.1841352272736,454.83900819009364,455.18554167721265,263.4600451215452,299.643513506203
2012-11-28 10:00:00,161,176.51612434631028,218.19445932721746,218.08245083128594,218.2423165489888,169.59292352092353,207.25433347575694
2012-11-28 11:00:00,146,176.51612434631028,186.97244759844662,186.86322085978364,186.97417532512728,181.14222168109663,167.87455856958852
2012-11-28 12:00:00,208,176.51612434631028,208.81666023827205,208.7506649584712,208.80681855051392,183.79733988233988,208.20935951310486
2012-11-28 13:00:00,214,176.51612434631028,227.75861680644817,227.97169772455072,227.76533641597786,207.2717089438338,219.4801477438084
2012-11-28 14:00:00,176,176.51612434631028,233.49456563985953,233.8054876665112,233.49494461567127,216.61407503607495,232.70521737912082
2012-11-28 15:00:00,179,176.51612434631028,241.11607398800183,241.54458460805753,241.1308235559961,203.06943849206348,250.22825030579523
2012-11-28 16:00:00,325,176.51612434631028,294.48782970302756,294.5209311607909,294.49468897445354,284.6433089965591,291.06145401158574
2012-11-28 17:00:00,563,176.51612434631028,460.4074730229743,459.4375043040193,460.40177865556325,477.4969460539459,465.8457541567207
2012-11-28 18:00:00,542,176.51612434631028,465.85973288750347,465.3534042423165,465.8841978595342,466.4339398101898,422.5140375093286
2012-11-28 19:00:00,387,176.51612434631028,368.50756726397447,368.5448173987311,368.54027982406956,363.16604473304477,335.7720239326721
2012-11-28 20:00:00,263,176.51612434631028,250.3707660111316,250.39403306651593,250.42432579382063,251.8535242951493,246.33288205507483
2012-11-28 21:00:00,223,176.51612434631028,178.81034596118192,178.8615853548295,178.8613818552468,185.98951154401158,194.93828715354445
2012-11-28 22:00:00,154,176.51612434631028,143.45623829199124,143.3761023070547,143.49212803196497,147.9369924797425,130.63482269612672
2012-11-28 23:00:00,78,176.51612434631028,88.65675705141373,88.85177139162013,88.71342227190874,85.76180501443002,96.40770965749016
2012-11-29 00:00:00,29,176.51612434631028,40.25688831828492,40.538503361054126,40.319058470651456,47.99770887445888,35.39138821207094
2012-11-29 01:00:00,16,176.51612434631028,16.241258927599887,16.58010494571934,16.313814094163064,13.38650883838384,19.07951890667826
2012-11-29 02:00:00,7,176.51612434631028,10.324333768319377,10.64012877807707,10.407042437319575,7.834622294372294,7.7442729954674965
2012-11-29 04:00:00,7,176.51612434631028,4.644233037301376,4.784298865452115,4.646910951007328,3.4013663419913396,5.6687553239110775
2012-11-29 05:00:00,42,176.51612434631028,16.807005683874678,16.966297826056802,16.839432755394427,23.037059163059176,10.37804617798281
2012-11-29 06:00:00,121,176.51612434631028,73.41325086444445,73.17296181568638,73.43726575742376,119.34993517593519,88.89551825388108
2012-11-29 07:00:00,362,176.51612434631028,190.50905877967,189.93897872824033,190.5388464635485,329.0549240481741,266.40156921359414
2012-11-29 08:00:00,679,176.51612434631028,395.0358125264721,393.79966004543087,395.02884117682584,469.4336662504162,457.4231895365098
2012-11-29 09:00:00,299,176.51612434631028,452.7747284289667,452.739138087539,452.8320532725895,444.3380502969252,336.3276692068158
2012-11-29 10:00:00,178,176.51612434631028,230.00985011908904,230.0283863706902,230.06353182393696,218.88459632034625,230.90329170427847
2012-11-29 11:00:00,163,176.51612434631028,206.63521097307392,206.46670653334456,206.6431795058157,195.2666262626262,183.18434961937828
2012-11-29 12:00:00,236,176.51612434631028,209.15080272961882,209.04535320663672,209.1581071257517,197.46824536574542,186.34188851101968
2012-11-29 13:00:00,224,176.51612434631028,243.73055824413353,243.92079745606748,243.7648053169031,236.51397943722944,232.57039640572646
2012-11-29 14:00:00,187,176.51612434631028,225.91690945291796,226.12151423695795,225.92987603974666,204.00597889610387,219.18898050101026
2012-11-29 15:00:00,220,176.51612434631028,202.03576716804446,202.16811217645787,202.04139598861337,198.14685515873003,200.20468131600992
2012-11-29 16:00:00,370,176.51612434631028,256.8413800520756,256.53834341280873,256.8499390413861,276.2374318181818,250.93170788367632
2012-11-29 17:00:00,561,176.51612434631028,418.94535924159277,417.7182099675215,418.9383415464856,378.8093643578644,400.1042398246853
2012-11-29 18:00:00,537,176.51612434631028,437.54062654521954,437.1166184092209,437.57593538355593,489.0002862554114,442.1828214004691
2012-11-29 19:00:00,344,176.51612434631028,356.2755039358324,356.3398368997303,356.3061460593058,413.18645959595966,369.8360878740069
2012-11-29 20:00:00,252,176.51612434631028,227.33968956281376,227.52239973902647,227.39235532814843,314.59815362415367,270.59143634238785
2012-11-29 21:00:00,208,176.51612434631028,171.52862433662344,171.6022172440355,171.5742677860146,192.3514045815295,194.47055971108463
2012-11-29 22:00:00,151,176.51612434631028,143.96661225769316,144.0175443953005,144.01751622065015,140.68183531746033,135.5239512323199
2012-11-29 23:00:00,130,176.51612434631028,99.10567571558482,99.3812424600065,99.17403430794795,110.39763474025973,97.76525154166899
2012-11-30 00:00:00,52,176.51612434631028,75.51193486247851,75.46962827094823,75.5463550027401,75.00956691919193,72.41757267711063
2012-11-30 01:00:00,19,176.51612434631028,30.548701567852163,30.683414979931257,30.6003656637578,33.40343475968476,23.392891247072406
2012-11-30 02:00:00,12,176.51612434631028,13.764698035908197,13.984467336021936,13.836567872560607,10.112484307359306,9.223643406724426
2012-11-30 03:00:00,4,176.51612434631028,5.733896169975793,5.972480533287211,5.806694511332239,4.663551406926407,5.6687553239110775
2012-11-30 04:00:00,3,176.51612434631028,3.864761649829262,4.097645885006841,3.892178976750671,3.7041901154401136,5.6687553239110775
2012-11-30 05:00:00,40,176.51612434631028,20.42665029576588,20.566583839499742,20.45399416976923,26.944417929292932,12.318837756764594
2012-11-30 06:00:00,106,176.51612434631028,84.53200944808691,84.3073250089731,84.55054466756893,128.4106734931735,105.5354128722776
2012-11-30 07:00:00,352,176.51612434631028,217.01749717851098,216.66941885001543,217.0474619030363,286.69307756132747,287.5779884187114
2012-11-30 08:00:00,729,176.51612434631028,428.8274044382217,428.07388323149587,428.85445152636805,549.9341644605394,501.6342726290581
2012-11-30 09:00:00,330,176.51612434631028,426.3248849707255,425.80491589517675,426.3347393738278,306.2397366522366,294.11002587169975
2012-11-30 10:00:00,169,176.51612434631028,220.88026101150422,220.73285247065328,220.94217543955213,185.0162159090909,202.50871878444318
2012-11-30 11:00:00,201,176.51612434631028,190.30749931831988,190.12436226863878,190.32470928766315,179.31543488455983,168.47488636233314
2012-11-30 12:00:00,268,176.51612434631028,242.99649541515845,242.85513386077707,243.02231226176724,230.31671590909085,222.5211330284868
2012-11-30 13:00:00,262,176.51612434631028,280.621745265728,280.66905674745163,280.6523615611335,234.2726432178931,268.070183933606
2012-11-30 14:00:00,251,176.51612434631028,272.0522591761468,272.2253224877033,272.0821346812936,228.29863881951383,277.9208254193193
2012-11-30 15:00:00,296,176.51612434631028,287.56960742151546,287.6872243781205,287.5977484449687,255.95941576479072,267.7651191331068
2012-11-30 16:00:00,405,176.51612434631028,375.86217156401295,375.59147598317173,375.88471773536185,347.3796007464758,383.3139834897398
2012-11-30 17:00:00,582,176.51612434631028,510.7575198665555,509.73643462365396,510.754407035776,511.2844735264736,519.2241741311489
2012-11-30 18:00:00,509,176.51612434631028,483.26059811785376,483.0858795609752,483.3167063423731,500.89135934898434,474.2319926364536
2012-11-30 19:00:00,377,176.51612434631028,345.1245988055948,345.4431903788678,345.1744664417844,348.24771051171047,321.0923025662505
2012-11-30 20:00:00,245,176.51612434631028,253.63641508086675,253.77079304228045,253.6896826415997,251.552205988456,243.34896187877698
2012-11-30 21:00:00,183,176.51612434631028,180.69936507162555,180.84175512751557,180.74520241541367,187.2522460423565,185.4772018501716
2012-11-30 22:00:00,163,176.51612434631028,133.01000708807814,133.1698548340926,133.06492303956827,128.1318038905539,120.80173586209081
2012-11-30 23:00:00,110,176.51612434631028,102.36270543360436,102.51460775526265,102.41673482013506,113.57607320457316,108.33642844015867
2012-12-01 00:00:00,108,176.51612434631028,68.40179724978569,68.3523196169756,68.37812993166503,88.07853094128093,70.96090581178123
2012-12-01 01:00:00,69,176.51612434631028,64.95830161409809,64.74013558769292,64.93055906886113,55.95580339105335,67.4751705080624
2012-12-01 02:00:00,50,176.51612434631028,36.81144306100205,36.64640893145102,36.79599322696269,41.91957052669552,32.80909515815491
2012-12-01 03:00:00,15,176.51612434631028,24.20961149211263,24.006303502618408,24.17637166801879,22.908349927849912,27.23115704277542
2012-12-01 04:00:00,5,176.51612434631028,11.32020016662156,11.221423087462057,11.245165634952542,6.007966311466309,10.64385503762028
2012-12-01 05:00:00,13,176.51612434631028,21.120996156582834,20.916639063383116,21.03375210374611,10.135306970806969,13.954476648866706
2012-12-01 06:00:00,27,176.51612434631028,65.01075867498325,64.54977723448887,64.9156210703019,27.107968337218363,47.91507822521707
2012-12-01 07:00:00,63,176.51612434631028,161.44845613404172,161.15672967888187,161.37915364386825,64.67371470196471,80.99159312594138
2012-12-01 08:00:00,144,176.51612434631028,262.34646667009923,262.65068079809043,262.3119543181772,140.84127740315236,168.22106631240808
2012-12-01 09:00:00,193,176.51612434631028,78.42928189596421,79.7770320432692,78.40054988988726,161.95954888167392,198.3411622071881
2012-12-01 10:00:00,256,176.51612434631028,138.74788401905954,138.62923431509955,138.6929393616432,263.45983856421344,196.07672159939142
2012-12-01 11:00:00,392,176.51612434631028,231.10224840649644,230.29759888577328,231.01489182242923,229.22976347263858,243.2755721701177
2012-12-01 12:00:00,446,176.51612434631028,337.79256003128694,336.5378428258125,337.68916489260585,342.07382449494946,362.23381531059596
2012-12-01 13:00:00,509,176.51612434631028,348.2656708848907,347.22959229827507,348.17089074746605,440.57990981241,341.61292525594604
2012-12-01 14:00:00,479,176.51612434631028,379.1790696835301,378.02906368962385,379.08034143300597,455.86189466089485,346.6811878891826
2012-12-01 15:00:00,484,176.51612434631028,380.6150256286562,379.51570167148907,380.52186703740097,451.952571789322,359.59185135164216
2012-12-01 16:00:00,443,176.51612434631028,431.07221511736975,429.8303798429263,430.987475614965,459.19053175990695,420.72689796159256
2012-12-01 17:00:00,320,176.51612434631028,491.0315641545491,489.75588335515374,490.95343191001336,439.18304421966934,439.83620355728146
2012-12-01 18:00:00,297,176.51612434631028,293.34528013081075,293.9588182880773,293.3490056940134,286.735136002886,334.4068080835524
2012-12-01 19:00:00,249,176.51612434631028,207.85220955993566,208.81882382932784,207.84855605895333,257.2741984126985,262.24473908054085
2012-12-01 20:00:00,198,176.51612434631028,163.93331917477195,164.30386957183464,163.9118596720131,208.6544626623377,196.63950684210369
2012-12-01 21:00:00,158,176.51612434631028,127.0806096585256,127.22808571582397,127.05978919947657,175.90404581529575,167.33777729216365
2012-12-01 22:00:00,147,176.51612434631028,108.39095972614271,108.46272566999033,108.3682892885374,139.558987040737,142.2874428021113
2012-12-01 23:00:00,126,176.51612434631028,91.24928203012979,91.29422964708104,91.2263365364563,126.81830519480512,105.08288579471272
2012-12-02 00:00:00,117,176.51612434631028,73.39055653496126,73.24249926408879,73.3691451858282,99.69207936507937,76.06351293642751
2012-12-02 01:00:00,94,176.51612434631028,65.35741057350444,65.05431492964249,65.33203021229303,89.05697170884667,73.4330465039663
2012-12-02 02:00:00,74,176.51612434631028,57.72348077689395,57.4287397304024,57.708257204091794,61.63770337995337,52.11053053895435
2012-12-02 03:00:00,25,176.51612434631028,37.51561609498211,37.26128157716951,37.501098456459815,39.90042735042735,33.924248375691484
2012-12-02 04:00:00,7,176.51612434631028,7.879390641366086,7.737618166992178,7.8202690022646095,9.164935064935063,18.078574633210906
2012-12-02 05:00:00,8,176.51612434631028,9.698572406088772,9.543117136894722,9.64413280987307,8.342163558663557,9.310421916217233
2012-12-02 06:00:00,16,176.51612434631028,41.0956575316151,40.59523730728981,41.013552078568466,16.827750111000118,37.049295207740215
2012-12-02 07:00:00,31,176.51612434631028,112.09790679316744,111.67101683614,112.02849951969353,38.742704725829746,51.716372064465915
2012-12-02 08:00:00,93,176.51612434631028,159.49670713582873,159.70452303823473,159.47703079838112,91.0763047924298,90.423039403199
2012-12-02 09:00:00,172,176.51612434631028,23.05901400396388,24.57367132589647,23.05400556362136,153.91925667388162,140.78360585505177
2012-12-02 10:00:00,293,176.51612434631028,133.5653033059103,133.7596080853765,133.5638765970134,220.49459246309252,212.29300159506894
2012-12-02 11:00:00,355,176.51612434631028,275.7397188982608,274.91937738632146,275.6595950787312,286.90732539682534,300.2886168604706
2012-12-02 12:00:00,520,176.51612434631028,342.87947164779337,341.9103223708339,342.7942995337771,355.8842020479523,369.0860646811752
2012-12-02 13:00:00,431,176.51612434631028,430.45075998039545,429.38663492545936,430.3756230297223,481.4165938783437,437.77741672399037
2012-12-02 14:00:00,473,176.51612434631028,365.1034124518869,364.452789116498,365.0408241789743,429.88166548729055,384.46637204581623
2012-12-02 15:00:00,417,176.51612434631028,407.0862636781552,406.1767506397166,407.0101055486076,452.78672817460335,390.1904352058398
2012-12-02 16:00:00,443,176.51612434631028,406.2431473020532,405.36508773019136,406.1809341607547,426.02590800865795,386.530590836392
2012-12-02 17:00:00,303,176.51612434631028,430.22714158100337,428.8936295355236,430.1829373723799,376.7526143301144,356.4363619375153
2012-12-02 18:00:00,203,176.51612434631028,264.8109875439376,265.41221644586943,264.81741639938934,272.49953102453094,298.8138908123451
2012-12-02 19:00:00,174,176.51612434631028,131.67207949091917,132.93589598745103,131.68953657375366,188.09696771284268,186.60859151575013
2012-12-02 20:00:00,154,176.51612434631028,113.16667824178955,113.8135768379336,113.16922995421345,146.6049231601731,163.66217094418548
2012-12-02 21:00:00,99,176.51612434631028,108.75693396286803,109.0622647088046,108.75301963207052,129.78757756132757,148.28985519459326
2012-12-02 22:00:00,96,176.51612434631028,68.45222687574508,68.71217606319664,68.4479082121781,96.87412130924633,111.70850079715862
2012-12-02 23:00:00,51,176.51612434631028,58.90911429627309,59.09780230526779,58.898450237323416,76.18954551004549,82.04141854892124
2012-12-03 00:00:00,21,176.51612434631028,34.8900479121875,35.06622504524441,34.87765932278104,32.68479653679653,39.54392026812873
2012-12-03 01:00:00,13,176.51612434631028,24.75165759947069,24.8371868389425,24.732081568440066,12.761417748917749,21.62442714615721
2012-12-03 02:00:00,10,176.51612434631028,21.852944532585127,21.84285674294395,21.835182462841345,8.17401617826618,12.392057226417519
2012-12-03 03:00:00,8,176.51612434631028,11.559398610132718,11.480804034569474,11.529554460471104,4.948900072150072,7.264977007675694
2012-12-03 04:00:00,5,176.51612434631028,11.101182287484022,10.945723331543263,11.018277937743562,5.784839674214675,7.264977007675694
2012-12-03 05:00:00,38,176.51612434631028,21.1836229461056,20.92314289201647,21.097474851555887,27.26931565656568,12.126390073273061
2012-12-03 06:00:00,138,176.51612434631028,79.94616137990278,79.41016847222951,79.86366235397594,133.51235657398158,109.90450721933088
2012-12-03 07:00:00,396,176.51612434631028,209.04958670303358,208.3010951341079,208.9773389261785,389.8560888139638,338.368632937354
2012-12-03 08:00:00,731,176.51612434631028,448.2124248532367,447.1751696191038,448.12732317079633,575.3476847041846,525.1957345309332
2012-12-03 09:00:00,308,176.51612434631028,526.9274175502447,526.4340848199354,526.8519213904564,335.3785997474749,358.6578532029738
2012-12-03 10:00:00,136,176.51612434631028,270.63601878126406,270.4407704127016,270.6017095683052,226.65719967532473,243.73042519782504
2012-12-03 11:00:00,233,176.51612434631028,198.94443405425133,198.75662411119924,198.87366256778841,154.39735564435563,179.8306801893756
2012-12-03 12:00:00,268,176.51612434631028,288.0184381861455,287.7053365968124,287.951140687907,261.57016341991346,294.5556783566678
2012-12-03 13:00:00,321,176.51612434631028,293.22762406465847,293.09362989218675,293.145433423541,260.7296311882563,295.1179450860306
2012-12-03 14:00:00,260,176.51612434631028,323.2649429464053,323.2853362094253,323.2266957310776,284.2246520562772,305.5467549850635
2012-12-03 15:00:00,268,176.51612434631028,295.08059555550665,295.14872230961106,295.044438344759,266.8775379342879,288.18340211198273
2012-12-03 16:00:00,442,176.51612434631028,337.71893042992167,337.63350378458273,337.695958637491,360.96334776334766,367.9907124831361
2012-12-03 17:00:00,708,176.51612434631028,505.2275661511454,503.98655607627836,505.13610460918915,532.6839568903317,504.82711488823134
2012-12-03 18:00:00,692,176.51612434631028,576.0480130651354,575.2354428912543,575.978435615263,529.6919927849926,540.3418630085132
2012-12-03 19:00:00,471,176.51612434631028,499.4436211492647,499.00799084626226,499.3715510977735,437.52658730158737,440.84302933863904
2012-12-03 20:00:00,300,176.51612434631028,337.8100726117205,337.4415687264211,337.7558302147101,296.6868865440115,285.2501760421511
2012-12-03 21:00:00,221,176.51612434631028,228.45681868087712,228.23021198593443,228.41528421957818,207.72251244588733,228.68137892640792
2012-12-03 22:00:00,144,176.51612434631028,167.50107374835724,167.31854916883475,167.46303035082124,154.11171356421355,148.17067174848597
2012-12-03 23:00:00,102,176.51612434631028,96.60695655732351,96.5867742692896,96.57432744176316,92.07459612609615,101.13134360262579
2012-12-04 00:00:00,55,176.51612434631028,64.62137802223732,64.53902896208453,64.57753872813097,51.07442929292931,74.69362510731085
2012-12-04 01:00:00,25,176.51612434631028,36.20712382138916,36.13646977828694,36.169035456835886,23.642779942279944,27.086802244688847
2012-12-04 02:00:00,8,176.51612434631028,20.575928661322905,20.45659163567288,20.53557151563041,9.98435187035187,20.22684009860255
2012-12-04 03:00:00,4,176.51612434631028,0.7031518346575183,0.6589221445966871,0.6770488341081773,4.734891414141416,7.413262735311747
2012-12-04 04:00:00,7,176.51612434631028,1.8229763933485685,1.730045142222849,1.7466577018232954,4.746262820512822,7.413262735311747
2012-12-04 05:00:00,46,176.51612434631028,23.790329702649984,23.584827365583664,23.70324968761264,25.917785062160068,14.379783847095446
2012-12-04 06:00:00,153,176.51612434631028,94.08443342408923,93.6296530470348,94.00592263849825,140.44811054223558,110.99138291106426
2012-12-04 07:00:00,502,176.51612434631028,272.35276616903036,271.7279309507542,272.27774394502313,428.21710479797963,409.84325850651777
2012-12-04 08:00:00,721,176.51612434631028,578.4478520152536,577.4079080293648,578.3771422338733,707.7672550505048,654.8039459821954
2012-12-04 09:00:00,336,176.51612434631028,515.566318356545,515.1564653936953,515.4875035263871,345.8809085497837,353.18121502412447
2012-12-04 10:00:00,156,176.51612434631028,261.5691662575411,261.1678265707784,261.51547546536113,201.00367682317682,230.63628169122427
2012-12-04 11:00:00,207,176.51612434631028,176.31401476001318,176.0455116392677,176.23722878796974,167.28700879675878,185.4457679547715
2012-12-04 12:00:00,312,176.51612434631028,225.92643439699418,225.61326208046134,225.8507497549674,271.57257707570216,264.3462472909819
2012-12-04 13:00:00,272,176.51612434631028,266.6237006293808,266.3353060432139,266.5467683380757,264.5236722582972,281.5487152644684
2012-12-04 14:00:00,270,176.51612434631028,226.99730602944572,226.9024345006576,226.92292580975646,247.26116434953937,262.16682450113234
2012-12-04 15:00:00,300,176.51612434631028,244.91955116390028,244.940663086053,244.89650593625566,259.4345659201908,272.545912666879
2012-12-04 16:00:00,435,176.51612434631028,341.2528042162577,340.9263240737008,341.1840773246332,391.12545039682516,377.09245006627583
2012-12-04 17:00:00,743,176.51612434631028,540.8115310857901,539.908671456653,540.7417417115623,675.7711102092352,609.6381493823582
2012-12-04 18:00:00,731,176.51612434631028,660.392294155464,659.8415005350698,660.3432861385503,590.2792610028861,613.2612729730132
2012-12-04 19:00:00,460,176.51612434631028,554.7828076875381,554.4509201148902,554.7242795848266,462.9872329059827,446.35223202604186
2012-12-04 20:00:00,306,176.51612434631028,348.93481436928744,348.75495895902986,348.8935760512222,301.8183971167722,308.6705974754255
2012-12-04 21:00:00,280,176.51612434631028,238.24412726771115,238.15539234651993,238.21247185665757,226.6102536075036,229.03662734148656
2012-12-04 22:00:00,181,176.51612434631028,205.86556731592697,205.59805147543494,205.83163780936235,193.86491161616175,199.9891032148344
2012-12-04 23:00:00,96,176.51612434631028,126.76404691765106,126.70999387378538,126.73037613719696,117.81234613997123,118.30731458032452
2012-12-05 00:00:00,37,176.51612434631028,69.21009500456785,69.26684691519156,69.18199567337528,56.319057997558005,66.07620336847515
2012-12-05 01:00:00,11,176.51612434631028,29.896688190356286,29.96597707218953,29.870466483757184,19.94941873404374,27.908640441581497
2012-12-05 02:00:00,9,176.51612434631028,15.078047555037273,15.084654162007809,15.050127342903323,6.40588888888889,10.022154282658862
2012-12-05 03:00:00,7,176.51612434631028,10.929872577632494,10.89333258675589,10.895650202845985,4.364490675990677,9.25604124694125
2012-12-05 04:00:00,10,176.51612434631028,10.86831966336743,10.800066781047661,10.798456347511461,5.670753704628703,10.978906783347005
2012-12-05 05:00:00,49,176.51612434631028,34.05031089293678,33.9278276474532,33.977932840866444,27.552028138528144,19.173932941137565
2012-12-05 06:00:00,124,176.51612434631028,66.31537690126,65.9556233625083,66.28157285823292,131.22310278610283,88.74511984535047
2012-12-05 07:00:00,398,176.51612434631028,239.01001629491904,238.75721868282545,238.99216045999808,361.9112455877455,271.5627642075068
2012-12-05 08:00:00,759,176.51612434631028,542.6753915241015,542.3047714398813,542.6467171178195,701.205553391053,621.4921064888322
2012-12-05 09:00:00,388,176.51612434631028,574.1670365903105,573.9113025897999,574.1211713487077,355.11184577922074,375.7778988760825
2012-12-05 10:00:00,141,176.51612434631028,299.06593917160694,298.76222358691797,299.0518171570727,235.0199318181818,292.2662434447825
2012-12-05 11:00:00,172,176.51612434631028,186.4090631488475,186.47510438498915,186.369363578951,166.3992938034188,191.29839297587344
2012-12-05 12:00:00,232,176.51612434631028,227.7148623702953,227.8922377252963,227.68811666340616,213.3170612581863,245.60278981619678
2012-12-05 13:00:00,214,176.51612434631028,245.63210905014537,245.90291792116906,245.59514982732935,258.787107947608,262.9848741408504
2012-12-05 14:00:00,218,176.51612434631028,224.33102528877743,224.76210465313926,224.30808606931333,219.3758458624709,249.23401865256918
2012-12-05 15:00:00,285,176.51612434631028,239.7782806778207,240.04035325594688,239.74348038433203,237.22351036463542,254.84347721219723
2012-12-05 16:00:00,377,176.51612434631028,332.85123675659577,332.85038054520066,332.82631164343366,402.43018326118334,388.96742906778724
2012-12-05 17:00:00,605,176.51612434631028,524.9173092810784,524.5562535336228,524.8963292703307,729.0225799062049,670.8424403722612
2012-12-05 18:00:00,609,176.51612434631028,590.1153579377403,590.4345898604014,590.1377593476107,607.3789199134198,619.0545035283643
2012-12-05 19:00:00,414,176.51612434631028,490.59707810658097,490.9774041414239,490.5999014816813,464.5588992673994,441.10044056589606
2012-12-05 20:00:00,293,176.51612434631028,329.82755443220844,329.8476541403038,329.7892256509725,280.4670670995672,304.53273595647414
2012-12-05 21:00:00,198,176.51612434631028,244.53160357629758,244.5604162615561,244.5015640999021,237.97385735098243,235.4198243273336
2012-12-05 22:00:00,105,176.51612434631028,170.76966281428656,170.87230268733907,170.74607328410715,160.63396319285295,166.11494273629552
2012-12-05 23:00:00,74,176.51612434631028,85.127270991496,85.39635669416748,85.10863973151665,80.59106055056056,86.14137115049837
2012-12-06 00:00:00,44,176.51612434631028,46.57848969524049,46.748199304472905,46.56980159023131,45.75766305916306,51.26773707525577
2012-12-06 01:00:00,16,176.51612434631028,22.64617329032211,22.711892453505385,22.63562535714317,23.72493106893107,27.025340013131096
2012-12-06 02:00:00,9,176.51612434631028,9.352461180779756,9.330773666983163,9.33141130218317,7.899535672660679,8.510386031185112
2012-12-06 03:00:00,2,176.51612434631028,1.8661717267509061,1.93902055153751,1.8676283936859477,3.974052239427241,7.60497034125446
2012-12-06 04:00:00,9,176.51612434631028,0.823866191392284,0.816284250364987,0.7679207151812477,3.7904673382173386,7.60497034125446
2012-12-06 05:00:00,32,176.51612434631028,30.119429462097287,30.044918652689688,30.065369267230807,36.990698412698414,15.799996499045001
2012-12-06 06:00:00,124,176.51612434631028,100.50531774319272,100.22172642540431,100.45334257357314,110.54853535353539,96.06481529445027
2012-12-06 07:00:00,389,176.51612434631028,301.6469615884615,301.4410573880779,301.6115667762803,370.47310074647567,342.0371109156208
2012-12-06 08:00:00,659,176.51612434631028,595.6155951529522,595.3870834513789,595.5894074218709,651.1951639194139,720.0592652944426
2012-12-06 09:00:00,276,176.51612434631028,442.6688028888701,442.66652466948096,442.6396658917903,343.87349780774775,349.16910502652684
2012-12-06 10:00:00,145,176.51612434631028,203.09327048192006,203.0291999403326,203.07379237777593,146.07107778332778,193.09358006424793
2012-12-06 11:00:00,178,176.51612434631028,177.25652780028258,177.26708395839003,177.2165842774238,158.55680347430354,180.47363641353996
2012-12-06 12:00:00,235,176.51612434631028,234.0662198825272,234.3428836828098,234.06757243097616,212.28864080364085,230.15284299753986
2012-12-06 13:00:00,245,176.51612434631028,238.1850842843898,238.5537952145062,238.1800451677271,262.6334900793652,241.68144213820136
2012-12-06 14:00:00,212,176.51612434631028,225.2924047405624,225.6381755927237,225.27782926776257,253.31116522366523,240.54737245801255
2012-12-06 15:00:00,270,176.51612434631028,238.35869187784255,238.80204825611563,238.35547873766663,233.90269921744925,252.11394919591007
2012-12-06 16:00:00,331,176.51612434631028,350.83617987051184,351.0068311029733,350.83003026274093,406.0347380952381,396.6962537801317
2012-12-06 17:00:00,617,176.51612434631028,521.6709846856297,521.5035202432811,521.6586308797483,584.0497536075039,602.979214071476
2012-12-06 18:00:00,565,176.51612434631028,571.9316376784132,572.0664541141197,571.9296554901025,538.251935064935,588.504771736147
2012-12-06 19:00:00,373,176.51612434631028,415.5116105416841,415.82520017313493,415.4916974813235,406.6797401348651,408.9329757259811
2012-12-06 20:00:00,227,176.51612434631028,269.20847286669994,269.470922274555,269.21142612194063,270.8991176046175,268.51914664841235
2012-12-06 21:00:00,191,176.51612434631028,175.93973360095058,176.2043690190988,175.9353023024358,189.1977725885226,177.09041538613585
2012-12-06 22:00:00,133,176.51612434631028,140.63160431027023,140.67511851873422,140.61102091117624,148.57035750360748,148.3206699655446
2012-12-06 23:00:00,93,176.51612434631028,93.95993848571729,94.11331659936448,93.94172741754053,87.98583327783328,94.35801343431814
2012-12-07 00:00:00,48,176.51612434631028,54.94792807582991,55.0391791817686,54.94077054015945,59.097854062604085,60.766051909039355
2012-12-07 01:00:00,28,176.51612434631028,17.17690728084696,17.130186902462782,17.154210904470716,23.836570013320024,24.287063717021837
2012-12-07 02:00:00,11,176.51612434631028,11.020970679740145,11.008315947609589,11.019222560437896,13.346614829614829,17.22178971579847
2012-12-07 03:00:00,5,176.51612434631028,-3.6385106172654957,-3.7388508001320986,-3.6620473158298807,4.594456349206348,4.981128114657062
2012-12-07 04:00:00,10,176.51612434631028,6.024000008406034,5.953616793227326,5.959056696241021,4.3211533189033196,5.6687553239110775
2012-12-07 05:00:00,26,176.51612434631028,25.025730893732003,24.870468843651366,24.963333495669815,33.62704112554112,10.456532004446405
2012-12-07 06:00:00,84,176.51612434631028,91.29506625759646,90.93372825800822,91.22883403086188,98.5426655844156,89.84724027549983
2012-12-07 07:00:00,215,176.51612434631028,238.49873479098835,238.24843644278906,238.45920588740273,194.0418237595737,211.49070308863583
2012-12-07 08:00:00,441,176.51612434631028,488.65799761599965,488.87899684665217,488.624755722975,450.48476383338857,482.58443706322447
2012-12-07 09:00:00,301,176.51612434631028,302.68143875960664,303.2996449979298,302.6606466713956,297.75193861693873,306.67305079304606
2012-12-07 10:00:00,166,176.51612434631028,211.76879175020045,211.52451718206117,211.7420582255897,175.42478048340553,193.88809095543283
2012-12-07 11:00:00,203,176.51612434631028,192.04241757328242,191.8710100565035,191.9861909236103,185.85685948773465,187.45263780086873
2012-12-07 12:00:00,240,176.51612434631028,247.18033745363954,247.08414921718872,247.13170775473958,261.7665749528249,247.91690507851203
2012-12-07 13:00:00,220,176.51612434631028,245.8640965468175,245.97443790520163,245.81350042735457,248.00033062770558,255.71725409447066
2012-12-07 14:00:00,215,176.51612434631028,216.2800519400125,216.5082954612417,216.230432171961,209.15613906926401,232.63165147065166
2012-12-07 15:00:00,303,176.51612434631028,244.39694397182404,244.58559984410192,244.34912290664653,233.06104220779235,258.5328200653289
2012-12-07 16:00:00,375,176.51612434631028,368.27228074982327,367.9725366107698,368.20513647614473,384.72660515873025,393.1501611408007
2012-12-07 17:00:00,568,176.51612434631028,550.2228669776496,549.8267470321497,550.190495358815,563.914039862915,612.8670426169581
2012-12-07 18:00:00,498,176.51612434631028,528.2413583142912,528.4957741940433,528.2478907635924,490.0253139776889,531.8360194585719
2012-12-07 19:00:00,352,176.51612434631028,377.07121170977655,377.62117449741567,377.0613838647233,369.3950827228327,384.6057744545394
2012-12-07 20:00:00,241,176.51612434631028,215.994269302313,216.14733767518408,216.00298140710157,242.85503156565662,204.48680641087824
2012-12-07 21:00:00,171,176.51612434631028,180.61389665345553,180.64573169155383,180.58353596754307,185.5946783910535,184.14907910514427
2012-12-07 22:00:00,165,176.51612434631028,131.69091152478347,131.6982205719695,131.65941927258345,151.84541536241525,143.98699917156785
2012-12-07 23:00:00,122,176.51612434631028,107.20039395808733,107.10544428808504,107.16509933959809,119.88693181818178,114.53765388464252
2012-12-08 00:00:00,103,176.51612434631028,78.21955755981679,78.08463839851552,78.17019823733024,100.44662910700417,88.73700146546024
2012-12-08 01:00:00,100,176.51612434631028,62.98561025181479,62.65986614587368,62.92222853806243,76.40494227994228,68.45309572778926
2012-12-08 02:00:00,70,176.51612434631028,61.502508603665376,61.04474953267602,61.438221995147146,65.5391553030303,67.14753553142084
2012-12-08 03:00:00,29,176.51612434631028,34.98634487144369,34.64485979129688,34.93625104146592,31.064722582972568,38.12133228002049
2012-12-08 04:00:00,12,176.51612434631028,15.61358021937869,15.416060614672887,15.526203072339115,9.383742063492067,23.320799487766713
2012-12-08 05:00:00,6,176.51612434631028,20.370248050115038,20.10684028302714,20.279212633635098,10.20082395382395,13.507505820546243
2012-12-08 06:00:00,20,176.51612434631028,58.70204973435973,58.309017819009554,58.616358912764255,20.44408091908092,44.37407824352591
2012-12-08 07:00:00,39,176.51612434631028,152.4909871460909,152.21846332385655,152.4153807154923,52.843261224886234,71.49507019292317
2012-12-08 08:00:00,111,176.51612434631028,236.74146610487793,237.16378590711093,236.71330764523043,110.22801277888779,110.2789512887131
2012-12-08 09:00:00,170,176.51612434631028,89.19354521908372,90.93868086851825,89.19394760582838,193.80740151515144,175.99492342648983
2012-12-08 10:00:00,287,176.51612434631028,156.95520300647203,157.20848733224923,156.93018933258492,242.7881471861471,226.42446136641883
2012-12-08 11:00:00,404,176.51612434631028,305.60016775552583,305.0461412341589,305.5122173638648,311.441761002886,325.33277600791547
2012-12-08 12:00:00,486,176.51612434631028,398.4759469172809,397.67304174976476,398.3903153071192,395.57559607059613,443.54644788400697
2012-12-08 13:00:00,547,176.51612434631028,431.87211370058867,431.0993718977867,431.77601940565444,461.41885714285723,451.7919983573136
2012-12-08 14:00:00,542,176.51612434631028,448.03863807996595,447.13265967007203,447.9448101362632,501.8393661616163,447.7124510747027
2012-12-08 15:00:00,541,176.51612434631028,482.5156209201938,481.5805795384473,482.41378395317054,541.8844700577201,478.5333093002737
2012-12-08 16:00:00,507,176.51612434631028,518.5992734226937,517.4877007197559,518.5035573988081,489.400201118326,493.56969601592675
2012-12-08 17:00:00,345,176.51612434631028,568.2865737833929,567.1818811592083,568.2095720584507,468.95354924242434,499.78283021517154
2012-12-08 18:00:00,304,176.51612434631028,351.8611410887471,352.70195385408385,351.85639693171913,315.1741234459986,371.8067184459928
2012-12-08 19:00:00,246,176.51612434631028,241.23341239653575,242.3297158857543,241.21292651827866,274.5366948051949,300.48140454446894
2012-12-08 20:00:00,182,176.51612434631028,179.67865416580898,180.1350431038624,179.64619296588938,199.330323953824,211.09238091719388
2012-12-08 21:00:00,209,176.51612434631028,138.37964988699494,138.60871633812408,138.34296035718071,154.15356349206343,170.05542505592754
2012-12-08 22:00:00,160,176.51612434631028,153.50208162652788,153.41557303971226,153.46386484805942,189.9517469336219,166.37986449803452
2012-12-08 23:00:00,162,176.51612434631028,112.4246124656191,112.3860442559357,112.37895311119337,132.91565842490837,117.3925737914723
2012-12-09 00:00:00,118,176.51612434631028,107.996020595042,107.79072752412898,107.97284180108943,123.28100951825951,106.57595452963236
2012-12-09 01:00:00,102,176.51612434631028,85.17929707859147,84.95672108508529,85.15553907706594,92.8404354395604,77.13260654038852
2012-12-09 02:00:00,78,176.51612434631028,74.09122780022446,73.77074334416974,74.06733087473788,82.2618652597403,67.84435934532094
2012-12-09 03:00:00,48,176.51612434631028,43.008044311250046,42.70411692509015,42.9849043085122,32.16489017926517,36.09853382591932
2012-12-09 04:00:00,12,176.51612434631028,23.09699411735116,22.796736588246546,23.021012992098946,12.919089937839935,27.026502385136954
2012-12-09 05:00:00,8,176.51612434631028,14.441516565883063,14.206286136592752,14.376558172982442,9.195250111000105,11.484707366445079
2012-12-09 06:00:00,6,176.51612434631028,11.653018708472558,11.177245533814016,11.603302374938977,17.631398018648014,26.891016678235896
2012-12-09 07:00:00,23,176.51612434631028,75.05137378658709,74.75676830613565,75.02848713375727,21.284377705627694,28.941308071439444
2012-12-09 08:00:00,69,176.51612434631028,133.17308651229783,133.4163319820879,133.17384258892463,66.47068846431347,37.49898749743145
2012-12-09 09:00:00,103,176.51612434631028,35.823033644451186,37.65453564594932,35.853936677691166,123.56993055555552,93.38055865557577
2012-12-09 10:00:00,219,176.51612434631028,137.14274846485435,137.72231655105747,137.15178541923433,159.3956091547342,221.50323195971987
2012-12-09 11:00:00,250,176.51612434631028,280.48483165987795,280.27298265258634,280.43690562223014,243.55818380230886,291.13059234056885
2012-12-09 12:00:00,315,176.51612434631028,355.0975979752109,355.0360472866172,355.0599494815198,424.60033590021084,378.2702408597487
2012-12-09 13:00:00,285,176.51612434631028,357.40682248108374,357.425832008071,357.36741710894864,412.73231415806396,393.1433239272513
2012-12-09 14:00:00,232,176.51612434631028,339.22695617924774,339.46513827426895,339.1887765237327,420.1556242229994,383.4307158487058
2012-12-09 15:00:00,225,176.51612434631028,276.90495991466116,277.0658580888911,276.8617690571947,324.76376082251073,220.02392589336898
2012-12-09 16:00:00,253,176.51612434631028,308.37214795623606,308.346362936992,308.33113357677576,248.54931403318903,209.77458282878268
2012-12-09 17:00:00,229,176.51612434631028,342.13703893196214,341.68110430285617,342.09246729576944,252.94848167110678,229.71925277714865
2012-12-09 18:00:00,198,176.51612434631028,193.31602475745916,194.35661823098354,193.34530628414024,216.21284036796544,188.4027983230874
2012-12-09 19:00:00,122,176.51612434631028,102.90392333479629,104.25108048504943,102.93367727088085,163.0304954906205,152.44057070281838
2012-12-09 20:00:00,108,176.51612434631028,51.98741411870574,52.73180441189106,51.990365034216524,107.40150378787875,110.13537625242681
2012-12-09 21:00:00,96,176.51612434631028,84.54795634057632,85.01213749644722,84.52994836567272,117.50729166666675,138.7277803251262
2012-12-09 22:00:00,78,176.51612434631028,39.64185945938843,39.858708253022485,39.639622142865164,80.88407839382837,86.30024979523297
2012-12-09 23:00:00,51,176.51612434631028,15.712028030775002,15.876023299152791,15.702517260924424,57.90384174159175,48.188480864898246
2012-12-10 00:00:00,20,176.51612434631028,-4.347887631414039,-4.302545174915679,-4.364686605822385,28.94818740981241,35.30370208433764
2012-12-10 01:00:00,4,176.51612434631028,16.660018725157357,16.739235203038845,16.633663967004082,11.44149368686869,21.752091420470844
2012-12-10 02:00:00,5,176.51612434631028,8.876968244059356,8.886180681485968,8.858190922562756,5.763022213897212,11.387991338233299
2012-12-10 03:00:00,4,176.51612434631028,3.4486670138174134,3.4133410032558515,3.4278304999852764,4.537380175380176,9.296972066422875
2012-12-10 04:00:00,12,176.51612434631028,1.2241495229339705,1.1062670100482421,1.151399448130718,5.642011169386168,6.5773497984216815
2012-12-10 05:00:00,27,176.51612434631028,24.099664582200802,23.86124704059452,24.026641654560734,34.10414325951825,12.05275368821102
2012-12-10 06:00:00,123,176.51612434631028,82.59792522333996,82.14520701444661,82.52708118594309,107.21140885503384,88.57361199823461
2012-12-10 07:00:00,294,176.51612434631028,251.56870479342314,250.97672626122375,251.5019506598243,369.9069685314685,319.70122852986265
2012-12-10 08:00:00,584,176.51612434631028,449.5556215359294,448.9487157906482,449.4816748875111,540.3264615107114,612.6816993976688
2012-12-10 09:00:00,284,176.51612434631028,355.2588483245621,355.12540900237207,355.2051337940196,307.69908352758347,294.9042504578078
2012-12-10 10:00:00,133,176.51612434631028,205.36456668033247,205.11454990158776,205.33248925771534,170.6771473665224,187.10793014138932
2012-12-10 11:00:00,134,176.51612434631028,155.6290313179226,155.44294106030262,155.5796429075552,116.88196736596737,133.76826693095074
2012-12-10 12:00:00,173,176.51612434631028,181.9016840011348,181.8356385231396,181.85957713120288,131.10643867243863,170.95639108228585
2012-12-10 13:00:00,220,176.51612434631028,186.39630061353566,186.5416826309266,186.35308092143904,170.03591708291705,175.50972983498093
2012-12-10 14:00:00,210,176.51612434631028,219.15753815091287,219.1768134603627,219.0878403196917,211.44800405150403,224.9483137013666
2012-12-10 15:00:00,236,176.51612434631028,230.4855337005453,230.51349054070334,230.41998066322776,223.64168223443218,236.02125912142682
2012-12-10 16:00:00,345,176.51612434631028,320.5780393411842,320.3678231492879,320.5067333650606,349.6450816822066,341.65567153743285
2012-12-10 17:00:00,616,176.51612434631028,500.565121830718,499.93325660084804,500.49920342946723,636.1421676795428,614.0258984315345
2012-12-10 18:00:00,564,176.51612434631028,539.3060006052959,539.1040919139117,539.269253196619,581.5430278887779,570.4793788251925
2012-12-10 19:00:00,427,176.51612434631028,405.20540779251064,405.2473747683125,405.1532773068499,411.2638466810966,375.6307353034465
2012-12-10 20:00:00,300,176.51612434631028,293.0911837213405,292.79905983831276,293.04110715879926,294.6354875541125,284.51856312377225
2012-12-10 21:00:00,245,176.51612434631028,209.4558348036778,209.23201858914945,209.4143902695864,209.56367947330432,210.41750208693014
2012-12-10 22:00:00,126,176.51612434631028,164.92999896257652,164.64035817143406,164.89088336850344,171.5796172993673,170.76779221507732
2012-12-10 23:00:00,84,176.51612434631028,84.10053955823747,84.13615415853228,84.06900582011625,80.50154666167167,89.43743472563715
2012-12-11 00:00:00,31,176.51612434631028,7.55311414930955,7.576088787001396,7.556999831241058,42.84850739538239,44.88674251787231
2012-12-11 01:00:00,8,176.51612434631028,16.710006142255594,16.82203860305046,16.702009222365803,15.723179306804314,21.48080966504971
2012-12-11 02:00:00,1,176.51612434631028,1.2446886261391796,1.3546001729454815,1.247226991994836,5.9209052197802166,10.005727325551351
2012-12-11 03:00:00,3,176.51612434631028,-40.19589247054989,-40.31713874146831,-40.2192889181178,3.801855658230658,-2.5384870484368345
2012-12-11 04:00:00,8,176.51612434631028,0.3766052449999222,0.25233641058451894,0.289086648117717,5.236519466644467,5.126201770065627
2012-12-11 05:00:00,41,176.51612434631028,-9.25764432809899,-9.561999602347925,-9.334169909213216,30.999043290043293,2.229319776224675
2012-12-11 06:00:00,118,176.51612434631028,110.47955957181546,109.98699242247638,110.38448383044063,151.05980357142866,106.57902698245364
2012-12-11 07:00:00,380,176.51612434631028,314.63697856647605,314.13910576464,314.54847843540404,347.44671518759026,343.2583543242361
2012-12-11 08:00:00,724,176.51612434631028,570.5348009882757,569.8560164852377,570.4537570490478,618.0682722138973,673.612206687786
2012-12-11 09:00:00,334,176.51612434631028,474.3734297969622,473.86287431988023,474.29662652419165,311.8130980130981,324.38723632451445
2012-12-11 10:00:00,154,176.51612434631028,234.53517220753247,234.14463975934456,234.48955368014185,178.4263403679653,218.25451547976465
2012-12-11 11:00:00,173,176.51612434631028,180.51194023935065,180.3105964505525,180.44754844295576,172.79268477355978,165.01405383302998
2012-12-11 12:00:00,226,176.51612434631028,227.6480017038404,227.47554808168542,227.5797300981896,215.39311854811865,244.95031197640049
2012-12-11 13:00:00,254,176.51612434631028,236.06227306973085,236.26497410484785,236.03473435044955,233.5696136363635,244.95739924108
2012-12-11 14:00:00,204,176.51612434631028,240.0000030511918,240.1778719526759,239.97114793410918,240.00243759018755,243.19669194329083
2012-12-11 15:00:00,270,176.51612434631028,235.27408723139172,235.61026139239206,235.25411363705257,226.21798583361098,241.4306871816525
2012-12-11 16:00:00,358,176.51612434631028,350.6204331656886,350.57702709886416,350.5955467177308,382.40042499167487,395.4465173524846
2012-12-11 17:00:00,601,176.51612434631028,575.3683051199697,574.9464824330353,575.3087069852398,651.2784787296036,697.4669776016243
2012-12-11 18:00:00,546,176.51612434631028,596.9247875999508,597.0189419961835,596.896609190727,560.788003871129,629.5584593136093
2012-12-11 19:00:00,433,176.51612434631028,432.6228803613237,432.98399083163406,432.59098470141373,415.78478775391284,394.38965018287985
2012-12-11 20:00:00,257,176.51612434631028,325.1943367064409,325.1138418632953,325.15724611689285,289.49840710678217,308.47552404331583
2012-12-11 21:00:00,207,176.51612434631028,225.23592375236598,225.47012885434594,225.22294802823282,210.0344197330446,226.16653029654432
2012-12-11 22:00:00,106,176.51612434631028,161.24516464918693,161.2333147922814,161.21652577970806,149.52814790764785,150.5665827968406
2012-12-11 23:00:00,64,176.51612434631028,75.49082826403301,75.7585327112829,75.47517654773021,79.97466468253968,87.33720458147418
2012-12-12 00:00:00,34,176.51612434631028,35.13099738803132,35.36007673029957,35.12357122685964,38.18934397546897,46.47561513536456
2012-12-12 01:00:00,21,176.51612434631028,14.729923653461867,14.801923397028276,14.706264867143972,17.718048881673884,23.140562035841246
2012-12-12 02:00:00,9,176.51612434631028,13.348503466924484,13.357593342311844,13.327322718014727,8.60809336496837,17.42962326284121
2012-12-12 03:00:00,10,176.51612434631028,4.289676825769249,4.3689382650266,4.280878602245906,3.937790043290043,7.60497034125446
2012-12-12 04:00:00,4,176.51612434631028,12.02396082377291,12.14521642682655,11.984181231724762,5.49875931013431,7.862819511681291
2012-12-12 05:00:00,37,176.51612434631028,30.492234440931753,30.39848266451756,30.424667587937606,35.28739411976912,14.255052774107963
2012-12-12 06:00:00,128,176.51612434631028,98.34636701799224,97.95448687160122,98.27508747721188,127.20590634365637,104.5326374083005
2012-12-12 07:00:00,369,176.51612434631028,302.98577113147724,302.557197266177,302.928152558521,345.7067837301588,325.6523383158296
2012-12-12 08:00:00,688,176.51612434631028,589.2178199146525,588.7518863572342,589.159900034482,623.374401945277,702.8386257630511
2012-12-12 09:00:00,285,176.51612434631028,464.42883098253185,464.2509745569447,464.38903479697444,322.24763911088917,314.6591899585224
2012-12-12 10:00:00,136,176.51612434631028,198.02148655931097,197.93273095412232,198.0074644380965,151.61017424242428,181.7144635041701
2012-12-12 11:00:00,172,176.51612434631028,167.8148685808613,167.71619998359023,167.75862211912118,147.3014431956932,158.5413021645505
2012-12-12 12:00:00,232,176.51612434631028,222.92034763943786,222.97568807720847,222.89668327649375,208.9192445887446,219.61329534313833
2012-12-12 13:00:00,238,176.51612434631028,233.64267420435021,233.8764956316062,233.62040068294513,259.24054134754124,251.85209969055384
2012-12-12 14:00:00,225,176.51612434631028,219.97738544915276,220.20089364675465,219.94982129587152,246.38969841269838,217.65476054414881
2012-12-12 15:00:00,228,176.51612434631028,248.46335713916247,248.713100628246,248.43432117240724,240.3806206709957,256.8870297103305
2012-12-12 16:00:00,329,176.51612434631028,315.15450019660443,315.1510809441523,315.1148111812146,308.28597243034756,301.1152494528768
2012-12-12 17:00:00,561,176.51612434631028,519.6713036683112,519.2507929372571,519.619376119186,553.9217626262629,591.1263167059583
2012-12-12 18:00:00,540,176.51612434631028,537.5657612107137,537.7015193323781,537.5488847132158,515.1831800838049,552.3642650306776
2012-12-12 19:00:00,402,176.51612434631028,411.561648739206,411.9406445354923,411.53845590018364,403.37282828282827,380.6312449172687
2012-12-12 20:00:00,268,176.51612434631028,295.5062978533856,295.5099109551739,295.47788059228344,273.5258891525141,287.34548096586514
2012-12-12 21:00:00,202,176.51612434631028,199.57900690501555,199.68123461013093,199.56460543414454,207.39363492063498,208.6900974078061
2012-12-12 22:00:00,122,176.51612434631028,131.84633805183378,131.82107053351632,131.82721244225405,145.09614414751914,138.1973638488143
2012-12-12 23:00:00,79,176.51612434631028,68.37694193179532,68.56786610462368,68.36479451974364,83.72937662337662,90.69293655964117
2012-12-13 00:00:00,32,176.51612434631028,36.749553827672145,36.91255105473746,36.748575034714236,45.11511333111333,46.37739494207456
2012-12-13 01:00:00,23,176.51612434631028,8.65213736804779,8.762714749670948,8.64261300654951,16.10500252525252,19.788027865276618
2012-12-13 02:00:00,8,176.51612434631028,6.308327137496008,6.301788126051775,6.296821485698246,10.067508859196359,16.00676944825813
2012-12-13 03:00:00,2,176.51612434631028,-5.488111734342937,-5.459797120918125,-5.496891854590018,4.480180805305807,6.182116526671389
2012-12-13 04:00:00,8,176.51612434631028,-3.0980872586377757,-3.0637645755832352,-3.1486148127407603,3.9273066239316257,6.917343132000445
2012-12-13 05:00:00,33,176.51612434631028,22.054537944580687,21.97414598909907,22.00306798716514,31.60558878621379,12.392747021789788
2012-12-13 06:00:00,114,176.51612434631028,104.31572652448936,103.94740110036359,104.24918993995843,122.44972456709955,106.18773479959708
2012-12-13 07:00:00,385,176.51612434631028,297.0883463961882,296.6296590833773,297.0233123829123,339.14939682539676,319.63269610891075
2012-12-13 08:00:00,679,176.51612434631028,578.4015209707278,577.7623380718893,578.3379510147745,634.8667776251526,657.6392683197166
2012-12-13 09:00:00,325,176.51612434631028,434.17663464171073,433.8981586560858,434.137341770758,306.3158084415584,315.4691193012113
2012-12-13 10:00:00,167,176.51612434631028,225.85394293846284,225.5822494910699,225.8332179034292,172.44926587301586,210.0545058608541
2012-12-13 11:00:00,189,176.51612434631028,194.56087427071728,194.3521489092343,194.5037616337002,180.21208531746026,179.37516294914911
2012-12-13 12:00:00,282,176.51612434631028,238.77430939651612,238.59507633802554,238.71844085235742,233.6143095515595,236.51918201981903
2012-12-13 13:00:00,271,176.51612434631028,272.49702807267596,272.4679326690594,272.4537070601151,265.98048223304477,270.1004835090441
2012-12-13 14:00:00,242,176.51612434631028,247.2456805729401,247.28591981036655,247.20267871584582,251.18709018759017,240.19148621232947
2012-12-13 15:00:00,280,176.51612434631028,257.4467023484813,257.5487961960459,257.40660772472484,266.3696387085137,256.0680228164214
2012-12-13 16:00:00,406,176.51612434631028,339.0101170939211,338.83344573192016,338.9807387833574,327.3712820512821,352.72340600377356
2012-12-13 17:00:00,550,176.51612434631028,569.560011822576,568.9596126708714,569.5270013878862,540.1642595598847,623.7791493499104
2012-12-13 18:00:00,466,176.51612434631028,529.6472046659397,529.8889168838369,529.6568799558789,498.3836195887447,535.8813254380055
2012-12-13 19:00:00,348,176.51612434631028,363.952721829821,364.65410658639587,363.95807604096365,365.05294388944384,373.5796087414318
2012-12-13 20:00:00,241,176.51612434631028,256.3236654522514,256.68172390022056,256.34106064573973,267.5728242035741,252.3034693437825
2012-12-13 21:00:00,213,176.51612434631028,191.35601562066182,191.7214255784628,191.37960194032945,191.40822835497832,191.38529866340843
2012-12-13 22:00:00,148,176.51612434631028,152.98167234145254,153.01379807857734,152.9810539641447,159.54649712787213,145.54069672959503
2012-12-13 23:00:00,120,176.51612434631028,98.4061123123515,98.64527989039284,98.41883169049973,103.7852741980242,103.26860870184936
2012-12-14 00:00:00,47,176.51612434631028,66.86200666037838,66.9242599024651,66.87358810180244,58.398769119769106,80.53904758767568
2012-12-14 01:00:00,26,176.51612434631028,26.965161765613658,27.107083879820465,26.97580331978459,26.201349386724402,25.089124995787706
2012-12-14 02:00:00,9,176.51612434631028,16.899068374557515,17.01508106566959,16.91894453804079,12.658503538128544,17.909416925052497
2012-12-14 03:00:00,12,176.51612434631028,1.6611787394638498,1.726725491654463,1.6650713946618225,4.693781926406928,5.6687553239110775
2012-12-14 04:00:00,10,176.51612434631028,9.776525078816604,9.73618985132643,9.721229712964572,5.64485606060606,5.6687553239110775
2012-12-14 05:00:00,34,176.51612434631028,26.76382118786327,26.668651300194313,26.718129174143456,28.47528264790766,11.144159213700426
2012-12-14 06:00:00,113,176.51612434631028,93.89068267206738,93.47286715195301,93.82576440986202,121.19115725940728,106.43477536554148
2012-12-14 07:00:00,308,176.51612434631028,263.6759081207235,263.1790919460564,263.6211013910061,324.7685618686868,296.7615160508599
2012-12-14 08:00:00,636,176.51612434631028,488.17464182672927,487.83187961333715,488.14831046299844,581.6764885947382,545.8203521072032
2012-12-14 09:00:00,343,176.51612434631028,420.4609046998344,420.2828232894865,420.4111812405856,318.6577478077478,296.85719063517433
2012-12-14 10:00:00,190,176.51612434631028,243.1353895904788,242.67461311511966,243.0900032399908,195.29391053391046,223.29901392173326
2012-12-14 11:00:00,211,176.51612434631028,214.10691314249223,213.7219562380282,214.03288809339298,191.22892446442455,183.78281025955158
2012-12-14 12:00:00,273,176.51612434631028,259.6104755282105,259.39548230731657,259.56211524702695,276.09968944943944,264.5969001295429
2012-12-14 13:00:00,313,176.51612434631028,265.16104649283744,265.0997335901991,265.1141802263678,257.2298413808414,278.9314631874026
2012-12-14 14:00:00,299,176.51612434631028,275.05315153972106,274.98827740662125,275.0225796350783,263.46689592352095,263.47325225909594
2012-12-14 15:00:00,309,176.51612434631028,304.399267009852,304.33853259011016,304.36679878070646,293.3513685064935,314.29006507421207
2012-12-14 16:00:00,417,176.51612434631028,375.04958228069603,374.80080694981064,375.021390395971,398.3212621683873,397.91766020627335
2012-12-14 17:00:00,622,176.51612434631028,563.2709888052536,562.4202408858795,563.2121337380709,515.4391809718062,579.010809679857
2012-12-14 18:00:00,455,176.51612434631028,548.0708602819757,547.824275359979,548.0489743589585,490.19219107281583,529.9189701804032
2012-12-14 19:00:00,319,176.51612434631028,348.06070419276705,348.7206194705738,348.063217590774,344.4808986291488,361.21577244961304
2012-12-14 20:00:00,221,176.51612434631028,236.88958979757646,237.19307942117928,236.88854813541877,239.89776998001994,232.32366538735033
2012-12-14 21:00:00,172,176.51612434631028,175.23140061548446,175.41233806030363,175.21412459134032,184.68473178210678,179.10590857114553
2012-12-14 22:00:00,138,176.51612434631028,139.90026362099195,139.95211899175516,139.87824808195077,156.65674765512264,138.7431614792558
2012-12-14 23:00:00,134,176.51612434631028,103.56653351991659,103.73050021057114,103.55906261782715,110.96242601842603,103.64333070822079
2012-12-15 00:00:00,94,176.51612434631028,91.3073297908633,91.29193512934671,91.28879987615475,97.93525559163066,92.08136935976007
2012-12-15 01:00:00,95,176.51612434631028,62.43269724226886,62.34500136639173,62.40878743657244,74.78095898545902,52.73632976463865
2012-12-15 02:00:00,69,176.51612434631028,69.17337978165263,68.95494941656324,69.14915524674117,68.49970689033186,54.342661377092135
2012-12-15 03:00:00,23,176.51612434631028,37.379628550094566,37.265770128691486,37.369372038503016,38.12408333333333,32.55124598772807
2012-12-15 04:00:00,6,176.51612434631028,9.846737097787837,9.688327550272248,9.763044692017587,10.039833333333332,18.47265618755737
2012-12-15 05:00:00,3,176.51612434631028,15.847352025469633,15.805607373867787,15.79858037299195,8.21486126373626,11.947211194510366
2012-12-15 06:00:00,11,176.51612434631028,58.07466687418922,57.908369426265864,58.03477826201056,23.128935786435775,42.555934447063215
2012-12-15 07:00:00,48,176.51612434631028,152.05411170273925,151.9080288958782,152.00860710519976,37.540630328005335,70.5117647457286
2012-12-15 08:00:00,119,176.51612434631028,259.90714323691407,260.48423812421186,259.90820454749263,134.02964826839832,121.61335098901739
2012-12-15 09:00:00,220,176.51612434631028,97.47332531197272,99.19170140144598,97.48064482231148,179.34831385281382,194.29440022454406
2012-12-15 10:00:00,273,176.51612434631028,201.45303706967258,201.60366909165379,201.42800999681168,281.54877615440114,253.00287898349092
2012-12-15 11:00:00,393,176.51612434631028,307.0573760356509,306.54739057524375,306.9779041204713,308.22066323953817,332.0536747420817
2012-12-15 12:00:00,453,176.51612434631028,414.76694969292555,414.05728324712163,414.6961716116323,400.19624834887355,459.95552447198804
2012-12-15 13:00:00,456,176.51612434631028,440.5750051106984,440.0952966681459,440.5113770134635,441.2817160894663,467.4340069814367
2012-12-15 14:00:00,426,176.51612434631028,431.23215519279984,430.7761976447656,431.1622503002393,428.9393614718616,448.7767053807959
2012-12-15 15:00:00,447,176.51612434631028,432.7582285059606,432.29244865182955,432.6806552797291,427.6115532106783,469.8396493175184
2012-12-15 16:00:00,413,176.51612434631028,484.50342093404015,483.81523313968864,484.4401237838297,477.61034830447335,496.554446034043
2012-12-15 17:00:00,309,176.51612434631028,526.7478061528916,526.0056341119706,526.7052505932336,422.5435873709625,460.4092784908943
2012-12-15 18:00:00,272,176.51612434631028,323.8460749136102,324.6753417634452,323.86067233635015,302.69561273448784,334.1589435296709
2012-12-15 19:00:00,257,176.51612434631028,215.10811775944052,216.24715216584585,215.09391582092053,254.0482750721502,261.79992504911854
2012-12-15 20:00:00,201,176.51612434631028,179.08779745160703,179.52913800296872,179.07178446708429,210.307397907648,202.2032222649615
2012-12-15 21:00:00,184,176.51612434631028,167.7277959853859,167.98467738563443,167.69588284539526,183.28678192640697,184.07375266069116
2012-12-15 22:00:00,156,176.51612434631028,144.9748020463657,144.96693086330788,144.9381069714306,147.25276541514037,151.37332890462858
2012-12-15 23:00:00,119,176.51612434631028,118.8175851265131,118.9103018978694,118.78749684456784,132.9433240925741,112.43919277776217
2012-12-16 00:00:00,110,176.51612434631028,84.64833391882237,84.71311876068006,84.64993605667578,94.05052365689868,88.61841290118684
2012-12-16 01:00:00,96,176.51612434631028,46.49410262738064,46.292848795526695,46.49417519815904,84.5746167027417,61.76499600905293
2012-12-16 02:00:00,87,176.51612434631028,70.23570680270807,69.91684673009055,70.2073151894518,71.1144604700855,53.33174635444098
2012-12-16 03:00:00,38,176.51612434631028,49.700266571875844,49.31563682713373,49.66343277628724,44.024487554112554,49.39090827095315
2012-12-16 04:00:00,11,176.51612434631028,18.42239082613966,18.225878260892102,18.35669458503952,11.296459054834049,23.92187554730284
2012-12-16 05:00:00,9,176.51612434631028,13.581055144557808,13.371412558995615,13.519326741873101,8.887865537240533,10.870716542253106
2012-12-16 06:00:00,6,176.51612434631028,43.83890550270314,43.44184974038623,43.78000854740476,17.974895562770566,38.634270400254564
2012-12-16 07:00:00,27,176.51612434631028,108.88548965384032,108.5304994399747,108.83063699165402,23.150275405150392,44.692733396875575
2012-12-16 08:00:00,88,176.51612434631028,165.87541359876286,166.05510937276193,165.83699249659182,90.54658076645575,91.30683501183914
2012-12-16 09:00:00,132,176.51612434631028,40.87342027017979,42.523930363226924,40.87710787539339,175.38318109668103,142.01976220825264
2012-12-16 10:00:00,257,176.51612434631028,138.55420141223564,138.88324580072182,138.5313765682506,198.77727056277064,197.30275242023495
2012-12-16 11:00:00,295,176.51612434631028,280.30221242903644,279.7034674348088,280.21654804118634,289.01014880952357,297.7107043629781
2012-12-16 12:00:00,417,176.51612434631028,333.8380916292481,333.3642255427056,333.7866889272764,305.6601003302253,355.6590836233876
2012-12-16 13:00:00,356,176.51612434631028,374.9793441688665,374.47553201395897,374.9268383645973,412.16624819624826,387.92749263137586
2012-12-16 14:00:00,310,176.51612434631028,314.69071882698086,314.40492854616537,314.6416751458108,336.8843754995004,335.1601768811724
2012-12-16 15:00:00,338,176.51612434631028,303.4067901094327,303.1646875269222,303.3572685008864,277.7526471861471,313.65066381937294
2012-12-16 16:00:00,400,176.51612434631028,355.5124448399131,354.9576217865407,355.4610683938622,341.44223214285716,361.53879591481945
2012-12-16 17:00:00,243,176.51612434631028,440.00493425020977,438.9551955916859,439.94724244966835,333.61551486013974,370.5610051932782
2012-12-16 18:00:00,107,176.51612434631028,193.03459996430757,193.8009751945739,193.06685814384252,233.03409360084362,203.47199795734156
2012-12-16 19:00:00,109,176.51612434631028,80.74742444847335,82.25330445391171,80.73923565680586,166.78540620490617,158.26005552270843
2012-12-16 20:00:00,122,176.51612434631028,74.33499172578168,75.23655300469107,74.34224218660249,123.24632287157287,139.93780138404114
2012-12-16 21:00:00,106,176.51612434631028,90.17584447214598,90.63288124035145,90.16822186186494,126.58990873015868,142.41742378384112
2012-12-16 22:00:00,89,176.51612434631028,74.8613495680541,75.1071090619929,74.8591850032284,100.2792360833611,112.7106090999897
2012-12-16 23:00:00,33,176.51612434631028,49.95362157116219,50.05763959399886,49.918291354150114,73.55026809301809,81.11098904579906
2012-12-17 00:00:00,28,176.51612434631028,20.40509287551464,20.626366122660016,20.38850084681556,23.344152750027757,33.15201784206825
2012-12-17 01:00:00,15,176.51612434631028,18.068202084414537,18.15749958052288,18.054164314272924,13.934040626040625,24.168100100025487
2012-12-17 02:00:00,5,176.51612434631028,17.168398576853036,17.131874270630618,17.143174356048945,8.622419136419143,11.527293992446333
2012-12-17 03:00:00,3,176.51612434631028,2.5806852576928634,2.5460091330536727,2.557601211684613,4.141167207792209,7.7520283414858415
2012-12-17 04:00:00,5,176.51612434631028,-31.42192011738527,-31.60536539838543,-31.48564619894998,5.374649517149518,-1.7013298442727638
2012-12-17 05:00:00,24,176.51612434631028,20.109916041682396,19.911926775524222,20.03789902835524,30.87061291486292,12.05275368821102
2012-12-17 06:00:00,108,176.51612434631028,78.21125109450277,77.65363428561898,78.11576485323337,105.09303728216233,87.29530244405946
2012-12-17 07:00:00,319,176.51612434631028,223.87206809939786,223.12931821707107,223.77605164611694,300.7893702547454,288.22565265963465
2012-12-17 08:00:00,592,176.51612434631028,439.8815667901209,439.24804886474067,439.8171255058645,553.5225034271283,568.7038405071704
2012-12-17 09:00:00,282,176.51612434631028,363.946262412648,363.8782409645694,363.89560112031427,307.13500997613505,290.92469867782825
2012-12-17 10:00:00,135,176.51612434631028,210.91525623920404,210.79014119136409,210.8936470139581,183.2863088023088,204.78760611800308
2012-12-17 11:00:00,170,176.51612434631028,178.42134690220695,178.29172534762355,178.36283777424939,143.28751674714175,165.50189892463874
2012-12-17 12:00:00,232,176.51612434631028,236.03320580301587,235.96725629116463,235.97810174008438,214.89732352369853,237.8357600260812
2012-12-17 13:00:00,210,176.51612434631028,246.28109673554522,246.35194405755723,246.22920476129417,230.84249599012102,264.3289472019379
2012-12-17 14:00:00,181,176.51612434631028,214.83075645647185,214.98711223039945,214.77751944375524,196.006152084027,226.22194189650654
2012-12-17 15:00:00,211,176.51612434631028,223.12808390494246,223.3063394262083,223.07111514552392,194.2060594683094,221.1208878844308
2012-12-17 16:00:00,302,176.51612434631028,266.94673460638273,266.84855654967026,266.9189279355138,247.04826677489177,232.0370084881328
2012-12-17 17:00:00,495,176.51612434631028,454.09538808443153,453.42814936854245,454.03016583510896,499.6991096681096,550.23976247909
2012-12-17 18:00:00,507,176.51612434631028,427.67176453233026,427.4777754305022,427.62511024536934,408.13878192640703,460.60224756360026
2012-12-17 19:00:00,340,176.51612434631028,351.75493249302696,351.9391690930787,351.7144823793665,358.19653864191343,346.0667686616461
2012-12-17 20:00:00,200,176.51612434631028,235.8551925796762,235.87878262880798,235.82298608670038,243.1530036075037,240.96880800623626
2012-12-17 21:00:00,120,176.51612434631028,157.88910661648862,158.04228005540088,157.86047985281664,160.9888427128427,158.18328634713484
2012-12-17 22:00:00,54,176.51612434631028,88.01541374293218,88.12924987433209,87.98853160988138,103.55487803862799,113.69921302008333
2012-12-17 23:00:00,47,176.51612434631028,-6.490418325389186,-6.2726720936820755,-6.491482832755111,42.76208538683541,45.34926126526717
2012-12-18 00:00:00,18,176.51612434631028,19.148682336593083,19.239712917449793,19.113405404659886,27.884896603396605,33.58251188837466
2012-12-18 01:00:00,15,176.51612434631028,3.4136326844399036,3.454232336534716,3.378487805495894,11.483303210678214,11.706299773412793
2012-12-18 02:00:00,7,176.51612434631028,4.502858920812145,4.4453264484735655,4.475482819297838,7.214745476745481,7.899890498843533
2012-12-18 03:00:00,5,176.51612434631028,5.593928760562051,5.528687779042031,5.560518480556794,3.552957972582973,8.41732862349596
2012-12-18 04:00:00,8,176.51612434631028,10.847191279007546,10.75144008798253,10.7661372070975,5.495797258297256,8.41732862349596
2012-12-18 05:00:00,36,176.51612434631028,33.70815405286132,33.51553755562304,33.626390537416086,28.754699855699855,13.5762938343551
2012-12-18 06:00:00,118,176.51612434631028,106.21334147088322,105.65852615675806,106.10698319794486,122.71441519591521,111.21969949357802
2012-12-18 07:00:00,355,176.51612434631028,296.47828973568545,295.8897412957143,296.37599462335584,346.9233952020202,336.5436470409486
2012-12-18 08:00:00,662,176.51612434631028,569.1515582467931,568.6542021302765,569.0723403074475,611.5403257575756,678.4663751857357
2012-12-18 09:00:00,326,176.51612434631028,442.43699414948844,442.21257026427907,442.3729217163675,315.2594577367079,324.1169624324816
2012-12-18 10:00:00,184,176.51612434631028,234.69053337543338,234.35785284279964,234.64318365835356,174.10089177489183,209.53841321743408
2012-12-18 11:00:00,269,176.51612434631028,209.14342521978114,208.8650495072601,209.07089084044912,187.72964545177055,194.19241703283177
2012-12-18 12:00:00,313,176.51612434631028,249.23037366762398,248.86946706027297,249.19386446011217,261.71308717671224,252.893002441449
2012-12-18 13:00:00,286,176.51612434631028,295.21201388280565,295.05996748843785,295.1495817953189,267.95152894327896,287.7686914207624
2012-12-18 14:00:00,247,176.51612434631028,248.6423455962507,248.60303003884303,248.59739696290262,235.57756854256863,240.56919712702995
2012-12-18 15:00:00,246,176.51612434631028,257.37456507138023,257.44730168607754,257.3393400533582,266.79962724775226,261.20388291273406
2012-12-18 16:00:00,363,176.51612434631028,322.229628367112,322.2145712902678,322.205066731387,351.8479823232324,329.99260732998766
2012-12-18 17:00:00,572,176.51612434631028,530.254351091736,529.6663340580445,530.2214508624444,516.2374794372295,595.2592266635926
2012-12-18 18:00:00,525,176.51612434631028,531.8504930086909,531.8116782683088,531.8490596844741,500.45380735930746,528.2772011159431
2012-12-18 19:00:00,353,176.51612434631028,401.63394363704776,402.07565178292685,401.63748845396105,371.53574675324666,405.99266727255866
2012-12-18 20:00:00,268,176.51612434631028,255.68352664922574,255.73165835046657,255.6442414594154,247.37795795870784,263.7824945658887
2012-12-18 21:00:00,168,176.51612434631028,199.7086182818915,199.70151637557288,199.68160508680916,205.1781217393718,205.67863881496083
2012-12-18 22:00:00,132,176.51612434631028,118.21423159680778,118.25829763488565,118.18465891031109,133.78293601006837,136.27986594113364
2012-12-18 23:00:00,81,176.51612434631028,82.1594510362507,82.34298879850942,82.15099780671103,80.03801587301588,92.05793332619432
2012-12-19 00:00:00,41,176.51612434631028,44.57341605327801,44.71204236413038,44.55825409041759,42.92821854534353,49.73033192849855
2012-12-19 01:00:00,15,176.51612434631028,24.453493134882507,24.583981952979798,24.440962368847835,20.57229478854479,25.89774501618264
2012-12-19 02:00:00,3,176.51612434631028,11.485156665918254,11.582195928647621,11.478196305939406,7.452557844932852,8.768235201611942
2012-12-19 03:00:00,5,176.51612434631028,1.7375847448857087,1.7570098641769505,1.7127528845923052,3.55016953879454,5.6687553239110775
2012-12-19 04:00:00,7,176.51612434631028,5.640253767971558,5.544108368034614,5.55483685666843,3.733778499278499,5.6687553239110775
2012-12-19 05:00:00,31,176.51612434631028,30.345784041227972,30.25086853730045,30.282043312598034,31.585397963147965,11.144159213700426
2012-12-19 06:00:00,112,176.51612434631028,104.3712079522779,104.01550696866065,104.29834012352582,106.38469083694086,94.80357518118875
2012-12-19 07:00:00,363,176.51612434631028,292.6714444636068,292.26871746639563,292.6035636802185,327.73772961760466,325.3371973734747
2012-12-19 08:00:00,678,176.51612434631028,570.8222257164936,570.3146470243194,570.7489447863911,620.0191679292928,660.6085481799895
2012-12-19 09:00:00,317,176.51612434631028,444.35985435186126,444.11893856248787,444.300658431771,317.0082817460317,310.0444004224254
2012-12-19 10:00:00,164,176.51612434631028,228.49217222566193,228.2965871292092,228.46303364618157,179.99394606782104,214.55396326093302
2012-12-19 11:00:00,200,176.51612434631028,208.5158688083394,208.51741234975654,208.47425296441708,182.17245437895446,216.51648603389194
2012-12-19 12:00:00,236,176.51612434631028,257.6904551460061,257.7329977835098,257.657183818661,276.9814613164614,263.8145042591243
2012-12-19 13:00:00,213,176.51612434631028,253.60565357060153,253.80930752558885,253.56408136699744,265.60179310966805,258.94957297276653
2012-12-19 14:00:00,218,176.51612434631028,221.14959456086734,221.443141982194,221.109181496665,212.94841945554444,229.25678133625894
2012-12-19 15:00:00,237,176.51612434631028,236.60957164085897,236.77443457493834,236.57244345626432,242.3948064990565,241.68953007077292
2012-12-19 16:00:00,334,176.51612434631028,318.469193343093,318.48084944986476,318.4401303921065,366.0297666222668,340.25159182059144
2012-12-19 17:00:00,562,176.51612434631028,515.7634276363484,515.2749523788218,515.7298812754058,534.799929834055,572.6426629781154
2012-12-19 18:00:00,569,176.51612434631028,525.536932833082,525.5119394863552,525.5339247301838,503.2187530663782,525.2240307153143
2012-12-19 19:00:00,336,176.51612434631028,420.8700925008976,421.0872792670557,420.86306550597976,372.11157917082915,402.6437626549285
2012-12-19 20:00:00,241,176.51612434631028,256.58715696371866,256.7585579813145,256.55669791810533,256.23934931734937,252.33186044895214
2012-12-19 21:00:00,168,176.51612434631028,187.3211695285815,187.31990940195192,187.27806865594684,189.50059686147193,183.6596020113291
2012-12-19 22:00:00,129,176.51612434631028,129.31048750058233,129.4112548961263,129.28964957797513,132.21350229100963,139.1755068123039
2012-12-19 23:00:00,88,176.51612434631028,85.06260359465747,85.21863692472289,85.04518204615147,89.49467766955266,92.54112317975873
2012-12-20 00:00:00,42,176.51612434631028,49.9505102118563,50.070726574462526,49.94486482334443,49.755102272727264,62.520364218139335
2012-12-20 01:00:00,20,176.51612434631028,27.27878520148235,27.43301642598962,27.27615285344403,20.010694139194143,26.97821093845932
2012-12-20 02:00:00,8,176.51612434631028,16.24372615936599,16.331946392491034,16.242137243259975,8.647927176989686,19.873130201811577
2012-12-20 03:00:00,4,176.51612434631028,-2.2355398342009494,-2.168678241179123,-2.238246271402346,4.123331168831169,6.344169131350754
2012-12-20 04:00:00,6,176.51612434631028,0.9707126912130377,0.990768517183028,0.9177024257969606,4.627934870684871,6.344169131350754
2012-12-20 05:00:00,35,176.51612434631028,22.25038657049552,22.171118182336926,22.198991332563907,29.16083442945944,11.819573021140098
2012-12-20 06:00:00,118,176.51612434631028,98.98024307469096,98.72816836527986,98.94155179330862,120.72779416416914,105.05826666239712
2012-12-20 07:00:00,350,176.51612434631028,296.52128068040815,296.2224359128112,296.4837849222248,347.4053970057721,329.8674797718811
2012-12-20 08:00:00,599,176.51612434631028,559.6457266157066,559.3579065983488,559.6173079803191,615.2867233044733,634.6685614041747
2012-12-20 09:00:00,317,176.51612434631028,400.67714842609496,400.8820419045788,400.66313896269963,310.6491201853702,314.96734908980017
2012-12-20 10:00:00,161,176.51612434631028,226.92466957005394,226.77909169048107,226.90736417626061,174.16569859307364,204.8532125477718
2012-12-20 11:00:00,190,176.51612434631028,191.35417820431397,191.24217907752703,191.29582623854142,167.28781751581752,192.85697811566064
2012-12-20 12:00:00,212,176.51612434631028,244.82390392181753,244.82288140978508,244.7794415834755,237.75269978632474,256.27955511898745
2012-12-20 13:00:00,217,176.51612434631028,225.9505558849587,226.12640782537937,225.90317002643178,221.68336774336782,237.23999824284883
2012-12-20 14:00:00,214,176.51612434631028,212.9520975836447,213.16438354959254,212.90850501537653,201.85168290043285,216.2756513581944
2012-12-20 15:00:00,249,176.51612434631028,234.1220826713195,234.25473985149299,234.07930534459234,243.6517696608948,243.9936091469138
2012-12-20 16:00:00,302,176.51612434631028,327.15618177813565,326.98696531510234,327.0987682478775,340.3832509296258,322.75723131025205
2012-12-20 17:00:00,475,176.51612434631028,486.3807521422601,485.87077905912906,486.32710483251526,506.62830447330435,552.4485431345234
2012-12-20 18:00:00,381,176.51612434631028,459.5340783317255,459.67134808759783,459.5132040264634,436.70289069264066,470.1668182068775
2012-12-20 19:00:00,118,176.51612434631028,256.8678724643949,257.43774287908786,256.85504547595383,289.2868200826951,256.73985125893995
2012-12-20 20:00:00,50,176.51612434631028,78.85344925947713,79.66943388156302,78.86118875382041,103.07750360750357,109.64932225513674
2012-12-20 21:00:00,26,176.51612434631028,37.509399231945395,38.1348487835609,37.51406084192081,55.32024422799422,38.61036775465808
2012-12-20 22:00:00,21,176.51612434631028,7.886790531894263,8.305645251869493,7.880581235875496,25.81951172438673,37.85184265187304
2012-12-20 23:00:00,13,176.51612434631028,-10.754286996979857,-10.286972445502755,-10.735733601606881,25.05430375180375,36.670558881557646
2012-12-21 00:00:00,17,176.51612434631028,-38.996993032801726,-38.39936368220606,-38.81941205631665,24.09415927128428,10.403634386359924
2012-12-21 01:00:00,9,176.51612434631028,-37.56401201357144,-37.152249953077074,-37.38893337772126,14.100618326118331,1.1974014218766726
2012-12-21 02:00:00,3,176.51612434631028,-41.223163013768044,-40.96841613592488,-41.05565989373167,7.354321789321788,-2.6507955097485296
2012-12-21 03:00:00,3,176.51612434631028,-46.09256171714222,-45.84539356588411,-45.92568158711711,4.494452029996145,-3.416908545466146
2012-12-21 04:00:00,6,176.51612434631028,-9.23082646647876,-9.035696492515143,-9.14491372573599,4.338684163059164,5.126201770065627
2012-12-21 05:00:00,13,176.51612434631028,13.674821279238841,13.756168369129483,13.75696175965058,30.97949186924187,9.49641381358811
2012-12-21 06:00:00,80,176.51612434631028,74.41561786168579,74.38094764643304,74.51328861137515,58.551598692973705,68.68731073160298
2012-12-21 07:00:00,208,176.51612434631028,249.3526570418118,249.46187000412405,249.48214436389887,240.62522150072147,251.0758867570805
2012-12-21 08:00:00,472,176.51612434631028,448.49192772271863,448.88982264899835,448.6296612871548,464.2873116883114,428.1073275305867
2012-12-21 09:00:00,267,176.51612434631028,318.520553987555,319.4207466835736,318.6736453074602,295.2290380591631,303.508685243451
2012-12-21 10:00:00,154,176.51612434631028,197.16905622141493,197.53489658357321,197.32744212435276,156.67689957264957,200.83984262211135
2012-12-21 11:00:00,162,176.51612434631028,181.088442330216,181.41704064619782,181.21615564485955,177.21066797091808,179.88831251578685
2012-12-21 12:00:00,224,176.51612434631028,212.88524095322506,213.30351550558254,213.01794123272893,188.16240277777788,235.57762584895914
2012-12-21 13:00:00,240,176.51612434631028,231.2660097826871,231.77564675126828,231.39679592926765,223.98074476911972,245.14199797171685
2012-12-21 14:00:00,219,176.51612434631028,225.96902017687097,226.47099902578552,226.10047523426215,254.63849206349204,249.96983837090642
2012-12-21 15:00:00,263,176.51612434631028,234.19595205371508,234.68467134174205,234.3294383388568,230.74083026695536,252.44839198266178
2012-12-21 16:00:00,281,176.51612434631028,324.791964910217,324.97330100437273,324.92242520824675,342.199926046176,366.00087511783914
2012-12-21 17:00:00,321,176.51612434631028,465.57045957495893,465.39530107163444,465.6774119797491,485.07462914862924,547.7943433642378
2012-12-21 18:00:00,243,176.51612434631028,331.57603597308105,332.4717578075864,331.7318484334834,361.35238762626255,359.0312978050669
2012-12-21 19:00:00,153,176.51612434631028,172.19659450695713,173.541141089906,172.36032959094513,250.8604107142858,226.1823072266508
2012-12-21 20:00:00,112,176.51612434631028,99.59205923238207,100.64330959474391,99.76964459169308,155.700450979576,137.78692977630018
2012-12-21 21:00:00,70,176.51612434631028,73.06500246314667,73.766553302071,73.22571261304299,130.25687481962478,115.7892488876829
2012-12-21 22:00:00,63,176.51612434631028,47.52699585376698,48.17771288576114,47.68033428242747,82.36163582251082,73.06307389335905
2012-12-21 23:00:00,40,176.51612434631028,37.636378108755906,38.33323980054777,37.80166708079469,57.373326839826866,61.544899390594495
2012-12-22 00:00:00,31,176.51612434631028,15.210708603562779,15.746962166252047,15.352481889408693,33.287338439338434,39.04911020150807
2012-12-22 01:00:00,35,176.51612434631028,18.886819552791877,19.306561635291615,19.019426389041797,27.290311327561312,27.194880191614473
2012-12-22 02:00:00,23,176.51612434631028,20.337343294795545,20.60836354825389,20.472655904248512,30.74776731601732,30.70520575941751
2012-12-22 03:00:00,7,176.51612434631028,3.8459068185842114,4.0921102879618445,3.973934133755364,17.538512265512267,21.499307286619754
2012-12-22 04:00:00,5,176.51612434631028,-0.875543776851174,-0.4879469335229203,-0.7693530633806347,4.415452741702742,12.440767400750623
2012-12-22 05:00:00,5,176.51612434631028,6.930767417026772,7.111698105804294,7.022943230884579,8.320396381396382,14.71601312314592
2012-12-22 06:00:00,13,176.51612434631028,48.41140810465356,48.43751003397672,48.51170076140015,14.809802447552451,46.38676579331134
2012-12-22 07:00:00,20,176.51612434631028,137.3371308851958,137.42644178793142,137.4494648542253,40.25749134199134,60.579564035356015
2012-12-22 08:00:00,29,176.51612434631028,214.28722733997577,215.00818045051324,214.4304339963154,73.99848593073592,100.08321560935872
2012-12-22 09:00:00,90,176.51612434631028,35.30070327394134,37.700785131246334,35.48441536729858,56.88361688311683,101.696460986966
2012-12-22 10:00:00,118,176.51612434631028,108.420776904295,109.3788869212095,108.57078886574504,133.5161771284271,199.46293161377562
2012-12-22 11:00:00,159,176.51612434631028,197.56249544736727,198.0420263521387,197.67546780609075,132.37108189033196,238.58963610082478
2012-12-22 12:00:00,146,176.51612434631028,249.01271105729566,249.44022614158132,249.1306886322846,195.35672259684767,267.4037590663769
2012-12-22 13:00:00,158,176.51612434631028,223.33036160320614,224.12568497073178,223.44945433747205,175.99768795093794,248.02732395523915
2012-12-22 14:00:00,161,176.51612434631028,210.16311240787135,210.94683146547007,210.2820423012291,167.9216753246753,238.15142565051207
2012-12-22 15:00:00,153,176.51612434631028,234.55831601496348,235.23665897992845,234.6744169868292,180.52134235209235,259.67853580063064
2012-12-22 16:00:00,147,176.51612434631028,260.3553310859983,260.8286395639962,260.4789046661448,236.071420981796,255.92444562226478
2012-12-22 17:00:00,114,176.51612434631028,308.18407721006497,308.2521399890446,308.30054814517484,172.02355939893442,233.44540376586872
2012-12-22 18:00:00,82,176.51612434631028,157.32657972962673,158.72496755953472,157.4860960047442,135.79813644688636,184.69328843803567
2012-12-22 19:00:00,60,176.51612434631028,66.26010770901655,68.05755301274087,66.42210776232707,73.63497871572868,118.94135704618955
2012-12-22 20:00:00,61,176.51612434631028,47.84757151960099,49.18801498161055,48.01865415986049,64.80119078144078,65.03590884428083
2012-12-22 21:00:00,53,176.51612434631028,50.33818126238296,51.2153732832391,50.49358603062218,65.09808011433014,72.68570505370344
2012-12-22 22:00:00,39,176.51612434631028,43.57350737042323,44.3143977050259,43.727693453047536,60.065896020646015,70.55135333826148
2012-12-22 23:00:00,40,176.51612434631028,21.9578432969258,22.739293742339242,22.120580007023847,41.1496295093795,46.09259617642979
2012-12-23 00:00:00,27,176.51612434631028,19.235267853755005,19.846604142773487,19.40728517306775,30.902639305139306,26.208677246945523
2012-12-23 01:00:00,20,176.51612434631028,18.275764162411093,18.84549201984359,18.455416776980314,24.55503907203908,20.08723128640566
2012-12-23 02:00:00,18,176.51612434631028,16.954246865456156,17.413036724677426,17.132147680331485,17.710518939393946,16.905109571133387
2012-12-23 03:00:00,9,176.51612434631028,2.8383917265703644,3.2670420328220757,3.0149094901392175,12.5287481962482,11.401457768077595
2012-12-23 04:00:00,4,176.51612434631028,-4.181045142668779,-3.761549770622736,-4.048435118093863,5.0277465034965045,7.846569685264255
2012-12-23 05:00:00,6,176.51612434631028,6.129540135326465,6.582792338997848,6.291050812514243,7.607468059718062,9.640389740417309
2012-12-23 06:00:00,9,176.51612434631028,36.26508534667869,36.3547614028121,36.39848994647603,10.829798076923078,37.20901227750903
2012-12-23 07:00:00,19,176.51612434631028,101.96324819617635,102.05098471493763,102.10462793430219,28.372503427128432,39.078491754941474
2012-12-23 08:00:00,48,176.51612434631028,145.22010889333265,145.7377709344219,145.36988803392117,57.5146865079365,74.87449552428883
2012-12-23 09:00:00,56,176.51612434631028,1.1040414117768762,3.3720886964460703,1.317803759097643,89.91777404539906,79.96419590461929
2012-12-23 10:00:00,93,176.51612434631028,76.50299344438861,77.51058729992309,76.67618095878618,85.38719913419916,122.2399763246329
2012-12-23 11:00:00,152,176.51612434631028,158.7359306173876,159.10275809444641,158.85058048675162,108.42876441613942,196.3215996840266
2012-12-23 12:00:00,196,176.51612434631028,228.6389684483484,228.9160646180738,228.75838638586004,177.1876601592851,235.63551685313104
2012-12-23 13:00:00,186,176.51612434631028,218.70112460364894,219.09797803311818,218.81865892039573,199.61297012709514,222.98062541328613
2012-12-23 14:00:00,175,176.51612434631028,193.92799557823892,194.39030159858532,194.0420358897286,187.0420755772006,215.5323267583287
2012-12-23 15:00:00,137,176.51612434631028,207.96477418273915,208.44997920662985,208.09426278415836,196.87478300865797,220.8848528115479
2012-12-23 16:00:00,190,176.51612434631028,231.12006897786455,231.50802128426096,231.25616597901637,187.09826741314234,232.64619917407498
2012-12-23 17:00:00,114,176.51612434631028,289.47757408926606,289.173619358878,289.59558448551695,183.70801461038957,208.80633071722656
2012-12-23 18:00:00,93,176.51612434631028,103.07718522990226,104.39250864150846,103.27012184867598,139.44637536075024,140.92683631336888
2012-12-23 19:00:00,58,176.51612434631028,33.109974307436374,34.89268267651195,33.31883696643587,103.19619209956714,116.78077800128156
2012-12-23 20:00:00,52,176.51612434631028,22.541821368431158,23.798280782069412,22.73111672343404,65.9616182151182,59.345974576046366
2012-12-23 21:00:00,42,176.51612434631028,27.979036070001,28.856682640433235,28.159035375456227,56.18424549062048,58.85226094284428
2012-12-23 22:00:00,58,176.51612434631028,19.947873796824666,20.654680529846587,20.117252574797874,51.1266174242424,55.93892443348195
2012-12-23 23:00:00,25,176.51612434631028,15.436264308401974,16.155983908968494,15.625358565760934,41.16876262626265,38.62597195146435
2012-12-24 00:00:00,12,176.51612434631028,1.6320133116882687,2.3168111650075787,1.8121996933392666,14.467494047619045,16.64235386212761
2012-12-24 01:00:00,11,176.51612434631028,-1.8743138219348054,-1.282722918400168,-1.6953442195063246,5.235486291486291,4.832842387021012
2012-12-24 02:00:00,5,176.51612434631028,1.4089303304166094,1.8654929584963327,1.584215480522829,4.232609848484849,4.832842387021012
2012-12-24 03:00:00,3,176.51612434631028,-4.733627847991471,-4.252622667439169,-4.557263363801042,2.8639715145965137,4.832842387021012
2012-12-24 05:00:00,9,176.51612434631028,8.092628121894734,8.249436637545585,8.18429591864728,23.787150793650795,10.30824627681036
2012-12-24 06:00:00,17,176.51612434631028,48.158603920987176,48.26032803079147,48.286575753943765,41.75826800976802,66.65422200560188
2012-12-24 07:00:00,30,176.51612434631028,128.6352086325909,128.7606234541287,128.77644184212437,57.80902200577199,98.94991405487713
2012-12-24 08:00:00,66,176.51612434631028,205.1342022742605,205.75712020799517,205.29129703156832,84.11382930957933,160.3453679439197
2012-12-24 09:00:00,85,176.51612434631028,97.71155482019424,99.94769472994109,97.8985835367902,134.72641702741706,150.74371153076626
2012-12-24 10:00:00,103,176.51612434631028,90.07680054968353,91.01186733422782,90.26262732105742,114.27378055278054,103.7034670989747
2012-12-24 11:00:00,124,176.51612434631028,120.46143554573476,120.65745467173785,120.57250954005481,109.83816126928626,133.18913638969215
2012-12-24 12:00:00,135,176.51612434631028,159.0408360337459,159.30761430699533,159.17586738564933,150.49751391663884,156.1254060334107
2012-12-24 13:00:00,70,176.51612434631028,123.41181778743967,123.79393548716189,123.53439214249646,110.33955447330443,113.39573670824508
2012-12-24 14:00:00,46,176.51612434631028,69.69465268041014,70.3547180526061,69.82022667890502,62.80945526695525,64.29109957002079
2012-12-24 15:00:00,33,176.51612434631028,60.14416571195237,60.63302615985526,60.250364943454,53.83507503607506,43.07438761295539
2012-12-24 16:00:00,33,176.51612434631028,87.72023260274733,87.9877945773193,87.82634390440896,46.816576923076916,71.14019460945428
2012-12-24 17:00:00,26,176.51612434631028,180.9805229935576,180.98453071296228,181.0876908632492,77.88965936840935,135.3032856419226
2012-12-24 18:00:00,26,176.51612434631028,97.06202973968183,98.58461758167755,97.23487881924791,79.90908739871242,89.10532165491492
2012-12-24 19:00:00,18,176.51612434631028,72.82027198804914,74.59401111424752,72.95559119066981,83.05169282106785,57.4809862654485
2012-12-24 20:00:00,23,176.51612434631028,4.014356065538493,5.128106381522258,4.161080170429727,30.17870337995336,25.053361178024986
2012-12-24 21:00:00,22,176.51612434631028,-7.833313856653007,-7.105296346034152,-7.682049789215313,28.914099220224227,32.3402504565134
2012-12-24 22:00:00,12,176.51612434631028,14.080876814620922,14.80567730424022,14.23688668414357,37.595993686868695,41.999467304311615
2012-12-24 23:00:00,11,176.51612434631028,-40.79405883516429,-40.09380522392007,-40.61797480306856,15.523259629259632,6.805704593332682
2012-12-25 00:00:00,13,176.51612434631028,-48.83028296286696,-48.3669465214106,-48.65311921024761,9.8650965007215,-1.083757851155974
2012-12-25 01:00:00,13,176.51612434631028,-14.037702436406391,-13.709156491872022,-13.885779639030147,8.305449855699855,5.814817931628866
2012-12-25 02:00:00,7,176.51612434631028,-8.127066179687148,-7.914023940555069,-7.9754136068752075,7.363782578532582,5.814817931628866
2012-12-25 04:00:00,1,176.51612434631028,-10.272557722742619,-10.014619188355312,-10.156865682739323,4.200193598068599,5.814817931628866
2012-12-25 05:00:00,3,176.51612434631028,-3.429600245359893,-3.3469526759703285,-3.328108166234898,9.178678141303141,6.741172247498118
2012-12-25 06:00:00,7,176.51612434631028,29.232887821933645,29.06134143992091,29.333988708883894,8.329801587301585,21.50689902310495
2012-12-25 07:00:00,6,176.51612434631028,95.20022851129858,94.91478278416164,95.30508212416831,18.88102308802309,39.89459670144972
2012-12-25 08:00:00,11,176.51612434631028,137.8815285607103,138.17099634804538,138.03913913189558,22.281855311355294,71.06696495637819
2012-12-25 09:00:00,28,176.51612434631028,16.450820990237077,18.603043626386494,16.638156521585444,35.953974844599855,88.77870034238524
2012-12-25 10:00:00,32,176.51612434631028,141.0641793112947,142.1983593296822,141.24673091933843,37.51457196969697,93.83737138866772
2012-12-25 11:00:00,86,176.51612434631028,123.75097383965107,124.22051357521076,123.8825541393073,46.23083477633477,129.01404937814547
2012-12-25 12:00:00,114,176.51612434631028,138.76303799035207,138.95610546928972,138.88813526909303,107.16487554112555,147.6395934914357
2012-12-25 13:00:00,121,176.51612434631028,149.16601797218286,149.71738548384934,149.3215250209937,140.47614339826833,164.04330684841204
2012-12-25 14:00:00,126,176.51612434631028,142.53456695310342,143.16378357239432,142.69530813724901,130.65069318181816,181.87161837104577
2012-12-25 15:00:00,107,176.51612434631028,149.70460676679085,149.96236895897903,149.82060530545112,141.84095941558442,178.95795931435003
2012-12-25 16:00:00,86,176.51612434631028,155.68700724536424,155.7099180071808,155.81047367877733,140.0183662032412,171.77325312593416
2012-12-25 17:00:00,50,176.51612434631028,206.29057844599473,205.9432149270034,206.41132922050437,150.4972537878788,138.97324637902955
2012-12-25 18:00:00,43,176.51612434631028,98.63169514637016,99.81742349475792,98.80584719110894,76.3494628982129,102.92399343132915
2012-12-25 19:00:00,36,176.51612434631028,80.81104591395587,82.43210614232416,80.97722995318372,61.631775030525034,16.160055838124833
2012-12-25 20:00:00,40,176.51612434631028,74.9449059907178,76.0770317816278,75.11094166838669,45.92410371572869,44.29723343811842
2012-12-25 21:00:00,34,176.51612434631028,58.299686498354504,59.052480738544006,58.462882718266016,48.65244264069261,72.74659165546494
2012-12-25 22:00:00,19,176.51612434631028,42.781859525524396,43.459874961646904,42.95412368233073,37.46437085137086,57.89345992230873
2012-12-25 23:00:00,30,176.51612434631028,6.860390878636991,7.549057173429702,7.036557376535455,19.11716353091353,11.137906146801333
2012-12-26 00:00:00,9,176.51612434631028,15.517902022582973,16.06268333058304,15.65980231704296,13.736481601731603,18.42277812781279
2012-12-26 01:00:00,7,176.51612434631028,-0.05094855408125909,0.3404277415085062,0.07196057593313299,7.250280996780996,6.182116526671389
2012-12-26 02:00:00,1,176.51612434631028,-2.6561244784295184,-2.3820024008167877,-2.5325063541553448,4.385216991341993,6.182116526671389
2012-12-26 03:00:00,2,176.51612434631028,-14.944645184832808,-14.660439379753115,-14.818090318820083,2.7249514790764784,3.7631607533719413
2012-12-26 04:00:00,2,176.51612434631028,-7.140965283839961,-6.912461134815231,-7.066480531367205,2.8254806166056157,5.186014567955008
2012-12-26 05:00:00,11,176.51612434631028,-0.8347669566090303,-0.6730842050668855,-0.7443410561289738,18.79078397990898,8.472451607443668
2012-12-26 06:00:00,36,176.51612434631028,35.872275201429005,35.70808623414027,35.95629890093559,33.037747113997135,44.315600673057254
2012-12-26 07:00:00,26,176.51612434631028,75.10603018355543,74.4418593774048,75.17546227578725,72.43018577256078,85.34954833559333
2012-12-26 08:00:00,31,176.51612434631028,106.94170695256848,106.54381869061247,107.0213450268361,64.88170923520924,90.58825364311835
2012-12-26 09:00:00,23,176.51612434631028,-12.437938192068941,-10.680200330894763,-12.293613406407673,55.377681818181834,73.36259107692038
2012-12-26 10:00:00,8,176.51612434631028,91.12951787557033,91.93827609533385,91.25411932370179,31.28591325341326,17.401470590641626
2012-12-26 11:00:00,10,176.51612434631028,60.6282319203211,60.82263973289264,60.70600042272051,23.002096861471852,47.215444874000454
2012-12-26 12:00:00,10,176.51612434631028,46.140098910921154,46.286125103912156,46.22392423130559,25.403636002886,30.980008746585348
2012-12-26 13:00:00,15,176.51612434631028,29.31759397527773,29.79058673466247,29.404355524788215,24.50418163780663,21.061954161690068
2012-12-26 14:00:00,20,176.51612434631028,31.354020783740083,31.95234099331023,31.445635877754896,29.294327824952834,25.354429410195383
2012-12-26 15:00:00,13,176.51612434631028,39.06822719444054,39.414973967852916,39.14865123183321,34.8713161144411,31.098689986989783
2012-12-26 16:00:00,13,176.51612434631028,65.9059636685159,65.88818267903372,65.98054826262394,25.489330974580977,42.04028395616733
2012-12-26 17:00:00,53,176.51612434631028,128.35313923797432,127.71520929768198,128.4053492714505,35.47916973304474,96.13281647366483
2012-12-26 18:00:00,43,176.51612434631028,62.332227164535766,63.052769205278565,62.446704684612186,82.25024837662333,70.1984034742026
2012-12-26 19:00:00,35,176.51612434631028,48.29902128181632,49.62504722682641,48.42235534593989,78.95879329004327,-1.025057640871474
2012-12-26 20:00:00,32,176.51612434631028,55.341126044029025,56.206611407303114,55.45724474366672,34.4082985209235,20.738911516313173
2012-12-26 21:00:00,20,176.51612434631028,54.099146396004585,54.65979971152157,54.196901362528706,34.67085263347762,57.78014766115588
2012-12-26 22:00:00,11,176.51612434631028,-6.5277973872316295,-6.18367990149838,-6.425778383187804,25.55131074481074,14.26702929854678
2012-12-26 23:00:00,10,176.51612434631028,-25.596874952478316,-25.13777613613317,-25.48095175452059,12.935783369408368,-3.3343163447857243
2012-12-27 00:00:00,3,176.51612434631028,-32.530749080199854,-32.18675114261268,-32.40808595041585,8.075710497835495,-3.1354150294129055
2012-12-27 01:00:00,5,176.51612434631028,-39.93183505127013,-39.753010053213956,-39.818694722832504,6.775694055944057,-3.9015280651305235
2012-12-27 02:00:00,2,176.51612434631028,-8.080049884861438,-7.956433826103535,-7.976848109597,4.177920634920633,3.7631607533719413
2012-12-27 03:00:00,1,176.51612434631028,-11.89455786511175,-11.661179396656138,-11.775053218840554,2.1356944444444443,4.245901509328008
2012-12-27 04:00:00,3,176.51612434631028,-12.192358286762953,-12.055339298452878,-12.130295509212289,2.3020277777777785,3.7631607533719413
2012-12-27 05:00:00,11,176.51612434631028,9.998952923744383,10.130791088713295,10.084739153176969,18.82803751803752,10.37804617798281
2012-12-27 06:00:00,45,176.51612434631028,42.83689780147651,42.51150130127277,42.90177023516739,39.35167694805195,41.05429853048042
2012-12-27 07:00:00,90,176.51612434631028,125.06478409715317,124.33297855126915,125.12710968375113,118.89956654456651,113.47417208808334
2012-12-27 08:00:00,208,176.51612434631028,185.76016075486447,184.89400549125133,185.81355378432534,216.4092763347763,217.87018737075684
2012-12-27 09:00:00,133,176.51612434631028,124.64917053705862,125.68063757482463,124.76243212343711,153.71176028138527,180.64344207621482
2012-12-27 10:00:00,75,176.51612434631028,174.24167240837835,174.6208184482771,174.35020945179556,98.55917550505058,105.57530361632767
2012-12-27 11:00:00,103,176.51612434631028,123.94742067521764,123.96181530875671,124.031177160142,81.3877851731602,119.1591290302283
2012-12-27 12:00:00,109,176.51612434631028,124.80901814480967,124.67332410436751,124.90155587263935,127.95208567821068,133.62895572231383
2012-12-27 13:00:00,118,176.51612434631028,109.93834971987214,110.11994232114264,110.0339412830815,127.58917730880232,116.29305756153221
2012-12-27 14:00:00,119,176.51612434631028,100.70588932021693,100.88742037397083,100.78947671597184,130.89545472582972,121.73419818388976
2012-12-27 15:00:00,120,176.51612434631028,115.26547458692787,115.24916744303518,115.3404829741807,134.5055261544011,123.64466783175662
2012-12-27 16:00:00,174,176.51612434631028,149.6543548517375,149.32285362932598,149.74329388040084,145.18361056998555,151.92877450929714
2012-12-27 17:00:00,257,176.51612434631028,255.91636727432578,254.7444099768182,255.9807081613947,196.6554936868687,239.79998625691283
2012-12-27 18:00:00,197,176.51612434631028,203.79197292444445,203.73282155238923,203.9004759804118,186.93449848762353,210.8704033766568
2012-12-27 19:00:00,117,176.51612434631028,155.7137604589239,156.40498732802632,155.8137042868288,102.15831222943721,97.90135134431183
2012-12-27 20:00:00,91,176.51612434631028,102.51290117192796,103.16533376403467,102.64406910988247,73.1404213564214,88.6973848448057
2012-12-27 21:00:00,63,176.51612434631028,39.68887789239287,40.07389984661549,39.82402712026162,59.876987554112546,45.05897308170607
2012-12-27 22:00:00,44,176.51612434631028,13.705877517622497,14.044251381060917,13.8351077194869,34.49323655511155,27.261959057581155
2012-12-27 23:00:00,26,176.51612434631028,-4.972096732785104,-4.466011914601523,-4.825644666041256,24.591473873348868,22.678030420926493
2012-12-28 00:00:00,25,176.51612434631028,-11.525923584640623,-10.99690255131324,-11.362063706253082,12.161361291486294,18.39189169742423
2012-12-28 01:00:00,9,176.51612434631028,1.3303906334105307,1.6895699666175972,1.4747058388677772,10.939875291375294,18.64836878064344
2012-12-28 02:00:00,5,176.51612434631028,-1.7469370898953969,-1.4321862473493354,-1.5977211306201013,4.6318966450216426,7.60497034125446
2012-12-28 03:00:00,2,176.51612434631028,-12.57610601161744,-12.171087721356486,-12.40986595658461,2.781578643578643,6.917343132000445
2012-12-28 04:00:00,4,176.51612434631028,-10.261535132330522,-9.842187404825637,-10.134481946676175,2.5531635170385174,6.917343132000445
2012-12-28 05:00:00,15,176.51612434631028,3.65237108851872,3.9102615808422456,3.7771662808518727,11.818296342546345,8.689744149275715
2012-12-28 06:00:00,51,176.51612434631028,47.733405641771554,47.49469785129642,47.82865703830399,59.52416999666998,48.62645404109519
2012-12-28 07:00:00,112,176.51612434631028,130.84776460160236,130.07044601221548,130.93205641842556,100.0124018759019,96.67505088866601
2012-12-28 08:00:00,239,176.51612434631028,207.98379187026245,207.05831234476534,208.0686900100805,234.6688719336218,221.81157580345754
2012-12-28 09:00:00,191,176.51612434631028,122.96461243260107,123.87079851504659,123.0954943533258,160.52486322011322,171.24572863702227
2012-12-28 10:00:00,162,176.51612434631028,186.56246499750782,186.80489109022102,186.69668403899777,98.8534941586192,99.62790774061774
2012-12-28 11:00:00,178,176.51612434631028,179.50390670437528,179.29876952808206,179.60450466966319,141.88784415584416,145.72546354623543
2012-12-28 12:00:00,222,176.51612434631028,177.5823588164772,177.2711985082485,177.68966273065186,159.2192794011545,161.411385412161
2012-12-28 13:00:00,222,176.51612434631028,180.99915488658877,180.86603470338943,181.10579418780915,170.9197247474748,146.15624510283192
2012-12-28 14:00:00,261,176.51612434631028,183.68820298050662,183.68886403035233,183.7975995192045,167.4176612554112,147.87240250134278
2012-12-28 15:00:00,225,176.51612434631028,224.1044141090791,223.81027885491338,224.21025520420184,186.5184176517927,178.3021959526095
2012-12-28 16:00:00,250,176.51612434631028,243.74321301431607,243.1009997662931,243.8334558748789,176.16197655122653,194.82673959484205
2012-12-28 17:00:00,271,176.51612434631028,337.8753766356872,336.40927505652087,337.9315246877029,250.37105483405466,310.44255826753255
2012-12-28 18:00:00,213,176.51612434631028,236.37715238371675,236.25927358594896,236.49047613830317,206.82409163059162,228.75707938292047
2012-12-28 19:00:00,128,176.51612434631028,139.17804074982342,139.84208237960726,139.29766230810327,144.6015166500166,125.55933003045399
2012-12-28 20:00:00,97,176.51612434631028,82.90336843809445,83.5635260908993,83.0563770020935,87.16816323953825,75.59065799653153
2012-12-28 21:00:00,92,176.51612434631028,58.14605674030895,58.54469092919183,58.28373780479038,73.10127984515483,53.61595118341513
2012-12-28 22:00:00,62,176.51612434631028,50.23407794640724,50.60322256864694,50.38471399664465,69.21542468642471,50.440185474800224
2012-12-28 23:00:00,59,176.51612434631028,18.746885159608297,19.278473306122947,18.909493553810222,36.7297664141414,30.219434050815867
2012-12-29 00:00:00,26,176.51612434631028,20.875249919678566,21.243003128158023,21.001418653330035,40.21418000055499,29.304395760265443
2012-12-29 01:00:00,37,176.51612434631028,1.4815416493337636,1.8278374381213212,1.6089953589995787,22.473329711954715,20.888664867112034
2012-12-29 02:00:00,19,176.51612434631028,13.639139979533098,13.859763250941853,13.766696347716419,19.4125835137085,24.740521029133284
2012-12-29 03:00:00,6,176.51612434631028,2.6851459720452624,2.949521859891604,2.8094197877966565,10.162907467532465,12.969004384501577
2012-12-29 04:00:00,3,176.51612434631028,-4.2520195015209765,-3.9857343996665975,-4.171242995293113,2.6945135281385277,9.414116301688246
2012-12-29 05:00:00,3,176.51612434631028,3.7202738659653676,3.843086361469176,3.800629007319799,7.5535946969696965,10.92324898836593
2012-12-29 06:00:00,7,176.51612434631028,37.60598573015926,37.339511337594445,37.67106533209002,6.4759585969585975,14.77931383086042
2012-12-29 07:00:00,18,176.51612434631028,100.34329729836978,99.57731718982889,100.39439346398555,14.51314682539682,7.926121613777633
2012-12-29 08:00:00,44,176.51612434631028,145.0092468250618,144.09873965799446,145.0391227663882,49.50012808025306,65.63826973316831
2012-12-29 09:00:00,49,176.51612434631028,-16.137274723329597,-14.685843287571828,-16.02386733529923,82.4757503607504,81.07595647055362
2012-12-29 10:00:00,41,176.51612434631028,-6.68800737354664,-6.2018648370493,-6.55728853176069,57.08478037240537,84.78264608539476
2012-12-29 11:00:00,45,176.51612434631028,48.45593899492714,48.570532193644084,48.56672647846662,44.263953504828514,61.53603037272114
2012-12-29 12:00:00,48,176.51612434631028,72.92012511918503,72.92931578076502,73.01692182591769,47.001652097902124,68.11696732238083
2012-12-29 13:00:00,84,176.51612434631028,57.9748987366805,58.306621183917954,58.07438668816816,46.37405830280831,51.09766979995795
2012-12-29 14:00:00,98,176.51612434631028,105.56212444353409,105.91471116920455,105.63541284455285,100.75127886002888,111.23738115843625
2012-12-29 15:00:00,129,176.51612434631028,124.51015491210364,124.54280499314055,124.5684566862032,106.51436363636358,121.15737551765814
2012-12-29 16:00:00,147,176.51612434631028,186.44190158017275,185.79135637715422,186.4507576188526,129.18311544011544,165.57951793739164
2012-12-29 17:00:00,118,176.51612434631028,258.05069746594654,256.72563709148636,258.0655273638461,138.32405411255414,159.02886996836847
2012-12-29 18:00:00,110,176.51612434631028,123.56017199657933,123.68345147302492,123.61940459647514,125.71357615995117,101.94149235862567
2012-12-29 19:00:00,97,176.51612434631028,39.67212210181853,40.50427935625683,39.761338589712736,91.56410053835057,57.985961679169414
2012-12-29 20:00:00,66,176.51612434631028,27.849927111959744,28.37105593800362,27.962273271984998,85.47499278499278,53.82548199017176
2012-12-29 21:00:00,60,176.51612434631028,20.380165938115596,20.83872751245204,20.509785840091666,52.76756727994224,43.0442018445373
2012-12-29 22:00:00,54,176.51612434631028,17.586881099114436,18.00862566054232,17.728549055873174,45.48267951492952,35.29667967236708
2012-12-29 23:00:00,32,176.51612434631028,16.88420435899323,17.358583540403657,17.005873829842585,42.76418510656009,32.91174780391384
2012-12-30 00:00:00,41,176.51612434631028,-4.756965453638145,-4.2666167213760104,-4.597203244643964,28.433587884337886,20.830558518066127
2012-12-30 01:00:00,28,176.51612434631028,6.43986878781314,6.72988863305855,6.5889894467891565,32.71404076479077,23.304720162854466
2012-12-30 02:00:00,19,176.51612434631028,2.5223581326600595,2.7865438107635043,2.678885883474294,17.353925144300135,19.452864000833216
2012-12-30 03:00:00,15,176.51612434631028,-8.906664821998902,-8.655824619818759,-8.75490310283655,8.52002362914863,11.533203518222766
2012-12-30 04:00:00,7,176.51612434631028,-5.090474225410446,-4.779059226287615,-4.971939535250897,3.9876171744921747,8.117618089622471
2012-12-30 05:00:00,2,176.51612434631028,-0.9316109751238457,-0.8106417534285981,-0.8271575979545389,5.572158910533908,9.48744812208712
2012-12-30 06:00:00,8,176.51612434631028,21.640307855337568,21.358414141804673,21.732546512990865,4.75398654123654,8.683243031836223
2012-12-30 07:00:00,13,176.51612434631028,87.3255705770073,86.5210998564524,87.39872456173406,11.926615495615492,0.9822227033588492
2012-12-30 08:00:00,33,176.51612434631028,109.66157669871785,108.7289643120824,109.7272200952832,30.848729853479846,35.877092316061585
2012-12-30 09:00:00,74,176.51612434631028,-46.30088311668223,-44.80134435884693,-46.14142711465021,54.48992676767674,57.61587198256515
2012-12-30 10:00:00,122,176.51612434631028,25.1431210549178,25.581222378904215,25.295459918890785,82.48524603174602,92.39616442281435
2012-12-30 11:00:00,136,176.51612434631028,103.58350869186499,103.3164544934119,103.68128841213098,126.57874837662335,132.37904226894383
2012-12-30 12:00:00,144,176.51612434631028,126.897150256289,126.4858420431701,126.98745318142457,152.0237413230045,138.57854335284364
2012-12-30 13:00:00,169,176.51612434631028,123.40047433154928,123.37095054143471,123.50624817186471,127.95588095238092,125.28181981163007
2012-12-30 14:00:00,160,176.51612434631028,142.165170541388,142.26295960891224,142.27666516417213,163.39028102453102,139.4582589929006
2012-12-30 15:00:00,138,176.51612434631028,152.49373065165577,152.40893955786905,152.59746901798985,141.79432437007438,127.7455125641494
2012-12-30 16:00:00,133,176.51612434631028,171.1707569955322,170.70634927377148,171.26160445457612,130.02463185425685,143.6564662055063
2012-12-30 17:00:00,123,176.51612434631028,218.52067696862628,217.31308295561465,218.58711686834465,118.74127218614716,114.80125310213181
2012-12-30 18:00:00,125,176.51612434631028,106.17993469323237,106.51283409038967,106.31663597617423,97.68383556721054,83.11517830549899
2012-12-30 19:00:00,102,176.51612434631028,52.59402216831833,53.623805076112205,52.74652620034993,105.43380881618383,73.73623736009706
2012-12-30 20:00:00,72,176.51612434631028,32.032655462788426,32.64848124177368,32.18062782952825,86.80814042207788,65.19426944900457
2012-12-30 21:00:00,47,176.51612434631028,23.94209151691254,24.515647125244897,24.110707661293617,63.1912019230769,43.246303403985266
2012-12-30 22:00:00,36,176.51612434631028,12.691923647305288,13.189551292063953,12.84763498355855,41.62234704184705,32.1239395606788
2012-12-30 23:00:00,49,176.51612434631028,-2.482492348120701,-1.88897968537961,-2.3170271288908566,29.148979978354998,23.85049573189178
2012-12-31 00:00:00,34,176.51612434631028,18.450491519920007,18.92607288745552,18.60860267784986,33.89735028860027,24.587428355129223
2012-12-31 01:00:00,19,176.51612434631028,9.257452810132008,9.668362194606715,9.416219998175421,16.76575041625041,19.527971834775233
2012-12-31 02:00:00,11,176.51612434631028,3.248906325790017,3.586488067608485,3.406858914024525,9.207643398268399,9.618941455087828
2012-12-31 03:00:00,1,176.51612434631028,-2.311886210336752,-1.8826900086209548,-2.142077161594699,4.938912545787545,6.06405337227449
2012-12-31 04:00:00,3,176.51612434631028,-6.28621590945599,-5.9229801957834525,-6.174965538848795,2.8198511904761894,4.127838354931106
2012-12-31 05:00:00,9,176.51612434631028,4.4915831230867695,4.5957283703683345,4.581780331697871,10.450470765345763,7.355028722307511
2012-12-31 06:00:00,40,176.51612434631028,38.92940733158264,38.703169930144156,39.02471729938905,33.58985227272727,37.26926668216806
2012-12-31 07:00:00,85,176.51612434631028,111.83933078959045,111.03988055542581,111.92559923207315,58.94142893217893,68.62600413723109
2012-12-31 08:00:00,196,176.51612434631028,159.8724306403524,158.75382728392793,159.9332024375857,158.06472023809522,164.16034940349388
2012-12-31 09:00:00,157,176.51612434631028,60.22518767099524,61.329127707531086,60.392496087016085,110.73041215728718,131.8689785051161
2012-12-31 10:00:00,120,176.51612434631028,94.1194984378977,94.38854274681283,94.26488048271304,87.77618740981238,77.65377022924378
2012-12-31 11:00:00,157,176.51612434631028,123.51028228991328,123.35743205414457,123.61498943532644,134.68064216339218,97.64338902794398
2012-12-31 12:00:00,224,176.51612434631028,159.68025993411092,159.26689870627,159.7659774107808,151.14980558330558,137.3310314820416
2012-12-31 13:00:00,203,176.51612434631028,180.6492474145243,180.46440600140625,180.75386390299388,166.88790079365074,150.95008855200751
2012-12-31 14:00:00,247,176.51612434631028,144.57386586711854,144.57718727259947,144.68455812278177,165.704755952381,143.2490564684167
2012-12-31 15:00:00,315,176.51612434631028,175.6407128941052,175.29669536733417,175.74885725109002,163.28933874458883,164.73242720699062
2012-12-31 16:00:00,214,176.51612434631028,241.78778216228642,240.69431558121022,241.87054683995368,200.67009476634473,242.3682571905571
2012-12-31 17:00:00,164,176.51612434631028,245.38508385852273,244.05847709540183,245.47989925641605,166.6895605505606,225.2828971183298
2012-12-31 18:00:00,122,176.51612434631028,106.3495598294896,106.63665112041818,106.50303516751298,132.0335654761905,121.96759436237289
2012-12-31 19:00:00,119,176.51612434631028,25.868810385794063,26.852620675823374,26.01383557861419,85.30077002164506,90.99208723077034
2012-12-31 20:00:00,89,176.51612434631028,29.317290284669326,29.88958698958419,29.461885806964077,77.25677002164502,74.04163923568711
2012-12-31 21:00:00,90,176.51612434631028,32.18778714512513,32.59642508213679,32.32626057385221,61.41055293317793,56.11789149716017
2012-12-31 22:00:00,61,176.51612434631028,36.44591849220683,36.818280313597256,36.60020383954949,60.52519246031748,48.91694332417568
2012-12-31 23:00:00,49,176.51612434631028,16.769780294409344,17.273515606520874,16.921842451118295,39.52417424242425,29.618349425297666
