datetime,is_peak_hour,predicted_demand,service_level_target,safety_buffer_ratio,safety_buffer,recommended_supply,available_supply,shortage_amount,surplus_amount,shortage_risk,planning_priority
2012-08-08 21:00:00,False,349.0793475274726,0.9,0.1,35,385,349.0793475274726,35,0,True,high
2012-08-08 22:00:00,False,282.8129267676768,0.9,0.1,29,312,282.8129267676768,29,0,True,high
2012-08-08 23:00:00,False,164.85127454489958,0.9,0.1,17,182,164.85127454489958,17,0,True,high
2012-08-09 00:00:00,False,68.44797709235208,0.9,0.1,7,76,68.44797709235208,7,0,True,high
2012-08-09 01:00:00,False,30.729259559884564,0.9,0.1,4,35,30.729259559884564,4,0,True,high
2012-08-09 02:00:00,False,10.991733585858588,0.9,0.1,2,13,10.991733585858588,2,0,True,high
2012-08-09 03:00:00,False,6.523560175935176,0.9,0.1,1,8,6.523560175935176,1,0,True,high
2012-08-09 04:00:00,False,7.1468614718614685,0.9,0.1,1,9,7.1468614718614685,1,0,True,high
2012-08-09 05:00:00,False,39.34587968975468,0.9,0.1,4,44,39.34587968975468,4,0,True,high
2012-08-09 06:00:00,False,175.794571969697,0.9,0.1,18,194,175.794571969697,18,0,True,high
2012-08-09 07:00:00,True,447.72954589854606,0.9,0.1,45,493,447.72954589854606,45,0,True,critical
2012-08-09 08:00:00,True,724.8666446192696,0.9,0.1,73,798,724.8666446192696,73,0,True,critical
2012-08-09 09:00:00,True,340.30561979686985,0.9,0.1,35,376,340.30561979686985,35,0,True,critical
2012-08-09 10:00:00,False,214.27968217893215,0.9,0.1,22,237,214.27968217893215,22,0,True,high
2012-08-09 11:00:00,False,235.37177755577747,0.9,0.1,24,260,235.37177755577747,24,0,True,high
2012-08-09 12:00:00,False,298.37248809523794,0.9,0.1,30,329,298.37248809523794,30,0,True,high
2012-08-09 13:00:00,False,285.27488870851363,0.9,0.1,29,315,285.27488870851363,29,0,True,high
2012-08-09 14:00:00,False,266.3220614246864,0.9,0.1,27,294,266.3220614246864,27,0,True,high
2012-08-09 15:00:00,False,278.88975807525804,0.9,0.1,28,307,278.88975807525804,28,0,True,high
2012-08-09 16:00:00,False,412.74225577200593,0.9,0.1,42,455,412.74225577200593,42,0,True,high
2012-08-09 17:00:00,True,777.5510508658009,0.9,0.1,78,856,777.5510508658009,78,0,True,critical
2012-08-09 18:00:00,True,825.5056361832609,0.9,0.1,83,909,825.5056361832609,83,0,True,critical
2012-08-09 19:00:00,True,615.3032979797979,0.9,0.1,62,678,615.3032979797979,62,0,True,critical
2012-08-09 20:00:00,False,479.4003656204907,0.9,0.1,48,528,479.4003656204907,48,0,True,high
2012-08-09 21:00:00,False,357.577010059385,0.9,0.1,36,394,357.577010059385,36,0,True,high
2012-08-09 22:00:00,False,252.6256617965368,0.9,0.1,26,279,252.6256617965368,26,0,True,high
2012-08-09 23:00:00,False,170.4459728604729,0.9,0.1,18,189,170.4459728604729,18,0,True,high
2012-08-10 00:00:00,False,77.68398498723496,0.9,0.1,8,86,77.68398498723496,8,0,True,high
2012-08-10 01:00:00,False,41.0916176046176,0.9,0.1,5,47,41.0916176046176,5,0,True,high
2012-08-10 02:00:00,False,17.921580849705844,0.9,0.1,2,20,17.921580849705844,2,0,True,high
2012-08-10 03:00:00,False,10.566777417027415,0.9,0.1,2,13,10.566777417027415,2,0,True,high
2012-08-10 04:00:00,False,7.818170995670996,0.9,0.1,1,9,7.818170995670996,1,0,True,high
2012-08-10 05:00:00,False,37.576299963924946,0.9,0.1,4,42,37.576299963924946,4,0,True,high
2012-08-10 06:00:00,False,150.1167358613609,0.9,0.1,16,167,150.1167358613609,16,0,True,high
2012-08-10 07:00:00,True,116.52981658619159,0.9,0.1,12,129,116.52981658619159,12,0,True,critical
2012-08-10 08:00:00,True,279.69245974858467,0.9,0.1,28,308,279.69245974858467,28,0,True,critical
2012-08-10 09:00:00,True,231.9444158064158,0.9,0.1,24,256,231.9444158064158,24,0,True,critical
2012-08-10 10:00:00,False,221.5099258658008,0.9,0.1,23,245,221.5099258658008,23,0,True,high
2012-08-10 11:00:00,False,189.38809000721503,0.9,0.1,19,209,189.38809000721503,19,0,True,high
2012-08-10 12:00:00,False,298.0615346320346,0.9,0.1,30,329,298.0615346320346,30,0,True,high
2012-08-10 13:00:00,False,320.67040169552655,0.9,0.1,33,354,320.67040169552655,33,0,True,high
2012-08-10 14:00:00,False,291.19579365079363,0.9,0.1,30,322,291.19579365079363,30,0,True,high
2012-08-10 15:00:00,False,316.7825275696526,0.9,0.1,32,349,316.7825275696526,32,0,True,high
2012-08-10 16:00:00,False,469.3489534632035,0.9,0.1,47,517,469.3489534632035,47,0,True,high
2012-08-10 17:00:00,True,773.5369986818741,0.9,0.1,78,852,773.5369986818741,78,0,True,critical
2012-08-10 18:00:00,True,706.5909871378622,0.9,0.1,71,778,706.5909871378622,71,0,True,critical
2012-08-10 19:00:00,True,503.8912727272728,0.9,0.1,51,555,503.8912727272728,51,0,True,critical
2012-08-10 20:00:00,False,398.3100073953825,0.9,0.1,40,439,398.3100073953825,40,0,True,high
2012-08-10 21:00:00,False,300.84265873015886,0.9,0.1,31,332,300.84265873015886,31,0,True,high
2012-08-10 22:00:00,False,215.33367750305248,0.9,0.1,22,238,215.33367750305248,22,0,True,high
2012-08-10 23:00:00,False,171.7065887445888,0.9,0.1,18,190,171.7065887445888,18,0,True,high
2012-08-11 00:00:00,False,145.469141996892,0.9,0.1,15,161,145.469141996892,15,0,True,high
2012-08-11 01:00:00,False,113.34072150072154,0.9,0.1,12,126,113.34072150072154,12,0,True,high
2012-08-11 02:00:00,False,80.63305808080808,0.9,0.1,9,90,80.63305808080808,9,0,True,high
2012-08-11 03:00:00,False,33.73124314574312,0.9,0.1,4,38,33.73124314574312,4,0,True,high
2012-08-11 04:00:00,False,8.391378385503387,0.9,0.1,1,10,8.391378385503387,1,0,True,high
2012-08-11 05:00:00,False,12.466568750693748,0.9,0.1,2,15,12.466568750693748,2,0,True,high
2012-08-11 06:00:00,False,31.21136156898657,0.9,0.1,4,36,31.21136156898657,4,0,True,high
2012-08-11 07:00:00,True,54.925864732489714,0.9,0.1,6,61,54.925864732489714,6,0,True,critical
2012-08-11 08:00:00,True,139.9452182262183,0.9,0.1,14,154,139.9452182262183,14,0,True,critical
2012-08-11 09:00:00,True,269.01810335497834,0.9,0.1,27,297,269.01810335497834,27,0,True,critical
2012-08-11 10:00:00,False,370.7028336940837,0.9,0.1,38,409,370.7028336940837,38,0,True,high
2012-08-11 11:00:00,False,465.24978508990995,0.9,0.1,47,513,465.24978508990995,47,0,True,high
2012-08-11 12:00:00,False,516.2580950577202,0.9,0.1,52,569,516.2580950577202,52,0,True,high
2012-08-11 13:00:00,False,532.5507770562772,0.9,0.1,54,587,532.5507770562772,54,0,True,high
2012-08-11 14:00:00,False,537.6821764069266,0.9,0.1,54,592,537.6821764069266,54,0,True,high
2012-08-11 15:00:00,False,524.616173881674,0.9,0.1,53,578,524.616173881674,53,0,True,high
2012-08-11 16:00:00,False,507.2085715395717,0.9,0.1,51,559,507.2085715395717,51,0,True,high
2012-08-11 17:00:00,True,504.6820292762792,0.9,0.1,51,556,504.6820292762792,51,0,True,critical
2012-08-11 18:00:00,True,457.1899455266955,0.9,0.1,46,504,457.1899455266955,46,0,True,critical
2012-08-11 19:00:00,True,252.01092446442442,0.9,0.1,26,279,252.01092446442442,26,0,True,critical
2012-08-11 20:00:00,False,242.7287620990121,0.9,0.1,25,268,242.7287620990121,25,0,True,high
2012-08-11 21:00:00,False,201.83074855699854,0.9,0.1,21,223,201.83074855699854,21,0,True,high
2012-08-11 22:00:00,False,150.94500775613278,0.9,0.1,16,167,150.94500775613278,16,0,True,high
2012-08-11 23:00:00,False,128.81835696248197,0.9,0.1,13,142,128.81835696248197,13,0,True,high
2012-08-12 00:00:00,False,122.70416264291262,0.9,0.1,13,136,122.70416264291262,13,0,True,high
2012-08-12 01:00:00,False,94.80313887501384,0.9,0.1,10,105,94.80313887501384,10,0,True,high
2012-08-12 02:00:00,False,87.16336949161945,0.9,0.1,9,97,87.16336949161945,9,0,True,high
2012-08-12 03:00:00,False,38.73246085858586,0.9,0.1,4,43,38.73246085858586,4,0,True,high
2012-08-12 04:00:00,False,13.915456640581635,0.9,0.1,2,16,13.915456640581635,2,0,True,high
2012-08-12 05:00:00,False,18.582842629592626,0.9,0.1,2,21,18.582842629592626,2,0,True,high
2012-08-12 06:00:00,False,21.581471500721495,0.9,0.1,3,25,21.581471500721495,3,0,True,high
2012-08-12 07:00:00,True,45.06471771284273,0.9,0.1,5,51,45.06471771284273,5,0,True,critical
2012-08-12 08:00:00,True,111.82211033411033,0.9,0.1,12,124,111.82211033411033,12,0,True,critical
2012-08-12 09:00:00,True,232.69412157287152,0.9,0.1,24,257,232.69412157287152,24,0,True,critical
2012-08-12 10:00:00,False,311.7815882034633,0.9,0.1,32,344,311.7815882034633,32,0,True,high
2012-08-12 11:00:00,False,434.9847709235209,0.9,0.1,44,479,434.9847709235209,44,0,True,high
2012-08-12 12:00:00,False,510.2385018037518,0.9,0.1,52,563,510.2385018037518,52,0,True,high
2012-08-12 13:00:00,False,524.6256544705295,0.9,0.1,53,578,524.6256544705295,53,0,True,high
2012-08-12 14:00:00,False,536.4677170190921,0.9,0.1,54,591,536.4677170190921,54,0,True,high
2012-08-12 15:00:00,False,522.7042453102458,0.9,0.1,53,576,522.7042453102458,53,0,True,high
2012-08-12 16:00:00,False,532.1872945387947,0.9,0.1,54,587,532.1872945387947,54,0,True,high
2012-08-12 17:00:00,True,492.16903717116213,0.9,0.1,50,543,492.16903717116213,50,0,True,critical
2012-08-12 18:00:00,True,460.71182702020184,0.9,0.1,47,508,460.71182702020184,47,0,True,critical
2012-08-12 19:00:00,True,424.0118297258298,0.9,0.1,43,468,424.0118297258298,43,0,True,critical
2012-08-12 20:00:00,False,396.3070113636363,0.9,0.1,40,437,396.3070113636363,40,0,True,high
2012-08-12 21:00:00,False,253.17098953823952,0.9,0.1,26,280,253.17098953823952,26,0,True,high
2012-08-12 22:00:00,False,176.92933838383843,0.9,0.1,18,195,176.92933838383843,18,0,True,high
2012-08-12 23:00:00,False,125.13953066378072,0.9,0.1,13,139,125.13953066378072,13,0,True,high
2012-08-13 00:00:00,False,48.66243777056279,0.9,0.1,5,54,48.66243777056279,5,0,True,high
2012-08-13 01:00:00,False,24.14724429736931,0.9,0.1,3,28,24.14724429736931,3,0,True,high
2012-08-13 02:00:00,False,9.63780248917749,0.9,0.1,1,11,9.63780248917749,1,0,True,high
2012-08-13 03:00:00,False,6.3632876984127,0.9,0.1,1,8,6.3632876984127,1,0,True,high
2012-08-13 04:00:00,False,7.308107489732487,0.9,0.1,1,9,7.308107489732487,1,0,True,high
2012-08-13 05:00:00,False,36.01609816572316,0.9,0.1,4,41,36.01609816572316,4,0,True,high
2012-08-13 06:00:00,False,147.87504244366747,0.9,0.1,15,163,147.87504244366747,15,0,True,high
2012-08-13 07:00:00,True,465.97303607503613,0.9,0.1,47,513,465.97303607503613,47,0,True,critical
2012-08-13 08:00:00,True,605.1887049894549,0.9,0.1,61,667,605.1887049894549,61,0,True,critical
2012-08-13 09:00:00,True,320.06243813131323,0.9,0.1,33,354,320.06243813131323,33,0,True,critical
2012-08-13 10:00:00,False,230.2286374458873,0.9,0.1,24,255,230.2286374458873,24,0,True,high
2012-08-13 11:00:00,False,234.84992744755237,0.9,0.1,24,259,234.84992744755237,24,0,True,high
2012-08-13 12:00:00,False,278.25120725108223,0.9,0.1,28,307,278.25120725108223,28,0,True,high
2012-08-13 13:00:00,False,293.44639849039834,0.9,0.1,30,324,293.44639849039834,30,0,True,high
2012-08-13 14:00:00,False,285.23342135642133,0.9,0.1,29,315,285.23342135642133,29,0,True,high
2012-08-13 15:00:00,False,279.1450476190476,0.9,0.1,28,308,279.1450476190476,28,0,True,high
2012-08-13 16:00:00,False,435.9821071428573,0.9,0.1,44,480,435.9821071428573,44,0,True,high
2012-08-13 17:00:00,True,826.1204089660341,0.9,0.1,83,910,826.1204089660341,83,0,True,critical
2012-08-13 18:00:00,True,806.0697135642132,0.9,0.1,81,888,806.0697135642132,81,0,True,critical
2012-08-13 19:00:00,True,684.8182079725829,0.9,0.1,69,754,684.8182079725829,69,0,True,critical
2012-08-13 20:00:00,False,435.47676316738807,0.9,0.1,44,480,435.47676316738807,44,0,True,high
2012-08-13 21:00:00,False,318.04106295093794,0.9,0.1,32,351,318.04106295093794,32,0,True,high
2012-08-13 22:00:00,False,220.54078370240867,0.9,0.1,23,244,220.54078370240867,23,0,True,high
2012-08-13 23:00:00,False,123.48525890775883,0.9,0.1,13,137,123.48525890775883,13,0,True,high
2012-08-14 00:00:00,False,62.4868740981241,0.9,0.1,7,70,62.4868740981241,7,0,True,high
2012-08-14 01:00:00,False,24.052093253968255,0.9,0.1,3,28,24.052093253968255,3,0,True,high
2012-08-14 02:00:00,False,11.820833250083256,0.9,0.1,2,14,11.820833250083256,2,0,True,high
2012-08-14 03:00:00,False,6.118814574314577,0.9,0.1,1,8,6.118814574314577,1,0,True,high
2012-08-14 04:00:00,False,7.1310546536796515,0.9,0.1,1,9,7.1310546536796515,1,0,True,high
2012-08-14 05:00:00,False,37.53642514430014,0.9,0.1,4,42,37.53642514430014,4,0,True,high
2012-08-14 06:00:00,False,158.24133531746037,0.9,0.1,16,175,158.24133531746037,16,0,True,high
2012-08-14 07:00:00,True,209.20130465367976,0.9,0.1,21,231,209.20130465367976,21,0,True,critical
2012-08-14 08:00:00,True,416.72285438172935,0.9,0.1,42,459,416.72285438172935,42,0,True,critical
2012-08-14 09:00:00,True,315.18312523587537,0.9,0.1,32,348,315.18312523587537,32,0,True,critical
2012-08-14 10:00:00,False,259.5967674963926,0.9,0.1,26,286,259.5967674963926,26,0,True,high
2012-08-14 11:00:00,False,244.63043759018763,0.9,0.1,25,270,244.63043759018763,25,0,True,high
2012-08-14 12:00:00,False,245.67396843434352,0.9,0.1,25,271,245.67396843434352,25,0,True,high
2012-08-14 13:00:00,False,278.66457832445326,0.9,0.1,28,307,278.66457832445326,28,0,True,high
2012-08-14 14:00:00,False,265.40545968614714,0.9,0.1,27,293,265.40545968614714,27,0,True,high
2012-08-14 15:00:00,False,280.24158116883103,0.9,0.1,29,310,280.24158116883103,29,0,True,high
2012-08-14 16:00:00,False,445.2221603535352,0.9,0.1,45,491,445.2221603535352,45,0,True,high
2012-08-14 17:00:00,True,800.5194715007221,0.9,0.1,81,882,800.5194715007221,81,0,True,critical
2012-08-14 18:00:00,True,808.7406765873017,0.9,0.1,81,890,808.7406765873017,81,0,True,critical
2012-08-14 19:00:00,True,649.6530431096679,0.9,0.1,65,715,649.6530431096679,65,0,True,critical
2012-08-14 20:00:00,False,472.2321461038963,0.9,0.1,48,521,472.2321461038963,48,0,True,high
2012-08-14 21:00:00,False,317.21920761183264,0.9,0.1,32,350,317.21920761183264,32,0,True,high
2012-08-14 22:00:00,False,225.05366287878795,0.9,0.1,23,249,225.05366287878795,23,0,True,high
2012-08-14 23:00:00,False,134.5269273088023,0.9,0.1,14,149,134.5269273088023,14,0,True,high
2012-08-15 00:00:00,False,74.81411363636364,0.9,0.1,8,83,74.81411363636364,8,0,True,high
2012-08-15 01:00:00,False,24.68212723387723,0.9,0.1,3,28,24.68212723387723,3,0,True,high
2012-08-15 02:00:00,False,15.203597402597403,0.9,0.1,2,18,15.203597402597403,2,0,True,high
2012-08-15 03:00:00,False,5.591063582251085,0.9,0.1,1,7,5.591063582251085,1,0,True,high
2012-08-15 04:00:00,False,6.722426663614167,0.9,0.1,1,8,6.722426663614167,1,0,True,high
2012-08-15 05:00:00,False,39.58746735209235,0.9,0.1,4,44,39.58746735209235,4,0,True,high
2012-08-15 06:00:00,False,159.3973286019537,0.9,0.1,16,176,159.3973286019537,16,0,True,high
2012-08-15 07:00:00,True,500.0668814935067,0.9,0.1,51,552,500.0668814935067,51,0,True,critical
2012-08-15 08:00:00,True,666.5968306832058,0.9,0.1,67,734,666.5968306832058,67,0,True,critical
2012-08-15 09:00:00,True,368.9361568015315,0.9,0.1,37,406,368.9361568015315,37,0,True,critical
2012-08-15 10:00:00,False,222.9701848845599,0.9,0.1,23,246,222.9701848845599,23,0,True,high
2012-08-15 11:00:00,False,238.79309024309026,0.9,0.1,24,263,238.79309024309026,24,0,True,high
2012-08-15 12:00:00,False,286.2726696359197,0.9,0.1,29,316,286.2726696359197,29,0,True,high
2012-08-15 13:00:00,False,295.6873547979798,0.9,0.1,30,326,295.6873547979798,30,0,True,high
2012-08-15 14:00:00,False,261.0495684038183,0.9,0.1,27,289,261.0495684038183,27,0,True,high
2012-08-15 15:00:00,False,281.3349078282829,0.9,0.1,29,311,281.3349078282829,29,0,True,high
2012-08-15 16:00:00,False,420.3521366133864,0.9,0.1,43,464,420.3521366133864,43,0,True,high
2012-08-15 17:00:00,True,826.070181457432,0.9,0.1,83,910,826.070181457432,83,0,True,critical
2012-08-15 18:00:00,True,845.3409909812406,0.9,0.1,85,931,845.3409909812406,85,0,True,critical
2012-08-15 19:00:00,True,699.2867754329001,0.9,0.1,70,770,699.2867754329001,70,0,True,critical
2012-08-15 20:00:00,False,492.9441433982686,0.9,0.1,50,543,492.9441433982686,50,0,True,high
2012-08-15 21:00:00,False,326.9285586219337,0.9,0.1,33,360,326.9285586219337,33,0,True,high
2012-08-15 22:00:00,False,227.58510861360875,0.9,0.1,23,251,227.58510861360875,23,0,True,high
2012-08-15 23:00:00,False,170.58458757908764,0.9,0.1,18,189,170.58458757908764,18,0,True,high
2012-08-16 00:00:00,False,68.31159036796537,0.9,0.1,7,76,68.31159036796537,7,0,True,high
2012-08-16 01:00:00,False,37.550254870129876,0.9,0.1,4,42,37.550254870129876,4,0,True,high
2012-08-16 02:00:00,False,9.109114267676771,0.9,0.1,1,11,9.109114267676771,1,0,True,high
2012-08-16 03:00:00,False,6.551542332667333,0.9,0.1,1,8,6.551542332667333,1,0,True,high
2012-08-16 04:00:00,False,6.530206085581088,0.9,0.1,1,8,6.530206085581088,1,0,True,high
2012-08-16 05:00:00,False,37.07698773448774,0.9,0.1,4,42,37.07698773448774,4,0,True,high
2012-08-16 06:00:00,False,167.83274801587305,0.9,0.1,17,185,167.83274801587305,17,0,True,high
2012-08-16 07:00:00,True,460.7808762626261,0.9,0.1,47,508,460.7808762626261,47,0,True,critical
2012-08-16 08:00:00,True,659.9198694638695,0.9,0.1,66,726,659.9198694638695,66,0,True,critical
2012-08-16 09:00:00,True,361.6014960594959,0.9,0.1,37,399,361.6014960594959,37,0,True,critical
2012-08-16 10:00:00,False,224.210943015318,0.9,0.1,23,248,224.210943015318,23,0,True,high
2012-08-16 11:00:00,False,241.56328314740804,0.9,0.1,25,267,241.56328314740804,25,0,True,high
2012-08-16 12:00:00,False,306.46988257575754,0.9,0.1,31,338,306.46988257575754,31,0,True,high
2012-08-16 13:00:00,False,339.2999915223664,0.9,0.1,34,374,339.2999915223664,34,0,True,high
2012-08-16 14:00:00,False,278.1797846042846,0.9,0.1,28,307,278.1797846042846,28,0,True,high
2012-08-16 15:00:00,False,274.2754357448107,0.9,0.1,28,303,274.2754357448107,28,0,True,high
2012-08-16 16:00:00,False,413.7231762959263,0.9,0.1,42,456,413.7231762959263,42,0,True,high
2012-08-16 17:00:00,True,846.3865113636365,0.9,0.1,85,932,846.3865113636365,85,0,True,critical
2012-08-16 18:00:00,True,838.5301428571429,0.9,0.1,84,923,838.5301428571429,84,0,True,critical
2012-08-16 19:00:00,True,698.9390324675322,0.9,0.1,70,769,698.9390324675322,70,0,True,critical
2012-08-16 20:00:00,False,488.6885842352092,0.9,0.1,49,538,488.6885842352092,49,0,True,high
2012-08-16 21:00:00,False,352.093608141858,0.9,0.1,36,389,352.093608141858,36,0,True,high
2012-08-16 22:00:00,False,276.399648088023,0.9,0.1,28,305,276.399648088023,28,0,True,high
2012-08-16 23:00:00,False,170.96507861582867,0.9,0.1,18,189,170.96507861582867,18,0,True,high
2012-08-17 00:00:00,False,128.27775341325335,0.9,0.1,13,142,128.27775341325335,13,0,True,high
2012-08-17 01:00:00,False,43.60052834665335,0.9,0.1,5,49,43.60052834665335,5,0,True,high
2012-08-17 02:00:00,False,26.55054166666666,0.9,0.1,3,30,26.55054166666666,3,0,True,high
2012-08-17 03:00:00,False,9.224260572760572,0.9,0.1,1,11,9.224260572760572,1,0,True,high
2012-08-17 04:00:00,False,6.406490176490174,0.9,0.1,1,8,6.406490176490174,1,0,True,high
2012-08-17 05:00:00,False,35.582301046176056,0.9,0.1,4,40,35.582301046176056,4,0,True,high
2012-08-17 06:00:00,False,142.9736964008214,0.9,0.1,15,158,142.9736964008214,15,0,True,high
2012-08-17 07:00:00,True,431.60480212842725,0.9,0.1,44,476,431.60480212842725,44,0,True,critical
2012-08-17 08:00:00,True,650.1940510045508,0.9,0.1,66,717,650.1940510045508,66,0,True,critical
2012-08-17 09:00:00,True,339.98899510212004,0.9,0.1,34,374,339.98899510212004,34,0,True,critical
2012-08-17 10:00:00,False,235.218928030303,0.9,0.1,24,260,235.218928030303,24,0,True,high
2012-08-17 11:00:00,False,263.51044387556885,0.9,0.1,27,291,263.51044387556885,27,0,True,high
2012-08-17 12:00:00,False,327.80326537351533,0.9,0.1,33,361,327.80326537351533,33,0,True,high
2012-08-17 13:00:00,False,367.1993910533909,0.9,0.1,37,405,367.1993910533909,37,0,True,high
2012-08-17 14:00:00,False,326.1698612637363,0.9,0.1,33,360,326.1698612637363,33,0,True,high
2012-08-17 15:00:00,False,337.00616648629153,0.9,0.1,34,372,337.00616648629153,34,0,True,high
2012-08-17 16:00:00,False,478.4315396825397,0.9,0.1,48,527,478.4315396825397,48,0,True,high
2012-08-17 17:00:00,True,772.3836702741703,0.9,0.1,78,851,772.3836702741703,78,0,True,critical
2012-08-17 18:00:00,True,733.9073860028855,0.9,0.1,74,808,733.9073860028855,74,0,True,critical
2012-08-17 19:00:00,True,575.8009549062051,0.9,0.1,58,634,575.8009549062051,58,0,True,critical
2012-08-17 20:00:00,False,419.9697797619049,0.9,0.1,42,462,419.9697797619049,42,0,True,high
2012-08-17 21:00:00,False,294.6471527777777,0.9,0.1,30,325,294.6471527777777,30,0,True,high
2012-08-17 22:00:00,False,185.50467965367966,0.9,0.1,19,205,185.50467965367966,19,0,True,high
2012-08-17 23:00:00,False,126.82152179764677,0.9,0.1,13,140,126.82152179764677,13,0,True,high
2012-08-18 00:00:00,False,100.28370508658013,0.9,0.1,11,112,100.28370508658013,11,0,True,high
2012-08-18 01:00:00,False,95.63875919913418,0.9,0.1,10,106,95.63875919913418,10,0,True,high
2012-08-18 02:00:00,False,72.10860642135644,0.9,0.1,8,81,72.10860642135644,8,0,True,high
2012-08-18 03:00:00,False,25.33651695526697,0.9,0.1,3,29,25.33651695526697,3,0,True,high
2012-08-18 04:00:00,False,9.57111381673882,0.9,0.1,1,11,9.57111381673882,1,0,True,high
2012-08-18 05:00:00,False,12.667937798312796,0.9,0.1,2,15,12.667937798312796,2,0,True,high
2012-08-18 06:00:00,False,29.3825826950827,0.9,0.1,3,33,29.3825826950827,3,0,True,high
2012-08-18 07:00:00,True,63.194631840381845,0.9,0.1,7,71,63.194631840381845,7,0,True,critical
2012-08-18 08:00:00,True,166.8499206210456,0.9,0.1,17,184,166.8499206210456,17,0,True,critical
2012-08-18 09:00:00,True,294.27135588023083,0.9,0.1,30,325,294.27135588023083,30,0,True,critical
2012-08-18 10:00:00,False,406.9405622294372,0.9,0.1,41,448,406.9405622294372,41,0,True,high
2012-08-18 11:00:00,False,528.9586933621936,0.9,0.1,53,582,528.9586933621936,53,0,True,high
2012-08-18 12:00:00,False,573.0763751873125,0.9,0.1,58,632,573.0763751873125,58,0,True,high
2012-08-18 13:00:00,False,634.9344355228106,0.9,0.1,64,699,634.9344355228106,64,0,True,high
2012-08-18 14:00:00,False,617.7206285034409,0.9,0.1,62,680,617.7206285034409,62,0,True,high
2012-08-18 15:00:00,False,590.9395362554112,0.9,0.1,60,651,590.9395362554112,60,0,True,high
2012-08-18 16:00:00,False,573.3765325160953,0.9,0.1,58,632,573.3765325160953,58,0,True,high
2012-08-18 17:00:00,True,589.482442099567,0.9,0.1,59,649,589.482442099567,59,0,True,critical
2012-08-18 18:00:00,True,574.2294911616164,0.9,0.1,58,633,574.2294911616164,58,0,True,critical
2012-08-18 19:00:00,True,456.07827308802314,0.9,0.1,46,503,456.07827308802314,46,0,True,critical
2012-08-18 20:00:00,False,416.8707581168832,0.9,0.1,42,459,416.8707581168832,42,0,True,high
2012-08-18 21:00:00,False,280.3561195887446,0.9,0.1,29,310,280.3561195887446,29,0,True,high
2012-08-18 22:00:00,False,311.1227498196249,0.9,0.1,32,344,311.1227498196249,32,0,True,high
2012-08-18 23:00:00,False,213.57121238483745,0.9,0.1,22,236,213.57121238483745,22,0,True,high
2012-08-19 00:00:00,False,176.93612229437235,0.9,0.1,18,195,176.93612229437235,18,0,True,high
2012-08-19 01:00:00,False,130.13251533189043,0.9,0.1,14,145,130.13251533189043,14,0,True,high
2012-08-19 02:00:00,False,83.1430606060606,0.9,0.1,9,93,83.1430606060606,9,0,True,high
2012-08-19 03:00:00,False,59.33015623265621,0.9,0.1,6,66,59.33015623265621,6,0,True,high
2012-08-19 04:00:00,False,14.813772838272833,0.9,0.1,2,17,14.813772838272833,2,0,True,high
2012-08-19 05:00:00,False,12.055718892218897,0.9,0.1,2,15,12.055718892218897,2,0,True,high
2012-08-19 06:00:00,False,23.70585364635365,0.9,0.1,3,27,23.70585364635365,3,0,True,high
2012-08-19 07:00:00,True,49.575420093795074,0.9,0.1,5,55,49.575420093795074,5,0,True,critical
2012-08-19 08:00:00,True,123.85437193362195,0.9,0.1,13,137,123.85437193362195,13,0,True,critical
2012-08-19 09:00:00,True,221.17605988455983,0.9,0.1,23,245,221.17605988455983,23,0,True,critical
2012-08-19 10:00:00,False,359.10726244588733,0.9,0.1,36,396,359.10726244588733,36,0,True,high
2012-08-19 11:00:00,False,446.4782270923521,0.9,0.1,45,492,446.4782270923521,45,0,True,high
2012-08-19 12:00:00,False,372.3339575702076,0.9,0.1,38,411,372.3339575702076,38,0,True,high
2012-08-19 13:00:00,False,400.3375865384616,0.9,0.1,41,442,400.3375865384616,41,0,True,high
2012-08-19 14:00:00,False,258.7436015512267,0.9,0.1,26,285,258.7436015512267,26,0,True,high
2012-08-19 15:00:00,False,316.7910191197691,0.9,0.1,32,349,316.7910191197691,32,0,True,high
2012-08-19 16:00:00,False,382.2602960511711,0.9,0.1,39,422,382.2602960511711,39,0,True,high
2012-08-19 17:00:00,True,432.61249082861553,0.9,0.1,44,477,432.61249082861553,44,0,True,critical
2012-08-19 18:00:00,True,332.7579068154069,0.9,0.1,34,367,332.7579068154069,34,0,True,critical
2012-08-19 19:00:00,True,323.2481406648908,0.9,0.1,33,357,323.2481406648908,33,0,True,critical
2012-08-19 20:00:00,False,294.65554022366524,0.9,0.1,30,325,294.65554022366524,30,0,True,high
2012-08-19 21:00:00,False,240.66214285714298,0.9,0.1,25,266,240.66214285714298,25,0,True,high
2012-08-19 22:00:00,False,171.24034830447334,0.9,0.1,18,190,171.24034830447334,18,0,True,high
2012-08-19 23:00:00,False,92.2704362026862,0.9,0.1,10,103,92.2704362026862,10,0,True,high
2012-08-20 00:00:00,False,53.6621616022866,0.9,0.1,6,60,53.6621616022866,6,0,True,high
2012-08-20 01:00:00,False,19.154650252525244,0.9,0.1,2,22,19.154650252525244,2,0,True,high
2012-08-20 02:00:00,False,8.101381909756908,0.9,0.1,1,10,8.101381909756908,1,0,True,high
2012-08-20 03:00:00,False,4.88657824120324,0.9,0.1,1,6,4.88657824120324,1,0,True,high
2012-08-20 04:00:00,False,6.807295634920633,0.9,0.1,1,8,6.807295634920633,1,0,True,high
2012-08-20 05:00:00,False,34.55548773448773,0.9,0.1,4,39,34.55548773448773,4,0,True,high
2012-08-20 06:00:00,False,157.29787694250194,0.9,0.1,16,174,157.29787694250194,16,0,True,high
2012-08-20 07:00:00,True,469.4735082972584,0.9,0.1,47,517,469.4735082972584,47,0,True,critical
2012-08-20 08:00:00,True,666.9517147435894,0.9,0.1,67,734,666.9517147435894,67,0,True,critical
2012-08-20 09:00:00,True,345.5362186147186,0.9,0.1,35,381,345.5362186147186,35,0,True,critical
2012-08-20 10:00:00,False,268.4544087995337,0.9,0.1,27,296,268.4544087995337,27,0,True,high
2012-08-20 11:00:00,False,232.1214502164502,0.9,0.1,24,257,232.1214502164502,24,0,True,high
2012-08-20 12:00:00,False,287.77416772116766,0.9,0.1,29,317,287.77416772116766,29,0,True,high
2012-08-20 13:00:00,False,249.24731007881007,0.9,0.1,25,275,249.24731007881007,25,0,True,high
2012-08-20 14:00:00,False,252.9003695887446,0.9,0.1,26,279,252.9003695887446,26,0,True,high
2012-08-20 15:00:00,False,286.99091093628596,0.9,0.1,29,316,286.99091093628596,29,0,True,high
2012-08-20 16:00:00,False,440.55941763791765,0.9,0.1,45,486,440.55941763791765,45,0,True,high
2012-08-20 17:00:00,True,803.5821269841275,0.9,0.1,81,885,803.5821269841275,81,0,True,critical
2012-08-20 18:00:00,True,724.3771212121211,0.9,0.1,73,798,724.3771212121211,73,0,True,critical
2012-08-20 19:00:00,True,547.9593533966034,0.9,0.1,55,603,547.9593533966034,55,0,True,critical
2012-08-20 20:00:00,False,312.74901945276946,0.9,0.1,32,345,312.74901945276946,32,0,True,high
2012-08-20 21:00:00,False,227.18520580808072,0.9,0.1,23,251,227.18520580808072,23,0,True,high
2012-08-20 22:00:00,False,187.32691017316003,0.9,0.1,19,207,187.32691017316003,19,0,True,high
2012-08-20 23:00:00,False,114.61781487956495,0.9,0.1,12,127,114.61781487956495,12,0,True,high
2012-08-21 00:00:00,False,51.01086192279944,0.9,0.1,6,58,51.01086192279944,6,0,True,high
2012-08-21 01:00:00,False,25.819958666333676,0.9,0.1,3,29,25.819958666333676,3,0,True,high
2012-08-21 02:00:00,False,13.660051046176045,0.9,0.1,2,16,13.660051046176045,2,0,True,high
2012-08-21 03:00:00,False,4.546232864357864,0.9,0.1,1,6,4.546232864357864,1,0,True,high
2012-08-21 04:00:00,False,6.577828012265513,0.9,0.1,1,8,6.577828012265513,1,0,True,high
2012-08-21 05:00:00,False,33.04379166666668,0.9,0.1,4,38,33.04379166666668,4,0,True,high
2012-08-21 06:00:00,False,143.1258621656122,0.9,0.1,15,159,143.1258621656122,15,0,True,high
2012-08-21 07:00:00,True,494.886960858586,0.9,0.1,50,545,494.886960858586,50,0,True,critical
2012-08-21 08:00:00,True,682.2238952158949,0.9,0.1,69,752,682.2238952158949,69,0,True,critical
2012-08-21 09:00:00,True,378.27994627594614,0.9,0.1,38,417,378.27994627594614,38,0,True,critical
2012-08-21 10:00:00,False,214.73693618881123,0.9,0.1,22,237,214.73693618881123,22,0,True,high
2012-08-21 11:00:00,False,221.98632990620487,0.9,0.1,23,245,221.98632990620487,23,0,True,high
2012-08-21 12:00:00,False,300.9738524531024,0.9,0.1,31,332,300.9738524531024,31,0,True,high
2012-08-21 13:00:00,False,294.34810538073043,0.9,0.1,30,325,294.34810538073043,30,0,True,high
2012-08-21 14:00:00,False,294.6021361138861,0.9,0.1,30,325,294.6021361138861,30,0,True,high
2012-08-21 15:00:00,False,294.0264955322456,0.9,0.1,30,325,294.0264955322456,30,0,True,high
2012-08-21 16:00:00,False,453.45882251082253,0.9,0.1,46,500,453.45882251082253,46,0,True,high
2012-08-21 17:00:00,True,843.2868327922075,0.9,0.1,85,929,843.2868327922075,85,0,True,critical
2012-08-21 18:00:00,True,826.7109852092359,0.9,0.1,83,910,826.7109852092359,83,0,True,critical
2012-08-21 19:00:00,True,545.5117770424023,0.9,0.1,55,601,545.5117770424023,55,0,True,critical
2012-08-21 20:00:00,False,411.7629815739818,0.9,0.1,42,454,411.7629815739818,42,0,True,high
2012-08-21 21:00:00,False,279.91868331668326,0.9,0.1,28,308,279.91868331668326,28,0,True,high
2012-08-21 22:00:00,False,198.90839646464644,0.9,0.1,20,219,198.90839646464644,20,0,True,high
2012-08-21 23:00:00,False,159.19597125097135,0.9,0.1,16,176,159.19597125097135,16,0,True,high
2012-08-22 00:00:00,False,66.9550007215007,0.9,0.1,7,74,66.9550007215007,7,0,True,high
2012-08-22 01:00:00,False,30.704828102453117,0.9,0.1,4,35,30.704828102453117,4,0,True,high
2012-08-22 02:00:00,False,9.445832042957043,0.9,0.1,1,11,9.445832042957043,1,0,True,high
2012-08-22 03:00:00,False,6.205548451548451,0.9,0.1,1,8,6.205548451548451,1,0,True,high
2012-08-22 04:00:00,False,6.625364718614722,0.9,0.1,1,8,6.625364718614722,1,0,True,high
2012-08-22 05:00:00,False,35.0540883838384,0.9,0.1,4,40,35.0540883838384,4,0,True,high
2012-08-22 06:00:00,False,175.08862835775344,0.9,0.1,18,194,175.08862835775344,18,0,True,high
2012-08-22 07:00:00,True,501.8414091325344,0.9,0.1,51,553,501.8414091325344,51,0,True,critical
2012-08-22 08:00:00,True,705.118072150072,0.9,0.1,71,777,705.118072150072,71,0,True,critical
2012-08-22 09:00:00,True,351.0520310661561,0.9,0.1,36,388,351.0520310661561,36,0,True,critical
2012-08-22 10:00:00,False,237.3036827478076,0.9,0.1,24,262,237.3036827478076,24,0,True,high
2012-08-22 11:00:00,False,255.7969069264069,0.9,0.1,26,282,255.7969069264069,26,0,True,high
2012-08-22 12:00:00,False,312.1758704906204,0.9,0.1,32,345,312.1758704906204,32,0,True,high
2012-08-22 13:00:00,False,302.29780036630035,0.9,0.1,31,334,302.29780036630035,31,0,True,high
2012-08-22 14:00:00,False,268.7458641081141,0.9,0.1,27,296,268.7458641081141,27,0,True,high
2012-08-22 15:00:00,False,279.10707597957605,0.9,0.1,28,308,279.10707597957605,28,0,True,high
2012-08-22 16:00:00,False,424.7939014874016,0.9,0.1,43,468,424.7939014874016,43,0,True,high
2012-08-22 17:00:00,True,835.1414090909092,0.9,0.1,84,920,835.1414090909092,84,0,True,critical
2012-08-22 18:00:00,True,734.4777794011544,0.9,0.1,74,809,734.4777794011544,74,0,True,critical
2012-08-22 19:00:00,True,555.4239074675323,0.9,0.1,56,612,555.4239074675323,56,0,True,critical
2012-08-22 20:00:00,False,425.48232961482955,0.9,0.1,43,469,425.48232961482955,43,0,True,high
2012-08-22 21:00:00,False,293.98109440559443,0.9,0.1,30,324,293.98109440559443,30,0,True,high
2012-08-22 22:00:00,False,250.66997817460316,0.9,0.1,26,277,250.66997817460316,26,0,True,high
2012-08-22 23:00:00,False,171.727226010101,0.9,0.1,18,190,171.727226010101,18,0,True,high
2012-08-23 00:00:00,False,73.84052904040404,0.9,0.1,8,82,73.84052904040404,8,0,True,high
2012-08-23 01:00:00,False,25.28693711843713,0.9,0.1,3,29,25.28693711843713,3,0,True,high
2012-08-23 02:00:00,False,11.835340909090908,0.9,0.1,2,14,11.835340909090908,2,0,True,high
2012-08-23 03:00:00,False,9.25954369241869,0.9,0.1,1,11,9.25954369241869,1,0,True,high
2012-08-23 04:00:00,False,7.558456696081699,0.9,0.1,1,9,7.558456696081699,1,0,True,high
2012-08-23 05:00:00,False,38.06827886002886,0.9,0.1,4,43,38.06827886002886,4,0,True,high
2012-08-23 06:00:00,False,172.3780328282828,0.9,0.1,18,191,172.3780328282828,18,0,True,high
2012-08-23 07:00:00,True,504.11552308802305,0.9,0.1,51,556,504.11552308802305,51,0,True,critical
2012-08-23 08:00:00,True,702.8648087884336,0.9,0.1,71,774,702.8648087884336,71,0,True,critical
2012-08-23 09:00:00,True,368.5831648906647,0.9,0.1,37,406,368.5831648906647,37,0,True,critical
2012-08-23 10:00:00,False,274.36566594516603,0.9,0.1,28,303,274.36566594516603,28,0,True,high
2012-08-23 11:00:00,False,274.9533297535797,0.9,0.1,28,303,274.9533297535797,28,0,True,high
2012-08-23 12:00:00,False,323.1481619769119,0.9,0.1,33,357,323.1481619769119,33,0,True,high
2012-08-23 13:00:00,False,327.3359601370852,0.9,0.1,33,361,327.3359601370852,33,0,True,high
2012-08-23 14:00:00,False,281.64573250360763,0.9,0.1,29,311,281.64573250360763,29,0,True,high
2012-08-23 15:00:00,False,280.99623092185595,0.9,0.1,29,310,280.99623092185595,29,0,True,high
2012-08-23 16:00:00,False,448.931760170385,0.9,0.1,45,494,448.931760170385,45,0,True,high
2012-08-23 17:00:00,True,815.7178620684874,0.9,0.1,82,898,815.7178620684874,82,0,True,critical
2012-08-23 18:00:00,True,788.0066307720049,0.9,0.1,79,868,788.0066307720049,79,0,True,critical
2012-08-23 19:00:00,True,616.5303861832612,0.9,0.1,62,679,616.5303861832612,62,0,True,critical
2012-08-23 20:00:00,False,476.7468667027419,0.9,0.1,48,525,476.7468667027419,48,0,True,high
2012-08-23 21:00:00,False,344.9859336080585,0.9,0.1,35,380,344.9859336080585,35,0,True,high
2012-08-23 22:00:00,False,254.37427965090458,0.9,0.1,26,281,254.37427965090458,26,0,True,high
2012-08-23 23:00:00,False,152.5483824231325,0.9,0.1,16,169,152.5483824231325,16,0,True,high
2012-08-24 00:00:00,False,84.87868578643578,0.9,0.1,9,94,84.87868578643578,9,0,True,high
2012-08-24 01:00:00,False,54.045757034632,0.9,0.1,6,61,54.045757034632,6,0,True,high
2012-08-24 02:00:00,False,18.629788086913088,0.9,0.1,2,21,18.629788086913088,2,0,True,high
2012-08-24 03:00:00,False,6.3441038961038965,0.9,0.1,1,8,6.3441038961038965,1,0,True,high
2012-08-24 04:00:00,False,7.822364885114886,0.9,0.1,1,9,7.822364885114886,1,0,True,high
2012-08-24 05:00:00,False,37.898790945165956,0.9,0.1,4,42,37.898790945165956,4,0,True,high
2012-08-24 06:00:00,False,169.25645627983133,0.9,0.1,17,187,169.25645627983133,17,0,True,high
2012-08-24 07:00:00,True,421.9716005138653,0.9,0.1,43,465,421.9716005138653,43,0,True,critical
2012-08-24 08:00:00,True,658.356542013542,0.9,0.1,66,725,658.356542013542,66,0,True,critical
2012-08-24 09:00:00,True,404.73458154345644,0.9,0.1,41,446,404.73458154345644,41,0,True,critical
2012-08-24 10:00:00,False,268.00072781385273,0.9,0.1,27,296,268.00072781385273,27,0,True,high
2012-08-24 11:00:00,False,307.7106735209236,0.9,0.1,31,339,307.7106735209236,31,0,True,high
2012-08-24 12:00:00,False,327.16992334054817,0.9,0.1,33,361,327.16992334054817,33,0,True,high
2012-08-24 13:00:00,False,352.1718596264846,0.9,0.1,36,389,352.1718596264846,36,0,True,high
2012-08-24 14:00:00,False,350.8114487734487,0.9,0.1,36,387,350.8114487734487,36,0,True,high
2012-08-24 15:00:00,False,353.0267839799091,0.9,0.1,36,390,353.0267839799091,36,0,True,high
2012-08-24 16:00:00,False,467.85491945554446,0.9,0.1,47,515,467.85491945554446,47,0,True,high
2012-08-24 17:00:00,True,783.6102903485404,0.9,0.1,79,863,783.6102903485404,79,0,True,critical
2012-08-24 18:00:00,True,760.0290772005775,0.9,0.1,77,838,760.0290772005775,77,0,True,critical
2012-08-24 19:00:00,True,526.7980975829724,0.9,0.1,53,580,526.7980975829724,53,0,True,critical
2012-08-24 20:00:00,False,434.6081836219336,0.9,0.1,44,479,434.6081836219336,44,0,True,high
2012-08-24 21:00:00,False,288.2360532106783,0.9,0.1,29,318,288.2360532106783,29,0,True,high
2012-08-24 22:00:00,False,230.29727534965033,0.9,0.1,24,255,230.29727534965033,24,0,True,high
2012-08-24 23:00:00,False,168.54707369019874,0.9,0.1,17,186,168.54707369019874,17,0,True,high
2012-08-25 00:00:00,False,143.381064033189,0.9,0.1,15,159,143.381064033189,15,0,True,high
2012-08-25 01:00:00,False,93.78601201576204,0.9,0.1,10,104,93.78601201576204,10,0,True,high
2012-08-25 02:00:00,False,79.83304365079361,0.9,0.1,8,88,79.83304365079361,8,0,True,high
2012-08-25 03:00:00,False,30.710376262626266,0.9,0.1,4,35,30.710376262626266,4,0,True,high
2012-08-25 04:00:00,False,12.927036616161615,0.9,0.1,2,15,12.927036616161615,2,0,True,high
2012-08-25 05:00:00,False,13.031345446220444,0.9,0.1,2,16,13.031345446220444,2,0,True,high
2012-08-25 06:00:00,False,36.02533596958595,0.9,0.1,4,41,36.02533596958595,4,0,True,high
2012-08-25 07:00:00,True,63.29254544067044,0.9,0.1,7,71,63.29254544067044,7,0,True,critical
2012-08-25 08:00:00,True,217.5847110389611,0.9,0.1,22,240,217.5847110389611,22,0,True,critical
2012-08-25 09:00:00,True,269.37656425518924,0.9,0.1,27,297,269.37656425518924,27,0,True,critical
2012-08-25 10:00:00,False,394.65614375901873,0.9,0.1,40,435,394.65614375901873,40,0,True,high
2012-08-25 11:00:00,False,496.5054345238095,0.9,0.1,50,547,496.5054345238095,50,0,True,high
2012-08-25 12:00:00,False,454.56560281385276,0.9,0.1,46,501,454.56560281385276,46,0,True,high
2012-08-25 13:00:00,False,575.468574134199,0.9,0.1,58,634,575.468574134199,58,0,True,high
2012-08-25 14:00:00,False,511.3274660894664,0.9,0.1,52,564,511.3274660894664,52,0,True,high
2012-08-25 15:00:00,False,492.60279373404404,0.9,0.1,50,543,492.60279373404404,50,0,True,high
2012-08-25 16:00:00,False,447.9652940392942,0.9,0.1,45,493,447.9652940392942,45,0,True,high
2012-08-25 17:00:00,True,576.3419271839273,0.9,0.1,58,635,576.3419271839273,58,0,True,critical
2012-08-25 18:00:00,True,430.3238450577199,0.9,0.1,44,475,430.3238450577199,44,0,True,critical
2012-08-25 19:00:00,True,344.7390741064492,0.9,0.1,35,380,344.7390741064492,35,0,True,critical
2012-08-25 20:00:00,False,277.8445378510378,0.9,0.1,28,306,277.8445378510378,28,0,True,high
2012-08-25 21:00:00,False,244.41952435064937,0.9,0.1,25,270,244.41952435064937,25,0,True,high
2012-08-25 22:00:00,False,189.05592803030297,0.9,0.1,19,209,189.05592803030297,19,0,True,high
2012-08-25 23:00:00,False,148.32991143578636,0.9,0.1,15,164,148.32991143578636,15,0,True,high
2012-08-26 00:00:00,False,115.42866702741706,0.9,0.1,12,128,115.42866702741706,12,0,True,high
2012-08-26 01:00:00,False,105.7112718115218,0.9,0.1,11,117,105.7112718115218,11,0,True,high
2012-08-26 02:00:00,False,100.9097472249972,0.9,0.1,11,112,100.9097472249972,11,0,True,high
2012-08-26 03:00:00,False,57.86934433621936,0.9,0.1,6,64,57.86934433621936,6,0,True,high
2012-08-26 04:00:00,False,18.1382116910867,0.9,0.1,2,21,18.1382116910867,2,0,True,high
2012-08-26 05:00:00,False,9.52897186147186,0.9,0.1,1,11,9.52897186147186,1,0,True,high
2012-08-26 06:00:00,False,28.54191666666666,0.9,0.1,3,32,28.54191666666666,3,0,True,high
2012-08-26 07:00:00,True,55.297696622821604,0.9,0.1,6,62,55.297696622821604,6,0,True,critical
2012-08-26 08:00:00,True,101.18478210678205,0.9,0.1,11,113,101.18478210678205,11,0,True,critical
2012-08-26 09:00:00,True,238.43816594516585,0.9,0.1,24,263,238.43816594516585,24,0,True,critical
2012-08-26 10:00:00,False,390.00052471139975,0.9,0.1,40,431,390.00052471139975,40,0,True,high
2012-08-26 11:00:00,False,371.22259018759013,0.9,0.1,38,410,371.22259018759013,38,0,True,high
2012-08-26 12:00:00,False,465.25768771506296,0.9,0.1,47,513,465.25768771506296,47,0,True,high
2012-08-26 13:00:00,False,551.1840523088023,0.9,0.1,56,608,551.1840523088023,56,0,True,high
2012-08-26 14:00:00,False,493.7947036435786,0.9,0.1,50,544,493.7947036435786,50,0,True,high
2012-08-26 15:00:00,False,288.64476578976587,0.9,0.1,29,318,288.64476578976587,29,0,True,high
2012-08-26 16:00:00,False,323.5362443806193,0.9,0.1,33,357,323.5362443806193,33,0,True,high
2012-08-26 17:00:00,True,202.14855275280274,0.9,0.1,21,224,202.14855275280274,21,0,True,critical
2012-08-26 18:00:00,True,236.13702045177052,0.9,0.1,24,261,236.13702045177052,24,0,True,critical
2012-08-26 19:00:00,True,258.68305573593074,0.9,0.1,26,285,258.68305573593074,26,0,True,critical
2012-08-26 20:00:00,False,238.10140241702734,0.9,0.1,24,263,238.10140241702734,24,0,True,high
2012-08-26 21:00:00,False,192.84217844655345,0.9,0.1,20,213,192.84217844655345,20,0,True,high
2012-08-26 22:00:00,False,159.13306078643575,0.9,0.1,16,176,159.13306078643575,16,0,True,high
2012-08-26 23:00:00,False,99.63442572705073,0.9,0.1,10,110,99.63442572705073,10,0,True,high
2012-08-27 00:00:00,False,44.711495129870116,0.9,0.1,5,50,44.711495129870116,5,0,True,high
2012-08-27 01:00:00,False,22.305167929292924,0.9,0.1,3,26,22.305167929292924,3,0,True,high
2012-08-27 02:00:00,False,10.810246156621151,0.9,0.1,2,13,10.810246156621151,2,0,True,high
2012-08-27 03:00:00,False,4.324580946830946,0.9,0.1,1,6,4.324580946830946,1,0,True,high
2012-08-27 04:00:00,False,6.937863095238095,0.9,0.1,1,8,6.937863095238095,1,0,True,high
2012-08-27 05:00:00,False,34.65742338217336,0.9,0.1,4,39,34.65742338217336,4,0,True,high
2012-08-27 06:00:00,False,161.47433268120767,0.9,0.1,17,179,161.47433268120767,17,0,True,high
2012-08-27 07:00:00,True,444.2800105450105,0.9,0.1,45,490,444.2800105450105,45,0,True,critical
2012-08-27 08:00:00,True,677.9719724719724,0.9,0.1,68,746,677.9719724719724,68,0,True,critical
2012-08-27 09:00:00,True,361.9584983766233,0.9,0.1,37,399,361.9584983766233,37,0,True,critical
2012-08-27 10:00:00,False,230.06513213175708,0.9,0.1,24,255,230.06513213175708,24,0,True,high
2012-08-27 11:00:00,False,239.50501911976906,0.9,0.1,24,264,239.50501911976906,24,0,True,high
2012-08-27 12:00:00,False,302.4287797619047,0.9,0.1,31,334,302.4287797619047,31,0,True,high
2012-08-27 13:00:00,False,300.42687400099885,0.9,0.1,31,332,300.42687400099885,31,0,True,high
2012-08-27 14:00:00,False,279.513018134643,0.9,0.1,28,308,279.513018134643,28,0,True,high
2012-08-27 15:00:00,False,305.5986700937951,0.9,0.1,31,337,305.5986700937951,31,0,True,high
2012-08-27 16:00:00,False,395.53150595238105,0.9,0.1,40,436,395.53150595238105,40,0,True,high
2012-08-27 17:00:00,True,820.2914977106228,0.9,0.1,83,904,820.2914977106228,83,0,True,critical
2012-08-27 18:00:00,True,802.4437714646458,0.9,0.1,81,884,802.4437714646458,81,0,True,critical
2012-08-27 19:00:00,True,558.6749432928184,0.9,0.1,56,615,558.6749432928184,56,0,True,critical
2012-08-27 20:00:00,False,356.3442857142859,0.9,0.1,36,393,356.3442857142859,36,0,True,high
2012-08-27 21:00:00,False,301.93897420634926,0.9,0.1,31,333,301.93897420634926,31,0,True,high
2012-08-27 22:00:00,False,190.60916233766235,0.9,0.1,20,211,190.60916233766235,20,0,True,high
2012-08-27 23:00:00,False,96.49767821067819,0.9,0.1,10,107,96.49767821067819,10,0,True,high
2012-08-28 00:00:00,False,52.092325036075074,0.9,0.1,6,59,52.092325036075074,6,0,True,high
2012-08-28 01:00:00,False,17.513152902652905,0.9,0.1,2,20,17.513152902652905,2,0,True,high
2012-08-28 02:00:00,False,11.213721819846821,0.9,0.1,2,14,11.213721819846821,2,0,True,high
2012-08-28 03:00:00,False,5.850506243756241,0.9,0.1,1,7,5.850506243756241,1,0,True,high
2012-08-28 04:00:00,False,6.765566738816736,0.9,0.1,1,8,6.765566738816736,1,0,True,high
2012-08-28 05:00:00,False,38.6332196969697,0.9,0.1,4,43,38.6332196969697,4,0,True,high
2012-08-28 06:00:00,False,175.2912566045066,0.9,0.1,18,194,175.2912566045066,18,0,True,high
2012-08-28 07:00:00,True,443.68895511433004,0.9,0.1,45,489,443.68895511433004,45,0,True,critical
2012-08-28 08:00:00,True,520.5565791847043,0.9,0.1,53,574,520.5565791847043,53,0,True,critical
2012-08-28 09:00:00,True,350.95976986901957,0.9,0.1,36,387,350.95976986901957,36,0,True,critical
2012-08-28 10:00:00,False,237.05646825396826,0.9,0.1,24,262,237.05646825396826,24,0,True,high
2012-08-28 11:00:00,False,237.38638888888886,0.9,0.1,24,262,237.38638888888886,24,0,True,high
2012-08-28 12:00:00,False,269.99570634920616,0.9,0.1,27,297,269.99570634920616,27,0,True,high
2012-08-28 13:00:00,False,295.48577723665227,0.9,0.1,30,326,295.48577723665227,30,0,True,high
2012-08-28 14:00:00,False,274.3258976370852,0.9,0.1,28,303,274.3258976370852,28,0,True,high
2012-08-28 15:00:00,False,283.4873645382397,0.9,0.1,29,313,283.4873645382397,29,0,True,high
2012-08-28 16:00:00,False,448.8339477605725,0.9,0.1,45,494,448.8339477605725,45,0,True,high
2012-08-28 17:00:00,True,842.5357619047619,0.9,0.1,85,928,842.5357619047619,85,0,True,critical
2012-08-28 18:00:00,True,804.9468497474746,0.9,0.1,81,886,804.9468497474746,81,0,True,critical
2012-08-28 19:00:00,True,590.0761031746035,0.9,0.1,60,651,590.0761031746035,60,0,True,critical
2012-08-28 20:00:00,False,446.5323740981239,0.9,0.1,45,492,446.5323740981239,45,0,True,high
2012-08-28 21:00:00,False,319.9434741092242,0.9,0.1,32,352,319.9434741092242,32,0,True,high
2012-08-28 22:00:00,False,229.09324389499406,0.9,0.1,23,253,229.09324389499406,23,0,True,high
2012-08-28 23:00:00,False,142.31356145243643,0.9,0.1,15,158,142.31356145243643,15,0,True,high
2012-08-29 00:00:00,False,52.142239149739154,0.9,0.1,6,59,52.142239149739154,6,0,True,high
2012-08-29 01:00:00,False,24.39963279775779,0.9,0.1,3,28,24.39963279775779,3,0,True,high
2012-08-29 02:00:00,False,9.985640623265628,0.9,0.1,1,11,9.985640623265628,1,0,True,high
2012-08-29 03:00:00,False,4.796084582084584,0.9,0.1,1,6,4.796084582084584,1,0,True,high
2012-08-29 04:00:00,False,6.611712752525257,0.9,0.1,1,8,6.611712752525257,1,0,True,high
2012-08-29 05:00:00,False,38.966786075036055,0.9,0.1,4,43,38.966786075036055,4,0,True,high
2012-08-29 06:00:00,False,178.53693968531476,0.9,0.1,18,197,178.53693968531476,18,0,True,high
2012-08-29 07:00:00,True,500.5097352092354,0.9,0.1,51,552,500.5097352092354,51,0,True,critical
2012-08-29 08:00:00,True,725.8572563131315,0.9,0.1,73,799,725.8572563131315,73,0,True,critical
2012-08-29 09:00:00,True,420.78657224719717,0.9,0.1,43,464,420.78657224719717,43,0,True,critical
2012-08-29 10:00:00,False,234.45450942113442,0.9,0.1,24,259,234.45450942113442,24,0,True,high
2012-08-29 11:00:00,False,224.95722902097904,0.9,0.1,23,248,224.95722902097904,23,0,True,high
2012-08-29 12:00:00,False,309.899876984127,0.9,0.1,31,341,309.899876984127,31,0,True,high
2012-08-29 13:00:00,False,366.53336075036066,0.9,0.1,37,404,366.53336075036066,37,0,True,high
2012-08-29 14:00:00,False,275.5125140207015,0.9,0.1,28,304,275.5125140207015,28,0,True,high
2012-08-29 15:00:00,False,304.7638184454434,0.9,0.1,31,336,304.7638184454434,31,0,True,high
2012-08-29 16:00:00,False,455.6030066738816,0.9,0.1,46,502,455.6030066738816,46,0,True,high
2012-08-29 17:00:00,True,837.7553010461756,0.9,0.1,84,922,837.7553010461756,84,0,True,critical
2012-08-29 18:00:00,True,810.0730847763348,0.9,0.1,82,893,810.0730847763348,82,0,True,critical
2012-08-29 19:00:00,True,598.5378237734493,0.9,0.1,60,659,598.5378237734493,60,0,True,critical
2012-08-29 20:00:00,False,469.9987859501609,0.9,0.1,47,517,469.9987859501609,47,0,True,high
2012-08-29 21:00:00,False,322.6868759018759,0.9,0.1,33,356,322.6868759018759,33,0,True,high
2012-08-29 22:00:00,False,237.0763694083694,0.9,0.1,24,262,237.0763694083694,24,0,True,high
2012-08-29 23:00:00,False,151.36030054667555,0.9,0.1,16,168,151.36030054667555,16,0,True,high
2012-08-30 00:00:00,False,68.31673556998561,0.9,0.1,7,76,68.31673556998561,7,0,True,high
2012-08-30 01:00:00,False,27.285171356421355,0.9,0.1,3,31,27.285171356421355,3,0,True,high
2012-08-30 02:00:00,False,13.39364576395827,0.9,0.1,2,16,13.39364576395827,2,0,True,high
2012-08-30 03:00:00,False,6.853740440115439,0.9,0.1,1,8,6.853740440115439,1,0,True,high
2012-08-30 04:00:00,False,7.348954920079925,0.9,0.1,1,9,7.348954920079925,1,0,True,high
2012-08-30 05:00:00,False,38.93256493506494,0.9,0.1,4,43,38.93256493506494,4,0,True,high
2012-08-30 06:00:00,False,175.9927290764791,0.9,0.1,18,194,175.9927290764791,18,0,True,high
2012-08-30 07:00:00,True,462.10190656565663,0.9,0.1,47,510,462.10190656565663,47,0,True,critical
2012-08-30 08:00:00,True,750.0941837468089,0.9,0.1,76,827,750.0941837468089,76,0,True,critical
2012-08-30 09:00:00,True,386.4092597541348,0.9,0.1,39,426,386.4092597541348,39,0,True,critical
2012-08-30 10:00:00,False,246.65099425574422,0.9,0.1,25,272,246.65099425574422,25,0,True,high
2012-08-30 11:00:00,False,276.80085439560435,0.9,0.1,28,305,276.80085439560435,28,0,True,high
2012-08-30 12:00:00,False,344.4121168831168,0.9,0.1,35,380,344.4121168831168,35,0,True,high
2012-08-30 13:00:00,False,301.48375487012987,0.9,0.1,31,333,301.48375487012987,31,0,True,high
2012-08-30 14:00:00,False,289.83204698079703,0.9,0.1,29,319,289.83204698079703,29,0,True,high
2012-08-30 15:00:00,False,299.7518865440115,0.9,0.1,30,330,299.7518865440115,30,0,True,high
2012-08-30 16:00:00,False,457.26065014152505,0.9,0.1,46,504,457.26065014152505,46,0,True,high
2012-08-30 17:00:00,True,839.2535672799419,0.9,0.1,84,924,839.2535672799419,84,0,True,critical
2012-08-30 18:00:00,True,818.9224821428575,0.9,0.1,82,901,818.9224821428575,82,0,True,critical
2012-08-30 19:00:00,True,667.0262963564214,0.9,0.1,67,735,667.0262963564214,67,0,True,critical
2012-08-30 20:00:00,False,467.32436291486295,0.9,0.1,47,515,467.32436291486295,47,0,True,high
2012-08-30 21:00:00,False,329.4660926573426,0.9,0.1,33,363,329.4660926573426,33,0,True,high
2012-08-30 22:00:00,False,221.71542478354976,0.9,0.1,23,245,221.71542478354976,23,0,True,high
2012-08-30 23:00:00,False,173.7592645271395,0.9,0.1,18,192,173.7592645271395,18,0,True,high
2012-08-31 00:00:00,False,90.32003948828948,0.9,0.1,10,101,90.32003948828948,10,0,True,high
2012-08-31 01:00:00,False,32.41644895382396,0.9,0.1,4,37,32.41644895382396,4,0,True,high
2012-08-31 02:00:00,False,16.31667546342546,0.9,0.1,2,19,16.31667546342546,2,0,True,high
2012-08-31 03:00:00,False,14.474223845598855,0.9,0.1,2,17,14.474223845598855,2,0,True,high
2012-08-31 04:00:00,False,7.876601717726723,0.9,0.1,1,9,7.876601717726723,1,0,True,high
2012-08-31 05:00:00,False,38.068427669552676,0.9,0.1,4,43,38.068427669552676,4,0,True,high
2012-08-31 06:00:00,False,132.77414484126987,0.9,0.1,14,147,132.77414484126987,14,0,True,high
2012-08-31 07:00:00,True,314.8340355339106,0.9,0.1,32,347,314.8340355339106,32,0,True,critical
2012-08-31 08:00:00,True,685.2457755994005,0.9,0.1,69,755,685.2457755994005,69,0,True,critical
2012-08-31 09:00:00,True,392.9820377261626,0.9,0.1,40,433,392.9820377261626,40,0,True,critical
2012-08-31 10:00:00,False,266.2323594877344,0.9,0.1,27,294,266.2323594877344,27,0,True,high
2012-08-31 11:00:00,False,289.2485461344212,0.9,0.1,29,319,289.2485461344212,29,0,True,high
2012-08-31 12:00:00,False,350.23710389610386,0.9,0.1,36,387,350.23710389610386,36,0,True,high
2012-08-31 13:00:00,False,387.9318575036074,0.9,0.1,39,427,387.9318575036074,39,0,True,high
2012-08-31 14:00:00,False,360.2382458513711,0.9,0.1,37,398,360.2382458513711,37,0,True,high
2012-08-31 15:00:00,False,365.1453680486182,0.9,0.1,37,403,365.1453680486182,37,0,True,high
2012-08-31 16:00:00,False,497.9465995670994,0.9,0.1,50,548,497.9465995670994,50,0,True,high
2012-08-31 17:00:00,True,765.2934410173162,0.9,0.1,77,843,765.2934410173162,77,0,True,critical
2012-08-31 18:00:00,True,752.33701497114,0.9,0.1,76,829,752.33701497114,76,0,True,critical
2012-08-31 19:00:00,True,512.0206394300143,0.9,0.1,52,565,512.0206394300143,52,0,True,critical
2012-08-31 20:00:00,False,390.91495422632937,0.9,0.1,40,431,390.91495422632937,40,0,True,high
2012-08-31 21:00:00,False,295.9961023559775,0.9,0.1,30,326,295.9961023559775,30,0,True,high
2012-08-31 22:00:00,False,246.53344780219786,0.9,0.1,25,272,246.53344780219786,25,0,True,high
2012-08-31 23:00:00,False,178.7839415584415,0.9,0.1,18,197,178.7839415584415,18,0,True,high
2012-09-01 00:00:00,False,135.03711295648796,0.9,0.1,14,150,135.03711295648796,14,0,True,high
2012-09-01 01:00:00,False,107.75158531746035,0.9,0.1,11,119,107.75158531746035,11,0,True,high
2012-09-01 02:00:00,False,67.94183892496395,0.9,0.1,7,75,67.94183892496395,7,0,True,high
2012-09-01 03:00:00,False,32.46370232545232,0.9,0.1,4,37,32.46370232545232,4,0,True,high
2012-09-01 04:00:00,False,12.477390873015874,0.9,0.1,2,15,12.477390873015874,2,0,True,high
2012-09-01 05:00:00,False,13.279062798312795,0.9,0.1,2,16,13.279062798312795,2,0,True,high
2012-09-01 06:00:00,False,50.74633585858584,0.9,0.1,6,57,50.74633585858584,6,0,True,high
2012-09-01 07:00:00,True,81.97389700577203,0.9,0.1,9,91,81.97389700577203,9,0,True,critical
2012-09-01 08:00:00,True,165.09681363081367,0.9,0.1,17,183,165.09681363081367,17,0,True,critical
2012-09-01 09:00:00,True,271.0187375957377,0.9,0.1,28,300,271.0187375957377,28,0,True,critical
2012-09-01 10:00:00,False,331.7728396464647,0.9,0.1,34,366,331.7728396464647,34,0,True,high
2012-09-01 11:00:00,False,460.9165196608946,0.9,0.1,47,508,460.9165196608946,47,0,True,high
2012-09-01 12:00:00,False,470.9627340298591,0.9,0.1,48,519,470.9627340298591,48,0,True,high
2012-09-01 13:00:00,False,467.1117726301477,0.9,0.1,47,515,467.1117726301477,47,0,True,high
2012-09-01 14:00:00,False,483.5687509435011,0.9,0.1,49,533,483.5687509435011,49,0,True,high
2012-09-01 15:00:00,False,477.16998593073583,0.9,0.1,48,526,477.16998593073583,48,0,True,high
2012-09-01 16:00:00,False,502.855243742369,0.9,0.1,51,554,502.855243742369,51,0,True,high
2012-09-01 17:00:00,True,463.83614370351876,0.9,0.1,47,511,463.83614370351876,47,0,True,critical
2012-09-01 18:00:00,True,428.60455100455096,0.9,0.1,43,472,428.60455100455096,43,0,True,critical
2012-09-01 19:00:00,True,357.5325207153955,0.9,0.1,36,394,357.5325207153955,36,0,True,critical
2012-09-01 20:00:00,False,301.0073546176046,0.9,0.1,31,333,301.0073546176046,31,0,True,high
2012-09-01 21:00:00,False,172.33587144799648,0.9,0.1,18,191,172.33587144799648,18,0,True,high
2012-09-01 22:00:00,False,120.68161471861478,0.9,0.1,13,134,120.68161471861478,13,0,True,high
2012-09-01 23:00:00,False,86.2729401709402,0.9,0.1,9,96,86.2729401709402,9,0,True,high
2012-09-02 00:00:00,False,126.14997348484845,0.9,0.1,13,140,126.14997348484845,13,0,True,high
2012-09-02 01:00:00,False,84.21305934343437,0.9,0.1,9,94,84.21305934343437,9,0,True,high
2012-09-02 02:00:00,False,63.695025335775355,0.9,0.1,7,71,63.695025335775355,7,0,True,high
2012-09-02 03:00:00,False,43.85885425685424,0.9,0.1,5,49,43.85885425685424,5,0,True,high
2012-09-02 04:00:00,False,13.786045634920638,0.9,0.1,2,16,13.786045634920638,2,0,True,high
2012-09-02 05:00:00,False,13.084081168831165,0.9,0.1,2,16,13.084081168831165,2,0,True,high
2012-09-02 06:00:00,False,26.919576659451668,0.9,0.1,3,30,26.919576659451668,3,0,True,high
2012-09-02 07:00:00,True,39.39030663780665,0.9,0.1,4,44,39.39030663780665,4,0,True,critical
2012-09-02 08:00:00,True,122.19304040404039,0.9,0.1,13,136,122.19304040404039,13,0,True,critical
2012-09-02 09:00:00,True,214.64559884559878,0.9,0.1,22,237,214.64559884559878,22,0,True,critical
2012-09-02 10:00:00,False,313.4287750721502,0.9,0.1,32,346,313.4287750721502,32,0,True,high
2012-09-02 11:00:00,False,456.6213603896104,0.9,0.1,46,503,456.6213603896104,46,0,True,high
2012-09-02 12:00:00,False,435.8051420107671,0.9,0.1,44,480,435.8051420107671,44,0,True,high
2012-09-02 13:00:00,False,497.2932041847041,0.9,0.1,50,548,497.2932041847041,50,0,True,high
2012-09-02 14:00:00,False,428.9632575757576,0.9,0.1,43,472,428.9632575757576,43,0,True,high
2012-09-02 15:00:00,False,400.4467769869018,0.9,0.1,41,442,400.4467769869018,41,0,True,high
2012-09-02 16:00:00,False,371.6817779581532,0.9,0.1,38,410,371.6817779581532,38,0,True,high
2012-09-02 17:00:00,True,432.1328849206347,0.9,0.1,44,477,432.1328849206347,44,0,True,critical
2012-09-02 18:00:00,True,442.232987914863,0.9,0.1,45,488,442.232987914863,45,0,True,critical
2012-09-02 19:00:00,True,409.6310443722943,0.9,0.1,41,451,409.6310443722943,41,0,True,critical
2012-09-02 20:00:00,False,242.51289917027424,0.9,0.1,25,268,242.51289917027424,25,0,True,high
2012-09-02 21:00:00,False,133.1815983044733,0.9,0.1,14,148,133.1815983044733,14,0,True,high
2012-09-02 22:00:00,False,117.06386507936504,0.9,0.1,12,130,117.06386507936504,12,0,True,high
2012-09-02 23:00:00,False,104.60913322788318,0.9,0.1,11,116,104.60913322788318,11,0,True,high
2012-09-03 00:00:00,False,74.02182647907647,0.9,0.1,8,83,74.02182647907647,8,0,True,high
2012-09-03 01:00:00,False,67.22582405094904,0.9,0.1,7,75,67.22582405094904,7,0,True,high
2012-09-03 02:00:00,False,38.1754402958153,0.9,0.1,4,43,38.1754402958153,4,0,True,high
2012-09-03 03:00:00,False,18.009155122655127,0.9,0.1,2,21,18.009155122655127,2,0,True,high
2012-09-03 04:00:00,False,12.153772907647912,0.9,0.1,2,15,12.153772907647912,2,0,True,high
2012-09-03 05:00:00,False,31.037364760239747,0.9,0.1,4,36,31.037364760239747,4,0,True,high
2012-09-03 06:00:00,False,18.78463852813853,0.9,0.1,2,21,18.78463852813853,2,0,True,high
2012-09-03 07:00:00,True,41.25309740259743,0.9,0.1,5,47,41.25309740259743,5,0,True,critical
2012-09-03 08:00:00,True,123.98185184260184,0.9,0.1,13,137,123.98185184260184,13,0,True,critical
2012-09-03 09:00:00,True,224.39013261738256,0.9,0.1,23,248,224.39013261738256,23,0,True,critical
2012-09-03 10:00:00,False,257.2073387445888,0.9,0.1,26,284,257.2073387445888,26,0,True,high
2012-09-03 11:00:00,False,365.9450357142857,0.9,0.1,37,403,365.9450357142857,37,0,True,high
2012-09-03 12:00:00,False,446.8523210678211,0.9,0.1,45,492,446.8523210678211,45,0,True,high
2012-09-03 13:00:00,False,494.75465721778215,0.9,0.1,50,545,494.75465721778215,50,0,True,high
2012-09-03 14:00:00,False,497.7008744588746,0.9,0.1,50,548,497.7008744588746,50,0,True,high
2012-09-03 15:00:00,False,461.0898870296368,0.9,0.1,47,509,461.0898870296368,47,0,True,high
2012-09-03 16:00:00,False,451.1838547979797,0.9,0.1,46,498,451.1838547979797,46,0,True,high
2012-09-03 17:00:00,True,574.1097401348651,0.9,0.1,58,633,574.1097401348651,58,0,True,critical
2012-09-03 18:00:00,True,569.0064544205794,0.9,0.1,57,627,569.0064544205794,57,0,True,critical
2012-09-03 19:00:00,True,448.8414810328561,0.9,0.1,45,494,448.8414810328561,45,0,True,critical
2012-09-03 20:00:00,False,356.5589351343101,0.9,0.1,36,393,356.5589351343101,36,0,True,high
2012-09-03 21:00:00,False,226.28921008158486,0.9,0.1,23,250,226.28921008158486,23,0,True,high
2012-09-03 22:00:00,False,168.2655936147186,0.9,0.1,17,186,168.2655936147186,17,0,True,high
2012-09-03 23:00:00,False,104.31278532578526,0.9,0.1,11,116,104.31278532578526,11,0,True,high
2012-09-04 00:00:00,False,43.17557464757465,0.9,0.1,5,49,43.17557464757465,5,0,True,high
2012-09-04 01:00:00,False,16.7941019119769,0.9,0.1,2,19,16.7941019119769,2,0,True,high
2012-09-04 02:00:00,False,12.082727189477193,0.9,0.1,2,15,12.082727189477193,2,0,True,high
2012-09-04 03:00:00,False,5.269674603174605,0.9,0.1,1,7,5.269674603174605,1,0,True,high
2012-09-04 04:00:00,False,7.4372178030303004,0.9,0.1,1,9,7.4372178030303004,1,0,True,high
2012-09-04 05:00:00,False,33.636081529581524,0.9,0.1,4,38,33.636081529581524,4,0,True,high
2012-09-04 06:00:00,False,152.0532098318349,0.9,0.1,16,169,152.0532098318349,16,0,True,high
2012-09-04 07:00:00,True,495.64883044733034,0.9,0.1,50,546,495.64883044733034,50,0,True,critical
2012-09-04 08:00:00,True,654.985374209124,0.9,0.1,66,721,654.985374209124,66,0,True,critical
2012-09-04 09:00:00,True,341.35956240981255,0.9,0.1,35,377,341.35956240981255,35,0,True,critical
2012-09-04 10:00:00,False,226.03667538017532,0.9,0.1,23,250,226.03667538017532,23,0,True,high
2012-09-04 11:00:00,False,206.421552933178,0.9,0.1,21,228,206.421552933178,21,0,True,high
2012-09-04 12:00:00,False,258.80533279220765,0.9,0.1,26,285,258.80533279220765,26,0,True,high
2012-09-04 13:00:00,False,319.71278162115664,0.9,0.1,32,352,319.71278162115664,32,0,True,high
2012-09-04 14:00:00,False,273.02815259740254,0.9,0.1,28,302,273.02815259740254,28,0,True,high
2012-09-04 15:00:00,False,336.6971670274169,0.9,0.1,34,371,336.6971670274169,34,0,True,high
2012-09-04 16:00:00,False,434.8089147519147,0.9,0.1,44,479,434.8089147519147,44,0,True,high
2012-09-04 17:00:00,True,765.4064329004324,0.9,0.1,77,843,765.4064329004324,77,0,True,critical
2012-09-04 18:00:00,True,760.9608295454541,0.9,0.1,77,838,760.9608295454541,77,0,True,critical
2012-09-04 19:00:00,True,577.3934271284271,0.9,0.1,58,636,577.3934271284271,58,0,True,critical
2012-09-04 20:00:00,False,387.63294660894667,0.9,0.1,39,427,387.63294660894667,39,0,True,high
2012-09-04 21:00:00,False,283.09875793650787,0.9,0.1,29,313,283.09875793650787,29,0,True,high
2012-09-04 22:00:00,False,196.2648788850038,0.9,0.1,20,217,196.2648788850038,20,0,True,high
2012-09-04 23:00:00,False,110.94519469419464,0.9,0.1,12,123,110.94519469419464,12,0,True,high
2012-09-05 00:00:00,False,42.844073024198025,0.9,0.1,5,48,42.844073024198025,5,0,True,high
2012-09-05 01:00:00,False,17.104611471861467,0.9,0.1,2,20,17.104611471861467,2,0,True,high
2012-09-05 02:00:00,False,9.841055486180487,0.9,0.1,1,11,9.841055486180487,1,0,True,high
2012-09-05 03:00:00,False,5.487496753246754,0.9,0.1,1,7,5.487496753246754,1,0,True,high
2012-09-05 04:00:00,False,6.63866161616161,0.9,0.1,1,8,6.63866161616161,1,0,True,high
2012-09-05 05:00:00,False,36.49178499278497,0.9,0.1,4,41,36.49178499278497,4,0,True,high
2012-09-05 06:00:00,False,165.23916305916308,0.9,0.1,17,183,165.23916305916308,17,0,True,high
2012-09-05 07:00:00,True,503.3700708874458,0.9,0.1,51,555,503.3700708874458,51,0,True,critical
2012-09-05 08:00:00,True,662.9336672077922,0.9,0.1,67,730,662.9336672077922,67,0,True,critical
2012-09-05 09:00:00,True,329.6398775252526,0.9,0.1,33,363,329.6398775252526,33,0,True,critical
2012-09-05 10:00:00,False,192.56496554834058,0.9,0.1,20,213,192.56496554834058,20,0,True,high
2012-09-05 11:00:00,False,239.9071917388167,0.9,0.1,24,264,239.9071917388167,24,0,True,high
2012-09-05 12:00:00,False,281.0549067737817,0.9,0.1,29,311,281.0549067737817,29,0,True,high
2012-09-05 13:00:00,False,283.5255654761905,0.9,0.1,29,313,283.5255654761905,29,0,True,high
2012-09-05 14:00:00,False,277.4944455266956,0.9,0.1,28,306,277.4944455266956,28,0,True,high
2012-09-05 15:00:00,False,232.57905176767687,0.9,0.1,24,257,232.57905176767687,24,0,True,high
2012-09-05 16:00:00,False,391.01058902208905,0.9,0.1,40,432,391.01058902208905,40,0,True,high
2012-09-05 17:00:00,True,838.1940800865798,0.9,0.1,84,923,838.1940800865798,84,0,True,critical
2012-09-05 18:00:00,True,816.0570717893216,0.9,0.1,82,899,816.0570717893216,82,0,True,critical
2012-09-05 19:00:00,True,602.6150346875348,0.9,0.1,61,664,602.6150346875348,61,0,True,critical
2012-09-05 20:00:00,False,407.0129384920635,0.9,0.1,41,449,407.0129384920635,41,0,True,high
2012-09-05 21:00:00,False,307.2100997474748,0.9,0.1,31,339,307.2100997474748,31,0,True,high
2012-09-05 22:00:00,False,221.30195670995676,0.9,0.1,23,245,221.30195670995676,23,0,True,high
2012-09-05 23:00:00,False,147.08484145021652,0.9,0.1,15,163,147.08484145021652,15,0,True,high
2012-09-06 00:00:00,False,68.06636778499279,0.9,0.1,7,76,68.06636778499279,7,0,True,high
2012-09-06 01:00:00,False,24.18766468253969,0.9,0.1,3,28,24.18766468253969,3,0,True,high
2012-09-06 02:00:00,False,10.468780303030304,0.9,0.1,2,13,10.468780303030304,2,0,True,high
2012-09-06 03:00:00,False,4.879741161616162,0.9,0.1,1,6,4.879741161616162,1,0,True,high
2012-09-06 04:00:00,False,7.3126203102453085,0.9,0.1,1,9,7.3126203102453085,1,0,True,high
2012-09-06 05:00:00,False,36.17239628427128,0.9,0.1,4,41,36.17239628427128,4,0,True,high
2012-09-06 06:00:00,False,159.14476028138537,0.9,0.1,16,176,159.14476028138537,16,0,True,high
2012-09-06 07:00:00,True,503.3997541902541,0.9,0.1,51,555,503.3997541902541,51,0,True,critical
2012-09-06 08:00:00,True,644.444001623377,0.9,0.1,65,710,644.444001623377,65,0,True,critical
2012-09-06 09:00:00,True,327.5012001332002,0.9,0.1,33,361,327.5012001332002,33,0,True,critical
2012-09-06 10:00:00,False,122.50848976023974,0.9,0.1,13,136,122.50848976023974,13,0,True,high
2012-09-06 11:00:00,False,65.01701316738816,0.9,0.1,7,73,65.01701316738816,7,0,True,high
2012-09-06 12:00:00,False,122.6328710317461,0.9,0.1,13,136,122.6328710317461,13,0,True,high
2012-09-06 13:00:00,False,182.190806998557,0.9,0.1,19,202,182.190806998557,19,0,True,high
2012-09-06 14:00:00,False,209.04408943833954,0.9,0.1,21,231,209.04408943833954,21,0,True,high
2012-09-06 15:00:00,False,237.74244065656575,0.9,0.1,24,262,237.74244065656575,24,0,True,high
2012-09-06 16:00:00,False,419.2767031995783,0.9,0.1,42,462,419.2767031995783,42,0,True,high
2012-09-06 17:00:00,True,819.1376574675326,0.9,0.1,82,902,819.1376574675326,82,0,True,critical
2012-09-06 18:00:00,True,808.4137094155843,0.9,0.1,81,890,808.4137094155843,81,0,True,critical
2012-09-06 19:00:00,True,609.8811452020199,0.9,0.1,61,671,609.8811452020199,61,0,True,critical
2012-09-06 20:00:00,False,409.9961385142636,0.9,0.1,41,451,409.9961385142636,41,0,True,high
2012-09-06 21:00:00,False,288.80726372238877,0.9,0.1,29,318,288.80726372238877,29,0,True,high
2012-09-06 22:00:00,False,202.56924723887224,0.9,0.1,21,224,202.56924723887224,21,0,True,high
2012-09-06 23:00:00,False,148.97440963203465,0.9,0.1,15,164,148.97440963203465,15,0,True,high
2012-09-07 00:00:00,False,90.85498819236322,0.9,0.1,10,101,90.85498819236322,10,0,True,high
2012-09-07 01:00:00,False,46.31549242424243,0.9,0.1,5,52,46.31549242424243,5,0,True,high
2012-09-07 02:00:00,False,16.817419011544022,0.9,0.1,2,19,16.817419011544022,2,0,True,high
2012-09-07 03:00:00,False,6.290726884226886,0.9,0.1,1,8,6.290726884226886,1,0,True,high
2012-09-07 04:00:00,False,8.024924714174714,0.9,0.1,1,10,8.024924714174714,1,0,True,high
2012-09-07 05:00:00,False,36.520936868686874,0.9,0.1,4,41,36.520936868686874,4,0,True,high
2012-09-07 06:00:00,False,156.2852668442668,0.9,0.1,16,173,156.2852668442668,16,0,True,high
2012-09-07 07:00:00,True,415.3816212398714,0.9,0.1,42,458,415.3816212398714,42,0,True,critical
2012-09-07 08:00:00,True,667.1203753607505,0.9,0.1,67,735,667.1203753607505,67,0,True,critical
2012-09-07 09:00:00,True,340.26224590687104,0.9,0.1,35,376,340.26224590687104,35,0,True,critical
2012-09-07 10:00:00,False,233.2834846681096,0.9,0.1,24,258,233.2834846681096,24,0,True,high
2012-09-07 11:00:00,False,235.0969810606061,0.9,0.1,24,260,235.0969810606061,24,0,True,high
2012-09-07 12:00:00,False,323.86630988455994,0.9,0.1,33,357,323.86630988455994,33,0,True,high
2012-09-07 13:00:00,False,322.36643573093556,0.9,0.1,33,356,322.36643573093556,33,0,True,high
2012-09-07 14:00:00,False,374.61608062770574,0.9,0.1,38,413,374.61608062770574,38,0,True,high
2012-09-07 15:00:00,False,365.6516726329226,0.9,0.1,37,403,365.6516726329226,37,0,True,high
2012-09-07 16:00:00,False,476.26930104617634,0.9,0.1,48,525,476.26930104617634,48,0,True,high
2012-09-07 17:00:00,True,697.8356994949495,0.9,0.1,70,768,697.8356994949495,70,0,True,critical
2012-09-07 18:00:00,True,671.4536121378624,0.9,0.1,68,740,671.4536121378624,68,0,True,critical
2012-09-07 19:00:00,True,505.49028607503607,0.9,0.1,51,557,505.49028607503607,51,0,True,critical
2012-09-07 20:00:00,False,399.9414583333333,0.9,0.1,40,440,399.9414583333333,40,0,True,high
2012-09-07 21:00:00,False,288.07941439116433,0.9,0.1,29,318,288.07941439116433,29,0,True,high
2012-09-07 22:00:00,False,225.70448561161058,0.9,0.1,23,249,225.70448561161058,23,0,True,high
2012-09-07 23:00:00,False,201.18396861471862,0.9,0.1,21,223,201.18396861471862,21,0,True,high
2012-09-08 00:00:00,False,201.39241296203804,0.9,0.1,21,223,201.39241296203804,21,0,True,high
2012-09-08 01:00:00,False,102.84034318459325,0.9,0.1,11,114,102.84034318459325,11,0,True,high
2012-09-08 02:00:00,False,82.23057215007215,0.9,0.1,9,92,82.23057215007215,9,0,True,high
2012-09-08 03:00:00,False,32.16264971139971,0.9,0.1,4,37,32.16264971139971,4,0,True,high
2012-09-08 04:00:00,False,12.54850520313021,0.9,0.1,2,15,12.54850520313021,2,0,True,high
2012-09-08 05:00:00,False,23.772816378066373,0.9,0.1,3,27,23.772816378066373,3,0,True,high
2012-09-08 06:00:00,False,33.90165728715727,0.9,0.1,4,38,33.90165728715727,4,0,True,high
2012-09-08 07:00:00,True,66.89707847707848,0.9,0.1,7,74,66.89707847707848,7,0,True,critical
2012-09-08 08:00:00,True,173.30637222499718,0.9,0.1,18,192,173.30637222499718,18,0,True,critical
2012-09-08 09:00:00,True,241.26682160894663,0.9,0.1,25,267,241.26682160894663,25,0,True,critical
2012-09-08 10:00:00,False,411.4227445054946,0.9,0.1,42,454,411.4227445054946,42,0,True,high
2012-09-08 11:00:00,False,479.1420138888888,0.9,0.1,48,528,479.1420138888888,48,0,True,high
2012-09-08 12:00:00,False,540.9492611832612,0.9,0.1,55,596,540.9492611832612,55,0,True,high
2012-09-08 13:00:00,False,603.1228071650575,0.9,0.1,61,665,603.1228071650575,61,0,True,high
2012-09-08 14:00:00,False,603.0251450077702,0.9,0.1,61,665,603.0251450077702,61,0,True,high
2012-09-08 15:00:00,False,543.4917974386722,0.9,0.1,55,599,543.4917974386722,55,0,True,high
2012-09-08 16:00:00,False,457.3992573953824,0.9,0.1,46,504,457.3992573953824,46,0,True,high
2012-09-08 17:00:00,True,194.55239337051842,0.9,0.1,20,215,194.55239337051842,20,0,True,critical
2012-09-08 18:00:00,True,184.8083933982684,0.9,0.1,19,204,184.8083933982684,19,0,True,critical
2012-09-08 19:00:00,True,176.57719823232327,0.9,0.1,18,195,176.57719823232327,18,0,True,critical
2012-09-08 20:00:00,False,214.0664218004219,0.9,0.1,22,237,214.0664218004219,22,0,True,high
2012-09-08 21:00:00,False,172.92766576479076,0.9,0.1,18,191,172.92766576479076,18,0,True,high
2012-09-08 22:00:00,False,172.85062896825394,0.9,0.1,18,191,172.85062896825394,18,0,True,high
2012-09-08 23:00:00,False,167.05011706349202,0.9,0.1,17,185,167.05011706349202,17,0,True,high
2012-09-09 00:00:00,False,102.77635207847702,0.9,0.1,11,114,102.77635207847702,11,0,True,high
2012-09-09 01:00:00,False,95.85719895382391,0.9,0.1,10,106,95.85719895382391,10,0,True,high
2012-09-09 02:00:00,False,93.83872113997113,0.9,0.1,10,104,93.83872113997113,10,0,True,high
2012-09-09 03:00:00,False,56.35605790043291,0.9,0.1,6,63,56.35605790043291,6,0,True,high
2012-09-09 04:00:00,False,15.836913891663894,0.9,0.1,2,18,15.836913891663894,2,0,True,high
2012-09-09 05:00:00,False,12.779506132756142,0.9,0.1,2,15,12.779506132756142,2,0,True,high
2012-09-09 06:00:00,False,138.80892908480405,0.9,0.1,14,153,138.80892908480405,14,0,True,high
2012-09-09 07:00:00,True,70.59688654401153,0.9,0.1,8,79,70.59688654401153,8,0,True,critical
2012-09-09 08:00:00,True,147.84386940836947,0.9,0.1,15,163,147.84386940836947,15,0,True,critical
2012-09-09 09:00:00,True,292.43621518759016,0.9,0.1,30,323,292.43621518759016,30,0,True,critical
2012-09-09 10:00:00,False,381.73166738816747,0.9,0.1,39,421,381.73166738816747,39,0,True,high
2012-09-09 11:00:00,False,523.9791950688202,0.9,0.1,53,577,523.9791950688202,53,0,True,high
2012-09-09 12:00:00,False,588.1447480158727,0.9,0.1,59,648,588.1447480158727,59,0,True,high
2012-09-09 13:00:00,False,636.808347222222,0.9,0.1,64,701,636.808347222222,64,0,True,high
2012-09-09 14:00:00,False,605.1534570707072,0.9,0.1,61,667,605.1534570707072,61,0,True,high
2012-09-09 15:00:00,False,544.887976911977,0.9,0.1,55,600,544.887976911977,55,0,True,high
2012-09-09 16:00:00,False,590.3523547286044,0.9,0.1,60,651,590.3523547286044,60,0,True,high
2012-09-09 17:00:00,True,584.2489426406925,0.9,0.1,59,644,584.2489426406925,59,0,True,critical
2012-09-09 18:00:00,True,573.5545236291484,0.9,0.1,58,632,573.5545236291484,58,0,True,critical
2012-09-09 19:00:00,True,485.3331776695526,0.9,0.1,49,535,485.3331776695526,49,0,True,critical
2012-09-09 20:00:00,False,394.6794761904762,0.9,0.1,40,435,394.6794761904762,40,0,True,high
2012-09-09 21:00:00,False,269.902585109335,0.9,0.1,27,297,269.902585109335,27,0,True,high
2012-09-09 22:00:00,False,176.326038961039,0.9,0.1,18,195,176.326038961039,18,0,True,high
2012-09-09 23:00:00,False,135.38912047674555,0.9,0.1,14,150,135.38912047674555,14,0,True,high
2012-09-10 00:00:00,False,67.7516537143412,0.9,0.1,7,75,67.7516537143412,7,0,True,high
2012-09-10 01:00:00,False,22.652371753246747,0.9,0.1,3,26,22.652371753246747,3,0,True,high
2012-09-10 02:00:00,False,13.532431637806642,0.9,0.1,2,16,13.532431637806642,2,0,True,high
2012-09-10 03:00:00,False,9.486639790764787,0.9,0.1,1,11,9.486639790764787,1,0,True,high
2012-09-10 04:00:00,False,6.201343642468641,0.9,0.1,1,8,6.201343642468641,1,0,True,high
2012-09-10 05:00:00,False,25.677381313131324,0.9,0.1,3,29,25.677381313131324,3,0,True,high
2012-09-10 06:00:00,False,142.09863164613168,0.9,0.1,15,158,142.09863164613168,15,0,True,high
2012-09-10 07:00:00,True,526.1117104978359,0.9,0.1,53,580,526.1117104978359,53,0,True,critical
2012-09-10 08:00:00,True,566.7325643939394,0.9,0.1,57,624,566.7325643939394,57,0,True,critical
2012-09-10 09:00:00,True,342.5085731213231,0.9,0.1,35,378,342.5085731213231,35,0,True,critical
2012-09-10 10:00:00,False,365.3175288600287,0.9,0.1,37,403,365.3175288600287,37,0,True,high
2012-09-10 11:00:00,False,252.62640369352866,0.9,0.1,26,279,252.62640369352866,26,0,True,high
2012-09-10 12:00:00,False,443.41006088356085,0.9,0.1,45,489,443.41006088356085,45,0,True,high
2012-09-10 13:00:00,False,574.4312332251081,0.9,0.1,58,633,574.4312332251081,58,0,True,high
2012-09-10 14:00:00,False,491.6294569319571,0.9,0.1,50,542,491.6294569319571,50,0,True,high
2012-09-10 15:00:00,False,472.3651341991342,0.9,0.1,48,521,472.3651341991342,48,0,True,high
2012-09-10 16:00:00,False,570.4418540764791,0.9,0.1,58,629,570.4418540764791,58,0,True,high
2012-09-10 17:00:00,True,647.2348535353534,0.9,0.1,65,713,647.2348535353534,65,0,True,critical
2012-09-10 18:00:00,True,652.6851463258965,0.9,0.1,66,719,652.6851463258965,66,0,True,critical
2012-09-10 19:00:00,True,641.7280653374404,0.9,0.1,65,707,641.7280653374404,65,0,True,critical
2012-09-10 20:00:00,False,443.45850036075024,0.9,0.1,45,489,443.45850036075024,45,0,True,high
2012-09-10 21:00:00,False,263.22397734210244,0.9,0.1,27,291,263.22397734210244,27,0,True,high
2012-09-10 22:00:00,False,219.72129001553995,0.9,0.1,22,242,219.72129001553995,22,0,True,high
2012-09-10 23:00:00,False,112.04822789710289,0.9,0.1,12,125,112.04822789710289,12,0,True,high
2012-09-11 00:00:00,False,45.37733225108228,0.9,0.1,5,51,45.37733225108228,5,0,True,high
2012-09-11 01:00:00,False,16.879067293817293,0.9,0.1,2,19,16.879067293817293,2,0,True,high
2012-09-11 02:00:00,False,8.341946664446665,0.9,0.1,1,10,8.341946664446665,1,0,True,high
2012-09-11 03:00:00,False,5.585883880008882,0.9,0.1,1,7,5.585883880008882,1,0,True,high
2012-09-11 04:00:00,False,6.679528679653685,0.9,0.1,1,8,6.679528679653685,1,0,True,high
2012-09-11 05:00:00,False,36.20633447108447,0.9,0.1,4,41,36.20633447108447,4,0,True,high
2012-09-11 06:00:00,False,180.18151129426133,0.9,0.1,19,200,180.18151129426133,19,0,True,high
2012-09-11 07:00:00,True,532.5678064574316,0.9,0.1,54,587,532.5678064574316,54,0,True,critical
2012-09-11 08:00:00,True,673.0103399933399,0.9,0.1,68,742,673.0103399933399,68,0,True,critical
2012-09-11 09:00:00,True,361.13875610500605,0.9,0.1,37,399,361.13875610500605,37,0,True,critical
2012-09-11 10:00:00,False,231.83065115440112,0.9,0.1,24,256,231.83065115440112,24,0,True,high
2012-09-11 11:00:00,False,230.84829238816735,0.9,0.1,24,255,230.84829238816735,24,0,True,high
2012-09-11 12:00:00,False,298.33764246864234,0.9,0.1,30,329,298.33764246864234,30,0,True,high
2012-09-11 13:00:00,False,310.081162004662,0.9,0.1,32,343,310.081162004662,32,0,True,high
2012-09-11 14:00:00,False,316.03894011544014,0.9,0.1,32,349,316.03894011544014,32,0,True,high
2012-09-11 15:00:00,False,292.9922492784993,0.9,0.1,30,323,292.9922492784993,30,0,True,high
2012-09-11 16:00:00,False,452.5769657287157,0.9,0.1,46,499,452.5769657287157,46,0,True,high
2012-09-11 17:00:00,True,833.2623948412697,0.9,0.1,84,918,833.2623948412697,84,0,True,critical
2012-09-11 18:00:00,True,822.7810232683988,0.9,0.1,83,906,822.7810232683988,83,0,True,critical
2012-09-11 19:00:00,True,634.5840335497838,0.9,0.1,64,699,634.5840335497838,64,0,True,critical
2012-09-11 20:00:00,False,448.934441017316,0.9,0.1,45,494,448.934441017316,45,0,True,high
2012-09-11 21:00:00,False,316.70392784992794,0.9,0.1,32,349,316.70392784992794,32,0,True,high
2012-09-11 22:00:00,False,217.72826269563774,0.9,0.1,22,240,217.72826269563774,22,0,True,high
2012-09-11 23:00:00,False,140.84436151348655,0.9,0.1,15,156,140.84436151348655,15,0,True,high
2012-09-12 00:00:00,False,47.57012111499609,0.9,0.1,5,53,47.57012111499609,5,0,True,high
2012-09-12 01:00:00,False,22.833563492063487,0.9,0.1,3,26,22.833563492063487,3,0,True,high
2012-09-12 02:00:00,False,8.980101523476524,0.9,0.1,1,10,8.980101523476524,1,0,True,high
2012-09-12 03:00:00,False,5.102890193140192,0.9,0.1,1,7,5.102890193140192,1,0,True,high
2012-09-12 04:00:00,False,6.328202824952829,0.9,0.1,1,8,6.328202824952829,1,0,True,high
2012-09-12 05:00:00,False,39.76803647741147,0.9,0.1,4,44,39.76803647741147,4,0,True,high
2012-09-12 06:00:00,False,179.84233777333785,0.9,0.1,18,198,179.84233777333785,18,0,True,high
2012-09-12 07:00:00,True,531.5762164502166,0.9,0.1,54,586,531.5762164502166,54,0,True,critical
2012-09-12 08:00:00,True,719.2557858946609,0.9,0.1,72,792,719.2557858946609,72,0,True,critical
2012-09-12 09:00:00,True,353.05816817904315,0.9,0.1,36,390,353.05816817904315,36,0,True,critical
2012-09-12 10:00:00,False,221.4090675296924,0.9,0.1,23,245,221.4090675296924,23,0,True,high
2012-09-12 11:00:00,False,244.02022753635254,0.9,0.1,25,270,244.02022753635254,25,0,True,high
2012-09-12 12:00:00,False,300.8999933261183,0.9,0.1,31,332,300.8999933261183,31,0,True,high
2012-09-12 13:00:00,False,342.99307968420464,0.9,0.1,35,378,342.99307968420464,35,0,True,high
2012-09-12 14:00:00,False,291.67901689976685,0.9,0.1,30,322,291.67901689976685,30,0,True,high
2012-09-12 15:00:00,False,285.9632976467976,0.9,0.1,29,315,285.9632976467976,29,0,True,high
2012-09-12 16:00:00,False,450.6936700382952,0.9,0.1,46,497,450.6936700382952,46,0,True,high
2012-09-12 17:00:00,True,824.9696865079366,0.9,0.1,83,908,824.9696865079366,83,0,True,critical
2012-09-12 18:00:00,True,828.4756044372294,0.9,0.1,83,912,828.4756044372294,83,0,True,critical
2012-09-12 19:00:00,True,710.513358225108,0.9,0.1,72,783,710.513358225108,72,0,True,critical
2012-09-12 20:00:00,False,469.5709217865469,0.9,0.1,47,517,469.5709217865469,47,0,True,high
2012-09-12 21:00:00,False,321.1346215034965,0.9,0.1,33,355,321.1346215034965,33,0,True,high
2012-09-12 22:00:00,False,228.20029292929294,0.9,0.1,23,252,228.20029292929294,23,0,True,high
2012-09-12 23:00:00,False,143.33133594877353,0.9,0.1,15,159,143.33133594877353,15,0,True,high
2012-09-13 00:00:00,False,62.43195003607503,0.9,0.1,7,70,62.43195003607503,7,0,True,high
2012-09-13 01:00:00,False,25.37752693140193,0.9,0.1,3,29,25.37752693140193,3,0,True,high
2012-09-13 02:00:00,False,12.89659163059163,0.9,0.1,2,15,12.89659163059163,2,0,True,high
2012-09-13 03:00:00,False,5.118097222222222,0.9,0.1,1,7,5.118097222222222,1,0,True,high
2012-09-13 04:00:00,False,6.764350649350647,0.9,0.1,1,8,6.764350649350647,1,0,True,high
2012-09-13 05:00:00,False,38.9550675019425,0.9,0.1,4,43,38.9550675019425,4,0,True,high
2012-09-13 06:00:00,False,179.1027133838384,0.9,0.1,18,198,179.1027133838384,18,0,True,high
2012-09-13 07:00:00,True,530.4312932900434,0.9,0.1,54,585,530.4312932900434,54,0,True,critical
2012-09-13 08:00:00,True,708.3396861471862,0.9,0.1,71,780,708.3396861471862,71,0,True,critical
2012-09-13 09:00:00,True,349.5102495421246,0.9,0.1,35,385,349.5102495421246,35,0,True,critical
2012-09-13 10:00:00,False,216.0664776334778,0.9,0.1,22,239,216.0664776334778,22,0,True,high
2012-09-13 11:00:00,False,244.30270336607836,0.9,0.1,25,270,244.30270336607836,25,0,True,high
2012-09-13 12:00:00,False,325.10333495671,0.9,0.1,33,359,325.10333495671,33,0,True,high
2012-09-13 13:00:00,False,340.28439209401716,0.9,0.1,35,376,340.28439209401716,35,0,True,high
2012-09-13 14:00:00,False,279.16585349372843,0.9,0.1,28,308,279.16585349372843,28,0,True,high
2012-09-13 15:00:00,False,299.4686349206349,0.9,0.1,30,330,299.4686349206349,30,0,True,high
2012-09-13 16:00:00,False,464.50751623376624,0.9,0.1,47,512,464.50751623376624,47,0,True,high
2012-09-13 17:00:00,True,827.6424852092349,0.9,0.1,83,911,827.6424852092349,83,0,True,critical
2012-09-13 18:00:00,True,824.7788598484851,0.9,0.1,83,908,824.7788598484851,83,0,True,critical
2012-09-13 19:00:00,True,613.6587442279944,0.9,0.1,62,676,613.6587442279944,62,0,True,critical
2012-09-13 20:00:00,False,480.8886877705632,0.9,0.1,49,530,480.8886877705632,49,0,True,high
2012-09-13 21:00:00,False,325.8932950937951,0.9,0.1,33,359,325.8932950937951,33,0,True,high
2012-09-13 22:00:00,False,225.7284727633479,0.9,0.1,23,249,225.7284727633479,23,0,True,high
2012-09-13 23:00:00,False,163.59238157675665,0.9,0.1,17,181,163.59238157675665,17,0,True,high
2012-09-14 00:00:00,False,96.84244715007219,0.9,0.1,10,107,96.84244715007219,10,0,True,high
2012-09-14 01:00:00,False,41.80617517205018,0.9,0.1,5,47,41.80617517205018,5,0,True,high
2012-09-14 02:00:00,False,17.30965548340548,0.9,0.1,2,20,17.30965548340548,2,0,True,high
2012-09-14 03:00:00,False,13.466563131313132,0.9,0.1,2,16,13.466563131313132,2,0,True,high
2012-09-14 04:00:00,False,8.332707972582973,0.9,0.1,1,10,8.332707972582973,1,0,True,high
2012-09-14 05:00:00,False,36.109294622044615,0.9,0.1,4,41,36.109294622044615,4,0,True,high
2012-09-14 06:00:00,False,166.25637185037192,0.9,0.1,17,184,166.25637185037192,17,0,True,high
2012-09-14 07:00:00,True,430.5502603091356,0.9,0.1,44,475,430.5502603091356,44,0,True,critical
2012-09-14 08:00:00,True,678.4912803030304,0.9,0.1,68,747,678.4912803030304,68,0,True,critical
2012-09-14 09:00:00,True,361.1689206349206,0.9,0.1,37,399,361.1689206349206,37,0,True,critical
2012-09-14 10:00:00,False,237.87262666500158,0.9,0.1,24,262,237.87262666500158,24,0,True,high
2012-09-14 11:00:00,False,288.475548160173,0.9,0.1,29,318,288.475548160173,29,0,True,high
2012-09-14 12:00:00,False,358.4675926434675,0.9,0.1,36,395,358.4675926434675,36,0,True,high
2012-09-14 13:00:00,False,436.13073611111116,0.9,0.1,44,481,436.13073611111116,44,0,True,high
2012-09-14 14:00:00,False,376.116906954157,0.9,0.1,38,415,376.116906954157,38,0,True,high
2012-09-14 15:00:00,False,401.1432324619824,0.9,0.1,41,443,401.1432324619824,41,0,True,high
2012-09-14 16:00:00,False,465.55591335053833,0.9,0.1,47,513,465.55591335053833,47,0,True,high
2012-09-14 17:00:00,True,796.6060685425684,0.9,0.1,80,877,796.6060685425684,80,0,True,critical
2012-09-14 18:00:00,True,796.495417027417,0.9,0.1,80,877,796.495417027417,80,0,True,critical
2012-09-14 19:00:00,True,616.4950672799422,0.9,0.1,62,679,616.4950672799422,62,0,True,critical
2012-09-14 20:00:00,False,444.2648250360751,0.9,0.1,45,490,444.2648250360751,45,0,True,high
2012-09-14 21:00:00,False,307.70510166222664,0.9,0.1,31,339,307.70510166222664,31,0,True,high
2012-09-14 22:00:00,False,221.59230609668103,0.9,0.1,23,245,221.59230609668103,23,0,True,high
2012-09-14 23:00:00,False,178.3079439935065,0.9,0.1,18,197,178.3079439935065,18,0,True,high
2012-09-15 00:00:00,False,142.85816865079374,0.9,0.1,15,158,142.85816865079374,15,0,True,high
2012-09-15 01:00:00,False,122.29926677489183,0.9,0.1,13,136,122.29926677489183,13,0,True,high
2012-09-15 02:00:00,False,79.16971067821069,0.9,0.1,8,88,79.16971067821069,8,0,True,high
2012-09-15 03:00:00,False,47.85156222943722,0.9,0.1,5,53,47.85156222943722,5,0,True,high
2012-09-15 04:00:00,False,13.785529040404038,0.9,0.1,2,16,13.785529040404038,2,0,True,high
2012-09-15 05:00:00,False,15.052844558219565,0.9,0.1,2,18,15.052844558219565,2,0,True,high
2012-09-15 06:00:00,False,39.6851323953824,0.9,0.1,4,44,39.6851323953824,4,0,True,high
2012-09-15 07:00:00,True,65.63178825341325,0.9,0.1,7,73,65.63178825341325,7,0,True,critical
2012-09-15 08:00:00,True,175.9425321067821,0.9,0.1,18,194,175.9425321067821,18,0,True,critical
2012-09-15 09:00:00,True,306.73752124264627,0.9,0.1,31,338,306.73752124264627,31,0,True,critical
2012-09-15 10:00:00,False,427.0230403762903,0.9,0.1,43,471,427.0230403762903,43,0,True,high
2012-09-15 11:00:00,False,525.4253086080586,0.9,0.1,53,579,525.4253086080586,53,0,True,high
2012-09-15 12:00:00,False,589.6235009018761,0.9,0.1,59,649,589.6235009018761,59,0,True,high
2012-09-15 13:00:00,False,605.5800307609057,0.9,0.1,61,667,605.5800307609057,61,0,True,high
2012-09-15 14:00:00,False,637.056300851926,0.9,0.1,64,702,637.056300851926,64,0,True,high
2012-09-15 15:00:00,False,609.6727755300254,0.9,0.1,61,671,609.6727755300254,61,0,True,high
2012-09-15 16:00:00,False,566.5927389277389,0.9,0.1,57,624,566.5927389277389,57,0,True,high
2012-09-15 17:00:00,True,621.1066873959372,0.9,0.1,63,685,621.1066873959372,63,0,True,critical
2012-09-15 18:00:00,True,615.046477078477,0.9,0.1,62,678,615.046477078477,62,0,True,critical
2012-09-15 19:00:00,True,549.0512557720061,0.9,0.1,55,605,549.0512557720061,55,0,True,critical
2012-09-15 20:00:00,False,411.13227597402596,0.9,0.1,42,454,411.13227597402596,42,0,True,high
2012-09-15 21:00:00,False,270.17857668720166,0.9,0.1,28,299,270.17857668720166,28,0,True,high
2012-09-15 22:00:00,False,249.26367001054498,0.9,0.1,25,275,249.26367001054498,25,0,True,high
2012-09-15 23:00:00,False,211.2084586108336,0.9,0.1,22,234,211.2084586108336,22,0,True,high
2012-09-16 00:00:00,False,177.8165808219558,0.9,0.1,18,196,177.8165808219558,18,0,True,high
2012-09-16 01:00:00,False,113.65384397546896,0.9,0.1,12,126,113.65384397546896,12,0,True,high
2012-09-16 02:00:00,False,88.9381532495282,0.9,0.1,9,98,88.9381532495282,9,0,True,high
2012-09-16 03:00:00,False,47.15290924353424,0.9,0.1,5,53,47.15290924353424,5,0,True,high
2012-09-16 04:00:00,False,16.044131826506838,0.9,0.1,2,19,16.044131826506838,2,0,True,high
2012-09-16 05:00:00,False,26.304109806859792,0.9,0.1,3,30,26.304109806859792,3,0,True,high
2012-09-16 06:00:00,False,32.056586399711406,0.9,0.1,4,37,32.056586399711406,4,0,True,high
2012-09-16 07:00:00,True,74.96501695526696,0.9,0.1,8,83,74.96501695526696,8,0,True,critical
2012-09-16 08:00:00,True,157.5450777417028,0.9,0.1,16,174,157.5450777417028,16,0,True,critical
2012-09-16 09:00:00,True,246.76494209956712,0.9,0.1,25,272,246.76494209956712,25,0,True,critical
2012-09-16 10:00:00,False,424.7462478354979,0.9,0.1,43,468,424.7462478354979,43,0,True,high
2012-09-16 11:00:00,False,539.3819533244532,0.9,0.1,54,594,539.3819533244532,54,0,True,high
2012-09-16 12:00:00,False,576.6617245670993,0.9,0.1,58,635,576.6617245670993,58,0,True,high
2012-09-16 13:00:00,False,593.5760490620489,0.9,0.1,60,654,593.5760490620489,60,0,True,high
2012-09-16 14:00:00,False,601.001756132756,0.9,0.1,61,663,601.001756132756,61,0,True,high
2012-09-16 15:00:00,False,587.4938264790763,0.9,0.1,59,647,587.4938264790763,59,0,True,high
2012-09-16 16:00:00,False,578.009929168054,0.9,0.1,58,637,578.009929168054,58,0,True,high
2012-09-16 17:00:00,True,588.0608725857478,0.9,0.1,59,648,588.0608725857478,59,0,True,critical
2012-09-16 18:00:00,True,529.6228466810968,0.9,0.1,53,583,529.6228466810968,53,0,True,critical
2012-09-16 19:00:00,True,432.9662406204906,0.9,0.1,44,477,432.9662406204906,44,0,True,critical
2012-09-16 20:00:00,False,341.7924742063492,0.9,0.1,35,377,341.7924742063492,35,0,True,high
2012-09-16 21:00:00,False,266.0373470695972,0.9,0.1,27,294,266.0373470695972,27,0,True,high
2012-09-16 22:00:00,False,176.611198051948,0.9,0.1,18,195,176.611198051948,18,0,True,high
2012-09-16 23:00:00,False,104.69178540903542,0.9,0.1,11,116,104.69178540903542,11,0,True,high
2012-09-17 00:00:00,False,59.472717532467534,0.9,0.1,6,66,59.472717532467534,6,0,True,high
2012-09-17 01:00:00,False,22.409883366633363,0.9,0.1,3,26,22.409883366633363,3,0,True,high
2012-09-17 02:00:00,False,11.639676587301592,0.9,0.1,2,14,11.639676587301592,2,0,True,high
2012-09-17 03:00:00,False,6.618948038073041,0.9,0.1,1,8,6.618948038073041,1,0,True,high
2012-09-17 04:00:00,False,6.262110847485848,0.9,0.1,1,8,6.262110847485848,1,0,True,high
2012-09-17 05:00:00,False,35.06173372460873,0.9,0.1,4,40,35.06173372460873,4,0,True,high
2012-09-17 06:00:00,False,163.57300822788318,0.9,0.1,17,181,163.57300822788318,17,0,True,high
2012-09-17 07:00:00,True,455.60966582029096,0.9,0.1,46,502,455.60966582029096,46,0,True,critical
2012-09-17 08:00:00,True,660.3126175907423,0.9,0.1,67,728,660.3126175907423,67,0,True,critical
2012-09-17 09:00:00,True,367.0706491702739,0.9,0.1,37,405,367.0706491702739,37,0,True,critical
2012-09-17 10:00:00,False,217.80274041236538,0.9,0.1,22,240,217.80274041236538,22,0,True,high
2012-09-17 11:00:00,False,224.097662060162,0.9,0.1,23,248,224.097662060162,23,0,True,high
2012-09-17 12:00:00,False,333.1143226911977,0.9,0.1,34,368,333.1143226911977,34,0,True,high
2012-09-17 13:00:00,False,454.7142023809523,0.9,0.1,46,501,454.7142023809523,46,0,True,high
2012-09-17 14:00:00,False,444.6509278083028,0.9,0.1,45,490,444.6509278083028,45,0,True,high
2012-09-17 15:00:00,False,384.79852039627025,0.9,0.1,39,424,384.79852039627025,39,0,True,high
2012-09-17 16:00:00,False,502.9579466089467,0.9,0.1,51,554,502.9579466089467,51,0,True,high
2012-09-17 17:00:00,True,741.1856493506489,0.9,0.1,75,817,741.1856493506489,75,0,True,critical
2012-09-17 18:00:00,True,721.7110216450214,0.9,0.1,73,795,721.7110216450214,73,0,True,critical
2012-09-17 19:00:00,True,650.7451727855478,0.9,0.1,66,717,650.7451727855478,66,0,True,critical
2012-09-17 20:00:00,False,391.2767429653678,0.9,0.1,40,432,391.2767429653678,40,0,True,high
2012-09-17 21:00:00,False,245.82275234487741,0.9,0.1,25,271,245.82275234487741,25,0,True,high
2012-09-17 22:00:00,False,160.25367322954816,0.9,0.1,17,178,160.25367322954816,17,0,True,high
2012-09-17 23:00:00,False,84.23834523809525,0.9,0.1,9,94,84.23834523809525,9,0,True,high
2012-09-18 00:00:00,False,43.41985087135088,0.9,0.1,5,49,43.41985087135088,5,0,True,high
2012-09-18 01:00:00,False,13.811262626262625,0.9,0.1,2,16,13.811262626262625,2,0,True,high
2012-09-18 02:00:00,False,9.228567127317126,0.9,0.1,1,11,9.228567127317126,1,0,True,high
2012-09-18 03:00:00,False,5.5499170551670565,0.9,0.1,1,7,5.5499170551670565,1,0,True,high
2012-09-18 04:00:00,False,6.496431832056832,0.9,0.1,1,8,6.496431832056832,1,0,True,high
2012-09-18 05:00:00,False,40.7129108946609,0.9,0.1,5,46,40.7129108946609,5,0,True,high
2012-09-18 06:00:00,False,179.694797008547,0.9,0.1,18,198,179.694797008547,18,0,True,high
2012-09-18 07:00:00,True,455.04381424131424,0.9,0.1,46,502,455.04381424131424,46,0,True,critical
2012-09-18 08:00:00,True,692.2779923132423,0.9,0.1,70,763,692.2779923132423,70,0,True,critical
2012-09-18 09:00:00,True,318.82921392496394,0.9,0.1,32,351,318.82921392496394,32,0,True,critical
2012-09-18 10:00:00,False,204.55686796536796,0.9,0.1,21,226,204.55686796536796,21,0,True,high
2012-09-18 11:00:00,False,202.8745638528137,0.9,0.1,21,224,202.8745638528137,21,0,True,high
2012-09-18 12:00:00,False,189.58436915861924,0.9,0.1,19,209,189.58436915861924,19,0,True,high
2012-09-18 13:00:00,False,197.14670833333338,0.9,0.1,20,218,197.14670833333338,20,0,True,high
2012-09-18 14:00:00,False,114.40795933233431,0.9,0.1,12,127,114.40795933233431,12,0,True,high
2012-09-18 15:00:00,False,180.4274752886004,0.9,0.1,19,200,180.4274752886004,19,0,True,high
2012-09-18 16:00:00,False,43.576723845598856,0.9,0.1,5,49,43.576723845598856,5,0,True,high
2012-09-18 17:00:00,True,265.65542511655,0.9,0.1,27,293,265.65542511655,27,0,True,critical
2012-09-18 18:00:00,True,665.8205811965812,0.9,0.1,67,733,665.8205811965812,67,0,True,critical
2012-09-18 19:00:00,True,434.2848688949939,0.9,0.1,44,479,434.2848688949939,44,0,True,critical
2012-09-18 20:00:00,False,323.30363929126423,0.9,0.1,33,357,323.30363929126423,33,0,True,high
2012-09-18 21:00:00,False,219.94326023976032,0.9,0.1,22,242,219.94326023976032,22,0,True,high
2012-09-18 22:00:00,False,132.40757702020207,0.9,0.1,14,147,132.40757702020207,14,0,True,high
2012-09-18 23:00:00,False,100.25459358696861,0.9,0.1,11,112,100.25459358696861,11,0,True,high
2012-09-19 00:00:00,False,51.071209595959616,0.9,0.1,6,58,51.071209595959616,6,0,True,high
2012-09-19 01:00:00,False,12.320035894660888,0.9,0.1,2,15,12.320035894660888,2,0,True,high
2012-09-19 02:00:00,False,9.900038891663888,0.9,0.1,1,11,9.900038891663888,1,0,True,high
2012-09-19 03:00:00,False,5.375221764346763,0.9,0.1,1,7,5.375221764346763,1,0,True,high
2012-09-19 04:00:00,False,5.792111555111555,0.9,0.1,1,7,5.792111555111555,1,0,True,high
2012-09-19 05:00:00,False,39.77373502886003,0.9,0.1,4,44,39.77373502886003,4,0,True,high
2012-09-19 06:00:00,False,182.23161392773892,0.9,0.1,19,202,182.23161392773892,19,0,True,high
2012-09-19 07:00:00,True,530.6741453823957,0.9,0.1,54,585,530.6741453823957,54,0,True,critical
2012-09-19 08:00:00,True,664.747814907315,0.9,0.1,67,732,664.747814907315,67,0,True,critical
2012-09-19 09:00:00,True,338.15840392940385,0.9,0.1,34,373,338.15840392940385,34,0,True,critical
2012-09-19 10:00:00,False,218.2905211038961,0.9,0.1,22,241,218.2905211038961,22,0,True,high
2012-09-19 11:00:00,False,227.1013999889001,0.9,0.1,23,251,227.1013999889001,23,0,True,high
2012-09-19 12:00:00,False,302.21748069985574,0.9,0.1,31,334,302.21748069985574,31,0,True,high
2012-09-19 13:00:00,False,344.61722492785,0.9,0.1,35,380,344.61722492785,35,0,True,high
2012-09-19 14:00:00,False,268.0011337412586,0.9,0.1,27,296,268.0011337412586,27,0,True,high
2012-09-19 15:00:00,False,291.8530146103897,0.9,0.1,30,322,291.8530146103897,30,0,True,high
2012-09-19 16:00:00,False,451.30851881451895,0.9,0.1,46,498,451.30851881451895,46,0,True,high
2012-09-19 17:00:00,True,783.4533686868688,0.9,0.1,79,863,783.4533686868688,79,0,True,critical
2012-09-19 18:00:00,True,749.3029811438562,0.9,0.1,75,825,749.3029811438562,75,0,True,critical
2012-09-19 19:00:00,True,637.4611713564216,0.9,0.1,64,702,637.4611713564216,64,0,True,critical
2012-09-19 20:00:00,False,461.24502915140425,0.9,0.1,47,509,461.24502915140425,47,0,True,high
2012-09-19 21:00:00,False,289.67661832611833,0.9,0.1,29,319,289.67661832611833,29,0,True,high
2012-09-19 22:00:00,False,230.40039989177478,0.9,0.1,24,255,230.40039989177478,24,0,True,high
2012-09-19 23:00:00,False,153.17465263902773,0.9,0.1,16,170,153.17465263902773,16,0,True,high
2012-09-20 00:00:00,False,55.85863834776338,0.9,0.1,6,62,55.85863834776338,6,0,True,high
2012-09-20 01:00:00,False,26.53952217227217,0.9,0.1,3,30,26.53952217227217,3,0,True,high
2012-09-20 02:00:00,False,10.040999410311914,0.9,0.1,2,13,10.040999410311914,2,0,True,high
2012-09-20 03:00:00,False,5.328983807858808,0.9,0.1,1,7,5.328983807858808,1,0,True,high
2012-09-20 04:00:00,False,6.193455710955709,0.9,0.1,1,8,6.193455710955709,1,0,True,high
2012-09-20 05:00:00,False,41.30740101565103,0.9,0.1,5,47,41.30740101565103,5,0,True,high
2012-09-20 06:00:00,False,177.63419841269842,0.9,0.1,18,196,177.63419841269842,18,0,True,high
2012-09-20 07:00:00,True,527.7070160533914,0.9,0.1,53,581,527.7070160533914,53,0,True,critical
2012-09-20 08:00:00,True,683.420719086469,0.9,0.1,69,753,683.420719086469,69,0,True,critical
2012-09-20 09:00:00,True,362.97300875513355,0.9,0.1,37,400,362.97300875513355,37,0,True,critical
2012-09-20 10:00:00,False,213.21969737207243,0.9,0.1,22,236,213.21969737207243,22,0,True,high
2012-09-20 11:00:00,False,231.09766125541128,0.9,0.1,24,256,231.09766125541128,24,0,True,high
2012-09-20 12:00:00,False,298.9892129259629,0.9,0.1,30,329,298.9892129259629,30,0,True,high
2012-09-20 13:00:00,False,311.7275641719392,0.9,0.1,32,344,311.7275641719392,32,0,True,high
2012-09-20 14:00:00,False,323.6159891774891,0.9,0.1,33,357,323.6159891774891,33,0,True,high
2012-09-20 15:00:00,False,307.2486323953824,0.9,0.1,31,339,307.2486323953824,31,0,True,high
2012-09-20 16:00:00,False,456.82698124098135,0.9,0.1,46,503,456.82698124098135,46,0,True,high
2012-09-20 17:00:00,True,820.836603354979,0.9,0.1,83,904,820.836603354979,83,0,True,critical
2012-09-20 18:00:00,True,821.1222173520927,0.9,0.1,83,905,821.1222173520927,83,0,True,critical
2012-09-20 19:00:00,True,645.4865658508161,0.9,0.1,65,711,645.4865658508161,65,0,True,critical
2012-09-20 20:00:00,False,464.4745544733045,0.9,0.1,47,512,464.4745544733045,47,0,True,high
2012-09-20 21:00:00,False,319.74999604562123,0.9,0.1,32,352,319.74999604562123,32,0,True,high
2012-09-20 22:00:00,False,223.42255354367862,0.9,0.1,23,247,223.42255354367862,23,0,True,high
2012-09-20 23:00:00,False,178.63866720779208,0.9,0.1,18,197,178.63866720779208,18,0,True,high
2012-09-21 00:00:00,False,85.00572168109666,0.9,0.1,9,95,85.00572168109666,9,0,True,high
2012-09-21 01:00:00,False,31.291783674658664,0.9,0.1,4,36,31.291783674658664,4,0,True,high
2012-09-21 02:00:00,False,24.398862179487175,0.9,0.1,3,28,24.398862179487175,3,0,True,high
2012-09-21 03:00:00,False,6.384266053391058,0.9,0.1,1,8,6.384266053391058,1,0,True,high
2012-09-21 04:00:00,False,7.257841630591627,0.9,0.1,1,9,7.257841630591627,1,0,True,high
2012-09-21 05:00:00,False,38.43409036796536,0.9,0.1,4,43,38.43409036796536,4,0,True,high
2012-09-21 06:00:00,False,169.54158308358308,0.9,0.1,17,187,169.54158308358308,17,0,True,high
2012-09-21 07:00:00,True,436.6475916860919,0.9,0.1,44,481,436.6475916860919,44,0,True,critical
2012-09-21 08:00:00,True,679.5830244616492,0.9,0.1,68,748,679.5830244616492,68,0,True,critical
2012-09-21 09:00:00,True,364.7561178821176,0.9,0.1,37,402,364.7561178821176,37,0,True,critical
2012-09-21 10:00:00,False,252.38952813852805,0.9,0.1,26,279,252.38952813852805,26,0,True,high
2012-09-21 11:00:00,False,247.44422817460315,0.9,0.1,25,273,247.44422817460315,25,0,True,high
2012-09-21 12:00:00,False,362.831452172827,0.9,0.1,37,400,362.831452172827,37,0,True,high
2012-09-21 13:00:00,False,416.41143646631144,0.9,0.1,42,459,416.41143646631144,42,0,True,high
2012-09-21 14:00:00,False,390.05355952380955,0.9,0.1,40,431,390.05355952380955,40,0,True,high
2012-09-21 15:00:00,False,389.98522974247976,0.9,0.1,39,429,389.98522974247976,39,0,True,high
2012-09-21 16:00:00,False,520.8142628066378,0.9,0.1,53,574,520.8142628066378,53,0,True,high
2012-09-21 17:00:00,True,797.453274891775,0.9,0.1,80,878,797.453274891775,80,0,True,critical
2012-09-21 18:00:00,True,792.242617063492,0.9,0.1,80,873,792.242617063492,80,0,True,critical
2012-09-21 19:00:00,True,555.8062164502167,0.9,0.1,56,612,555.8062164502167,56,0,True,critical
2012-09-21 20:00:00,False,436.16839248689894,0.9,0.1,44,481,436.16839248689894,44,0,True,high
2012-09-21 21:00:00,False,278.3098547979799,0.9,0.1,28,307,278.3098547979799,28,0,True,high
2012-09-21 22:00:00,False,230.3323938145188,0.9,0.1,24,255,230.3323938145188,24,0,True,high
2012-09-21 23:00:00,False,199.05837914862926,0.9,0.1,20,220,199.05837914862926,20,0,True,high
2012-09-22 00:00:00,False,130.21643344155845,0.9,0.1,14,145,130.21643344155845,14,0,True,high
2012-09-22 01:00:00,False,118.43745544733046,0.9,0.1,12,131,118.43745544733046,12,0,True,high
2012-09-22 02:00:00,False,82.44801244588746,0.9,0.1,9,92,82.44801244588746,9,0,True,high
2012-09-22 03:00:00,False,31.122700036075035,0.9,0.1,4,36,31.122700036075035,4,0,True,high
2012-09-22 04:00:00,False,11.264873667998673,0.9,0.1,2,14,11.264873667998673,2,0,True,high
2012-09-22 05:00:00,False,15.310780330780329,0.9,0.1,2,18,15.310780330780329,2,0,True,high
2012-09-22 06:00:00,False,36.163528679653666,0.9,0.1,4,41,36.163528679653666,4,0,True,high
2012-09-22 07:00:00,True,89.14202020202019,0.9,0.1,9,99,89.14202020202019,9,0,True,critical
2012-09-22 08:00:00,True,180.76325468975466,0.9,0.1,19,200,180.76325468975466,19,0,True,critical
2012-09-22 09:00:00,True,303.11217239704735,0.9,0.1,31,335,303.11217239704735,31,0,True,critical
2012-09-22 10:00:00,False,422.0543648157397,0.9,0.1,43,466,422.0543648157397,43,0,True,high
2012-09-22 11:00:00,False,531.8921495171496,0.9,0.1,54,586,531.8921495171496,54,0,True,high
2012-09-22 12:00:00,False,613.2040282495283,0.9,0.1,62,676,613.2040282495283,62,0,True,high
2012-09-22 13:00:00,False,586.3779811577314,0.9,0.1,59,646,586.3779811577314,59,0,True,high
2012-09-22 14:00:00,False,598.3381029803533,0.9,0.1,60,659,598.3381029803533,60,0,True,high
2012-09-22 15:00:00,False,615.087970695971,0.9,0.1,62,678,615.087970695971,62,0,True,high
2012-09-22 16:00:00,False,594.5452140220891,0.9,0.1,60,655,594.5452140220891,60,0,True,high
2012-09-22 17:00:00,True,681.219406621157,0.9,0.1,69,751,681.219406621157,69,0,True,critical
2012-09-22 18:00:00,True,601.4503032661781,0.9,0.1,61,663,601.4503032661781,61,0,True,critical
2012-09-22 19:00:00,True,533.9150287074041,0.9,0.1,54,588,533.9150287074041,54,0,True,critical
2012-09-22 20:00:00,False,354.7181547619048,0.9,0.1,36,391,354.7181547619048,36,0,True,high
2012-09-22 21:00:00,False,302.3628729187478,0.9,0.1,31,334,302.3628729187478,31,0,True,high
2012-09-22 22:00:00,False,278.7737303391054,0.9,0.1,28,307,278.7737303391054,28,0,True,high
2012-09-22 23:00:00,False,209.94266360028868,0.9,0.1,21,231,209.94266360028868,21,0,True,high
2012-09-23 00:00:00,False,131.6335333694083,0.9,0.1,14,146,131.6335333694083,14,0,True,high
2012-09-23 01:00:00,False,130.77966089466094,0.9,0.1,14,145,130.77966089466094,14,0,True,high
2012-09-23 02:00:00,False,103.45845616883122,0.9,0.1,11,115,103.45845616883122,11,0,True,high
2012-09-23 03:00:00,False,58.15413378288378,0.9,0.1,6,65,58.15413378288378,6,0,True,high
2012-09-23 04:00:00,False,17.01438431013431,0.9,0.1,2,20,17.01438431013431,2,0,True,high
2012-09-23 05:00:00,False,11.935257756132758,0.9,0.1,2,14,11.935257756132758,2,0,True,high
2012-09-23 06:00:00,False,20.043330919080905,0.9,0.1,3,24,20.043330919080905,3,0,True,high
2012-09-23 07:00:00,True,47.01552029914531,0.9,0.1,5,53,47.01552029914531,5,0,True,critical
2012-09-23 08:00:00,True,134.06809938672438,0.9,0.1,14,149,134.06809938672438,14,0,True,critical
2012-09-23 09:00:00,True,299.1300037878789,0.9,0.1,30,330,299.1300037878789,30,0,True,critical
2012-09-23 10:00:00,False,410.4186761849263,0.9,0.1,42,453,410.4186761849263,42,0,True,high
2012-09-23 11:00:00,False,532.3597067099569,0.9,0.1,54,587,532.3597067099569,54,0,True,high
2012-09-23 12:00:00,False,573.9323118825619,0.9,0.1,58,632,573.9323118825619,58,0,True,high
2012-09-23 13:00:00,False,592.3032343212342,0.9,0.1,60,653,592.3032343212342,60,0,True,high
2012-09-23 14:00:00,False,625.300964022089,0.9,0.1,63,689,625.300964022089,63,0,True,high
2012-09-23 15:00:00,False,639.0726985930735,0.9,0.1,64,704,639.0726985930735,64,0,True,high
2012-09-23 16:00:00,False,616.3033724886227,0.9,0.1,62,679,616.3033724886227,62,0,True,high
2012-09-23 17:00:00,True,613.3884484126982,0.9,0.1,62,676,613.3884484126982,62,0,True,critical
2012-09-23 18:00:00,True,593.3636415945165,0.9,0.1,60,654,593.3636415945165,60,0,True,critical
2012-09-23 19:00:00,True,450.41240331890333,0.9,0.1,46,497,450.41240331890333,46,0,True,critical
2012-09-23 20:00:00,False,352.8258841991343,0.9,0.1,36,389,352.8258841991343,36,0,True,high
2012-09-23 21:00:00,False,229.30931260406257,0.9,0.1,23,253,229.30931260406257,23,0,True,high
2012-09-23 22:00:00,False,178.8291084054834,0.9,0.1,18,197,178.8291084054834,18,0,True,high
2012-09-23 23:00:00,False,107.53842174492172,0.9,0.1,11,119,107.53842174492172,11,0,True,high
2012-09-24 00:00:00,False,55.69059776334775,0.9,0.1,6,62,55.69059776334775,6,0,True,high
2012-09-24 01:00:00,False,35.79417873792874,0.9,0.1,4,40,35.79417873792874,4,0,True,high
2012-09-24 02:00:00,False,10.974359668109667,0.9,0.1,2,13,10.974359668109667,2,0,True,high
2012-09-24 03:00:00,False,5.471065157065156,0.9,0.1,1,7,5.471065157065156,1,0,True,high
2012-09-24 04:00:00,False,5.893531926406927,0.9,0.1,1,7,5.893531926406927,1,0,True,high
2012-09-24 05:00:00,False,37.27863523976025,0.9,0.1,4,42,37.27863523976025,4,0,True,high
2012-09-24 06:00:00,False,157.9152644993896,0.9,0.1,16,174,157.9152644993896,16,0,True,high
2012-09-24 07:00:00,True,507.374104617605,0.9,0.1,51,559,507.374104617605,51,0,True,critical
2012-09-24 08:00:00,True,653.3912915556666,0.9,0.1,66,720,653.3912915556666,66,0,True,critical
2012-09-24 09:00:00,True,364.09859480796985,0.9,0.1,37,402,364.09859480796985,37,0,True,critical
2012-09-24 10:00:00,False,243.0529427655679,0.9,0.1,25,269,243.0529427655679,25,0,True,high
2012-09-24 11:00:00,False,230.8250009851259,0.9,0.1,24,255,230.8250009851259,24,0,True,high
2012-09-24 12:00:00,False,445.44123575036065,0.9,0.1,45,491,445.44123575036065,45,0,True,high
2012-09-24 13:00:00,False,564.8282313797313,0.9,0.1,57,622,564.8282313797313,57,0,True,high
2012-09-24 14:00:00,False,452.2205602453103,0.9,0.1,46,499,452.2205602453103,46,0,True,high
2012-09-24 15:00:00,False,393.69781172993675,0.9,0.1,40,434,393.69781172993675,40,0,True,high
2012-09-24 16:00:00,False,507.4514724025975,0.9,0.1,51,559,507.4514724025975,51,0,True,high
2012-09-24 17:00:00,True,739.1345560966806,0.9,0.1,74,814,739.1345560966806,74,0,True,critical
2012-09-24 18:00:00,True,690.6657385392384,0.9,0.1,70,761,690.6657385392384,70,0,True,critical
2012-09-24 19:00:00,True,571.7794946303694,0.9,0.1,58,630,571.7794946303694,58,0,True,critical
2012-09-24 20:00:00,False,390.9956715367965,0.9,0.1,40,431,390.9956715367965,40,0,True,high
2012-09-24 21:00:00,False,307.178483044733,0.9,0.1,31,339,307.178483044733,31,0,True,high
2012-09-24 22:00:00,False,206.2859285714286,0.9,0.1,21,228,206.2859285714286,21,0,True,high
2012-09-24 23:00:00,False,117.80466576479076,0.9,0.1,12,130,117.80466576479076,12,0,True,high
2012-09-25 00:00:00,False,56.76284265734265,0.9,0.1,6,63,56.76284265734265,6,0,True,high
2012-09-25 01:00:00,False,28.22597365134865,0.9,0.1,3,32,28.22597365134865,3,0,True,high
2012-09-25 02:00:00,False,8.60906096681097,0.9,0.1,1,10,8.60906096681097,1,0,True,high
2012-09-25 03:00:00,False,6.09962445887446,0.9,0.1,1,8,6.09962445887446,1,0,True,high
2012-09-25 04:00:00,False,5.325330447330447,0.9,0.1,1,7,5.325330447330447,1,0,True,high
2012-09-25 05:00:00,False,37.101322330447346,0.9,0.1,4,42,37.101322330447346,4,0,True,high
2012-09-25 06:00:00,False,183.13217200854706,0.9,0.1,19,203,183.13217200854706,19,0,True,high
2012-09-25 07:00:00,True,531.3105606370754,0.9,0.1,54,586,531.3105606370754,54,0,True,critical
2012-09-25 08:00:00,True,665.5407066683318,0.9,0.1,67,733,665.5407066683318,67,0,True,critical
2012-09-25 09:00:00,True,378.7164906898655,0.9,0.1,38,417,378.7164906898655,38,0,True,critical
2012-09-25 10:00:00,False,250.1668400974027,0.9,0.1,26,277,250.1668400974027,26,0,True,high
2012-09-25 11:00:00,False,210.5244163059164,0.9,0.1,22,233,210.5244163059164,22,0,True,high
2012-09-25 12:00:00,False,272.50156904206915,0.9,0.1,28,301,272.50156904206915,28,0,True,high
2012-09-25 13:00:00,False,339.46692780830284,0.9,0.1,34,374,339.46692780830284,34,0,True,high
2012-09-25 14:00:00,False,294.2296151764902,0.9,0.1,30,325,294.2296151764902,30,0,True,high
2012-09-25 15:00:00,False,300.702856962482,0.9,0.1,31,332,300.702856962482,31,0,True,high
2012-09-25 16:00:00,False,439.9252245670994,0.9,0.1,44,484,439.9252245670994,44,0,True,high
2012-09-25 17:00:00,True,739.8264256854258,0.9,0.1,74,814,739.8264256854258,74,0,True,critical
2012-09-25 18:00:00,True,744.7066230158733,0.9,0.1,75,820,744.7066230158733,75,0,True,critical
2012-09-25 19:00:00,True,611.652797785548,0.9,0.1,62,674,611.652797785548,62,0,True,critical
2012-09-25 20:00:00,False,411.3205555555557,0.9,0.1,42,454,411.3205555555557,42,0,True,high
2012-09-25 21:00:00,False,312.3022595113222,0.9,0.1,32,345,312.3022595113222,32,0,True,high
2012-09-25 22:00:00,False,221.731132020757,0.9,0.1,23,245,221.731132020757,23,0,True,high
2012-09-25 23:00:00,False,113.93184235209233,0.9,0.1,12,126,113.93184235209233,12,0,True,high
2012-09-26 00:00:00,False,60.99908941058942,0.9,0.1,7,68,60.99908941058942,7,0,True,high
2012-09-26 01:00:00,False,21.961435425685426,0.9,0.1,3,25,21.961435425685426,3,0,True,high
2012-09-26 02:00:00,False,13.524910839160844,0.9,0.1,2,16,13.524910839160844,2,0,True,high
2012-09-26 03:00:00,False,7.21180561105561,0.9,0.1,1,9,7.21180561105561,1,0,True,high
2012-09-26 04:00:00,False,5.973721230158733,0.9,0.1,1,7,5.973721230158733,1,0,True,high
2012-09-26 05:00:00,False,37.974238997113986,0.9,0.1,4,42,37.974238997113986,4,0,True,high
2012-09-26 06:00:00,False,178.4897663447664,0.9,0.1,18,197,178.4897663447664,18,0,True,high
2012-09-26 07:00:00,True,529.2625418470421,0.9,0.1,53,583,529.2625418470421,53,0,True,critical
2012-09-26 08:00:00,True,736.184892080142,0.9,0.1,74,811,736.184892080142,74,0,True,critical
2012-09-26 09:00:00,True,448.76441297591276,0.9,0.1,45,494,448.76441297591276,45,0,True,critical
2012-09-26 10:00:00,False,198.13734451659448,0.9,0.1,20,219,198.13734451659448,20,0,True,high
2012-09-26 11:00:00,False,218.22583838383852,0.9,0.1,22,241,218.22583838383852,22,0,True,high
2012-09-26 12:00:00,False,284.0349357864356,0.9,0.1,29,314,284.0349357864356,29,0,True,high
2012-09-26 13:00:00,False,358.6647141747142,0.9,0.1,36,395,358.6647141747142,36,0,True,high
2012-09-26 14:00:00,False,376.4275653651904,0.9,0.1,38,415,376.4275653651904,38,0,True,high
2012-09-26 15:00:00,False,342.9154243256742,0.9,0.1,35,378,342.9154243256742,35,0,True,high
2012-09-26 16:00:00,False,482.76880526418034,0.9,0.1,49,532,482.76880526418034,49,0,True,high
2012-09-26 17:00:00,True,835.3990959595959,0.9,0.1,84,920,835.3990959595959,84,0,True,critical
2012-09-26 18:00:00,True,820.4873676046184,0.9,0.1,83,904,820.4873676046184,83,0,True,critical
2012-09-26 19:00:00,True,682.4752561327564,0.9,0.1,69,752,682.4752561327564,69,0,True,critical
2012-09-26 20:00:00,False,465.1143254662005,0.9,0.1,47,513,465.1143254662005,47,0,True,high
2012-09-26 21:00:00,False,326.2898098706848,0.9,0.1,33,360,326.2898098706848,33,0,True,high
2012-09-26 22:00:00,False,238.69044537407032,0.9,0.1,24,263,238.69044537407032,24,0,True,high
2012-09-26 23:00:00,False,135.81433707264955,0.9,0.1,14,150,135.81433707264955,14,0,True,high
2012-09-27 00:00:00,False,62.93438641913641,0.9,0.1,7,70,62.93438641913641,7,0,True,high
2012-09-27 01:00:00,False,30.378246933621917,0.9,0.1,4,35,30.378246933621917,4,0,True,high
2012-09-27 02:00:00,False,11.429056547619055,0.9,0.1,2,14,11.429056547619055,2,0,True,high
2012-09-27 03:00:00,False,6.625675962925964,0.9,0.1,1,8,6.625675962925964,1,0,True,high
2012-09-27 04:00:00,False,6.4693207972582965,0.9,0.1,1,8,6.4693207972582965,1,0,True,high
2012-09-27 05:00:00,False,38.56573484848485,0.9,0.1,4,43,38.56573484848485,4,0,True,high
2012-09-27 06:00:00,False,173.2404657287157,0.9,0.1,18,192,173.2404657287157,18,0,True,high
2012-09-27 07:00:00,True,505.13096522921546,0.9,0.1,51,557,505.13096522921546,51,0,True,critical
2012-09-27 08:00:00,True,782.6843611111115,0.9,0.1,79,862,782.6843611111115,79,0,True,critical
2012-09-27 09:00:00,True,394.40601497114005,0.9,0.1,40,435,394.40601497114005,40,0,True,critical
2012-09-27 10:00:00,False,204.7263935786436,0.9,0.1,21,226,204.7263935786436,21,0,True,high
2012-09-27 11:00:00,False,235.4433124098124,0.9,0.1,24,260,235.4433124098124,24,0,True,high
2012-09-27 12:00:00,False,352.38798167110673,0.9,0.1,36,389,352.38798167110673,36,0,True,high
2012-09-27 13:00:00,False,385.54748430735924,0.9,0.1,39,425,385.54748430735924,39,0,True,high
2012-09-27 14:00:00,False,362.42726524864,0.9,0.1,37,400,362.42726524864,37,0,True,high
2012-09-27 15:00:00,False,326.1884455266956,0.9,0.1,33,360,326.1884455266956,33,0,True,high
2012-09-27 16:00:00,False,457.9394121850374,0.9,0.1,46,504,457.9394121850374,46,0,True,high
2012-09-27 17:00:00,True,804.7156641414143,0.9,0.1,81,886,804.7156641414143,81,0,True,critical
2012-09-27 18:00:00,True,810.2687274531027,0.9,0.1,82,893,810.2687274531027,82,0,True,critical
2012-09-27 19:00:00,True,648.924255772006,0.9,0.1,65,714,648.924255772006,65,0,True,critical
2012-09-27 20:00:00,False,435.8836850649348,0.9,0.1,44,480,435.8836850649348,44,0,True,high
2012-09-27 21:00:00,False,320.9494937493062,0.9,0.1,33,354,320.9494937493062,33,0,True,high
2012-09-27 22:00:00,False,188.06501010101005,0.9,0.1,19,208,188.06501010101005,19,0,True,high
2012-09-27 23:00:00,False,51.969896825396845,0.9,0.1,6,58,51.969896825396845,6,0,True,high
2012-09-28 00:00:00,False,40.63033587246086,0.9,0.1,5,46,40.63033587246086,5,0,True,high
2012-09-28 01:00:00,False,19.019373917748915,0.9,0.1,2,22,19.019373917748915,2,0,True,high
2012-09-28 02:00:00,False,10.997264541014538,0.9,0.1,2,13,10.997264541014538,2,0,True,high
2012-09-28 03:00:00,False,6.4068726551226565,0.9,0.1,1,8,6.4068726551226565,1,0,True,high
2012-09-28 04:00:00,False,7.2978331529581535,0.9,0.1,1,9,7.2978331529581535,1,0,True,high
2012-09-28 05:00:00,False,38.329221139971146,0.9,0.1,4,43,38.329221139971146,4,0,True,high
2012-09-28 06:00:00,False,164.84913268675774,0.9,0.1,17,182,164.84913268675774,17,0,True,high
2012-09-28 07:00:00,True,389.72052600177625,0.9,0.1,39,429,389.72052600177625,39,0,True,critical
2012-09-28 08:00:00,True,699.1112775974025,0.9,0.1,70,770,699.1112775974025,70,0,True,critical
2012-09-28 09:00:00,True,378.8680059940057,0.9,0.1,38,417,378.8680059940057,38,0,True,critical
2012-09-28 10:00:00,False,292.5906605339105,0.9,0.1,30,323,292.5906605339105,30,0,True,high
2012-09-28 11:00:00,False,307.2139166944168,0.9,0.1,31,339,307.2139166944168,31,0,True,high
2012-09-28 12:00:00,False,414.9655582611831,0.9,0.1,42,457,414.9655582611831,42,0,True,high
2012-09-28 13:00:00,False,438.49648033910523,0.9,0.1,44,483,438.49648033910523,44,0,True,high
2012-09-28 14:00:00,False,420.65583599733606,0.9,0.1,43,464,420.65583599733606,43,0,True,high
2012-09-28 15:00:00,False,441.79686453823945,0.9,0.1,45,487,441.79686453823945,45,0,True,high
2012-09-28 16:00:00,False,526.0458893328894,0.9,0.1,53,580,526.0458893328894,53,0,True,high
2012-09-28 17:00:00,True,795.1452938311689,0.9,0.1,80,876,795.1452938311689,80,0,True,critical
2012-09-28 18:00:00,True,784.4525600649353,0.9,0.1,79,864,784.4525600649353,79,0,True,critical
2012-09-28 19:00:00,True,516.9073822150071,0.9,0.1,52,569,516.9073822150071,52,0,True,critical
2012-09-28 20:00:00,False,388.4154880952382,0.9,0.1,39,428,388.4154880952382,39,0,True,high
2012-09-28 21:00:00,False,272.4925612026863,0.9,0.1,28,301,272.4925612026863,28,0,True,high
2012-09-28 22:00:00,False,207.88405357142855,0.9,0.1,21,229,207.88405357142855,21,0,True,high
2012-09-28 23:00:00,False,159.6314951714952,0.9,0.1,16,176,159.6314951714952,16,0,True,high
2012-09-29 00:00:00,False,136.21439105339107,0.9,0.1,14,151,136.21439105339107,14,0,True,high
2012-09-29 01:00:00,False,97.44954462204463,0.9,0.1,10,108,97.44954462204463,10,0,True,high
2012-09-29 02:00:00,False,76.73880645743145,0.9,0.1,8,85,76.73880645743145,8,0,True,high
2012-09-29 03:00:00,False,48.593674034299035,0.9,0.1,5,54,48.593674034299035,5,0,True,high
2012-09-29 04:00:00,False,13.249045454545456,0.9,0.1,2,16,13.249045454545456,2,0,True,high
2012-09-29 05:00:00,False,15.573739177489173,0.9,0.1,2,18,15.573739177489173,2,0,True,high
2012-09-29 06:00:00,False,38.19135894660895,0.9,0.1,4,43,38.19135894660895,4,0,True,high
2012-09-29 07:00:00,True,83.21456277056276,0.9,0.1,9,93,83.21456277056276,9,0,True,critical
2012-09-29 08:00:00,True,175.30955988455986,0.9,0.1,18,194,175.30955988455986,18,0,True,critical
2012-09-29 09:00:00,True,307.9178841852591,0.9,0.1,31,339,307.9178841852591,31,0,True,critical
2012-09-29 10:00:00,False,421.0771221139974,0.9,0.1,43,465,421.0771221139974,43,0,True,high
2012-09-29 11:00:00,False,524.8222811355311,0.9,0.1,53,578,524.8222811355311,53,0,True,high
2012-09-29 12:00:00,False,596.4853296425797,0.9,0.1,60,657,596.4853296425797,60,0,True,high
2012-09-29 13:00:00,False,602.4118732933733,0.9,0.1,61,664,602.4118732933733,61,0,True,high
2012-09-29 14:00:00,False,616.9462036297039,0.9,0.1,62,679,616.9462036297039,62,0,True,high
2012-09-29 15:00:00,False,605.5548608474859,0.9,0.1,61,667,605.5548608474859,61,0,True,high
2012-09-29 16:00:00,False,570.7923700049951,0.9,0.1,58,629,570.7923700049951,58,0,True,high
2012-09-29 17:00:00,True,603.7581683455434,0.9,0.1,61,665,603.7581683455434,61,0,True,critical
2012-09-29 18:00:00,True,588.7009653679653,0.9,0.1,59,648,588.7009653679653,59,0,True,critical
2012-09-29 19:00:00,True,494.5995990259742,0.9,0.1,50,545,494.5995990259742,50,0,True,critical
2012-09-29 20:00:00,False,391.46302759740263,0.9,0.1,40,432,391.46302759740263,40,0,True,high
2012-09-29 21:00:00,False,270.4449832251082,0.9,0.1,28,299,270.4449832251082,28,0,True,high
2012-09-29 22:00:00,False,269.8965774780773,0.9,0.1,27,297,269.8965774780773,27,0,True,high
2012-09-29 23:00:00,False,183.17863834776333,0.9,0.1,19,203,183.17863834776333,19,0,True,high
2012-09-30 00:00:00,False,150.7892326839827,0.9,0.1,16,167,150.7892326839827,16,0,True,high
2012-09-30 01:00:00,False,116.15578336940831,0.9,0.1,12,129,116.15578336940831,12,0,True,high
2012-09-30 02:00:00,False,87.61758957708955,0.9,0.1,9,97,87.61758957708955,9,0,True,high
2012-09-30 03:00:00,False,46.04053857253857,0.9,0.1,5,52,46.04053857253857,5,0,True,high
2012-09-30 04:00:00,False,17.183251554001558,0.9,0.1,2,20,17.183251554001558,2,0,True,high
2012-09-30 05:00:00,False,10.987359848484843,0.9,0.1,2,13,10.987359848484843,2,0,True,high
2012-09-30 06:00:00,False,22.707251554001562,0.9,0.1,3,26,22.707251554001562,3,0,True,high
2012-09-30 07:00:00,True,49.938318376068345,0.9,0.1,5,55,49.938318376068345,5,0,True,critical
2012-09-30 08:00:00,True,141.17944264069268,0.9,0.1,15,157,141.17944264069268,15,0,True,critical
2012-09-30 09:00:00,True,248.96728968253973,0.9,0.1,25,274,248.96728968253973,25,0,True,critical
2012-09-30 10:00:00,False,416.2265484376735,0.9,0.1,42,459,416.2265484376735,42,0,True,high
2012-09-30 11:00:00,False,546.3108230519483,0.9,0.1,55,602,546.3108230519483,55,0,True,high
2012-09-30 12:00:00,False,588.4179684482183,0.9,0.1,59,648,588.4179684482183,59,0,True,high
2012-09-30 13:00:00,False,592.2863183760683,0.9,0.1,60,653,592.2863183760683,60,0,True,high
2012-09-30 14:00:00,False,588.2583999056498,0.9,0.1,59,648,588.2583999056498,59,0,True,high
2012-09-30 15:00:00,False,593.7971154401152,0.9,0.1,60,654,593.7971154401152,60,0,True,high
2012-09-30 16:00:00,False,569.367001859252,0.9,0.1,57,627,569.367001859252,57,0,True,high
2012-09-30 17:00:00,True,589.2378299617052,0.9,0.1,59,649,589.2378299617052,59,0,True,critical
2012-09-30 18:00:00,True,536.1700407647907,0.9,0.1,54,591,536.1700407647907,54,0,True,critical
2012-09-30 19:00:00,True,281.8133037934287,0.9,0.1,29,311,281.8133037934287,29,0,True,critical
2012-09-30 20:00:00,False,243.42633405483411,0.9,0.1,25,269,243.42633405483411,25,0,True,high
2012-09-30 21:00:00,False,202.95463492063496,0.9,0.1,21,224,202.95463492063496,21,0,True,high
2012-09-30 22:00:00,False,140.74468777056273,0.9,0.1,15,156,140.74468777056273,15,0,True,high
2012-09-30 23:00:00,False,97.12351028138526,0.9,0.1,10,108,97.12351028138526,10,0,True,high
2012-10-01 00:00:00,False,46.0294826839827,0.9,0.1,5,52,46.0294826839827,5,0,True,high
2012-10-01 01:00:00,False,22.429282536907536,0.9,0.1,3,26,22.429282536907536,3,0,True,high
2012-10-01 02:00:00,False,11.3389880952381,0.9,0.1,2,14,11.3389880952381,2,0,True,high
2012-10-01 03:00:00,False,5.8440702075702085,0.9,0.1,1,7,5.8440702075702085,1,0,True,high
2012-10-01 04:00:00,False,6.4470788655788684,0.9,0.1,1,8,6.4470788655788684,1,0,True,high
2012-10-01 05:00:00,False,36.095340007215015,0.9,0.1,4,41,36.095340007215015,4,0,True,high
2012-10-01 06:00:00,False,159.33590609390612,0.9,0.1,16,176,159.33590609390612,16,0,True,high
2012-10-01 07:00:00,True,454.4486778499279,0.9,0.1,46,501,454.4486778499279,46,0,True,critical
2012-10-01 08:00:00,True,646.7947874764124,0.9,0.1,65,712,646.7947874764124,65,0,True,critical
2012-10-01 09:00:00,True,394.1084237706737,0.9,0.1,40,435,394.1084237706737,40,0,True,critical
2012-10-01 10:00:00,False,260.7829591103342,0.9,0.1,27,288,260.7829591103342,27,0,True,high
2012-10-01 11:00:00,False,218.5932792207792,0.9,0.1,22,241,218.5932792207792,22,0,True,high
2012-10-01 12:00:00,False,388.7999020562769,0.9,0.1,39,428,388.7999020562769,39,0,True,high
2012-10-01 13:00:00,False,436.4372420634921,0.9,0.1,44,481,436.4372420634921,44,0,True,high
2012-10-01 14:00:00,False,417.55021446608947,0.9,0.1,42,460,417.55021446608947,42,0,True,high
2012-10-01 15:00:00,False,337.6689682539684,0.9,0.1,34,372,337.6689682539684,34,0,True,high
2012-10-01 16:00:00,False,535.2783796897548,0.9,0.1,54,590,535.2783796897548,54,0,True,high
2012-10-01 17:00:00,True,672.3986138999888,0.9,0.1,68,741,672.3986138999888,68,0,True,critical
2012-10-01 18:00:00,True,670.746166028416,0.9,0.1,68,739,670.746166028416,68,0,True,critical
2012-10-01 19:00:00,True,508.9075262654014,0.9,0.1,51,560,508.9075262654014,51,0,True,critical
2012-10-01 20:00:00,False,399.62496688034196,0.9,0.1,40,440,399.62496688034196,40,0,True,high
2012-10-01 21:00:00,False,224.5606776556776,0.9,0.1,23,248,224.5606776556776,23,0,True,high
2012-10-01 22:00:00,False,126.86757251082247,0.9,0.1,13,140,126.86757251082247,13,0,True,high
2012-10-01 23:00:00,False,105.98162590187596,0.9,0.1,11,117,105.98162590187596,11,0,True,high
2012-10-02 00:00:00,False,54.97269658119658,0.9,0.1,6,61,54.97269658119658,6,0,True,high
2012-10-02 01:00:00,False,14.980942432567431,0.9,0.1,2,17,14.980942432567431,2,0,True,high
2012-10-02 02:00:00,False,9.165177586302589,0.9,0.1,1,11,9.165177586302589,1,0,True,high
2012-10-02 03:00:00,False,4.645896284271284,0.9,0.1,1,6,4.645896284271284,1,0,True,high
2012-10-02 04:00:00,False,6.3973265692640675,0.9,0.1,1,8,6.3973265692640675,1,0,True,high
2012-10-02 05:00:00,False,36.953421356421366,0.9,0.1,4,41,36.953421356421366,4,0,True,high
2012-10-02 06:00:00,False,164.44426670551675,0.9,0.1,17,182,164.44426670551675,17,0,True,high
2012-10-02 07:00:00,True,507.5724323593074,0.9,0.1,51,559,507.5724323593074,51,0,True,critical
2012-10-02 08:00:00,True,478.3010900072152,0.9,0.1,48,527,478.3010900072152,48,0,True,critical
2012-10-02 09:00:00,True,203.17724963924968,0.9,0.1,21,225,203.17724963924968,21,0,True,critical
2012-10-02 10:00:00,False,105.21906750194248,0.9,0.1,11,117,105.21906750194248,11,0,True,high
2012-10-02 11:00:00,False,62.1972187950938,0.9,0.1,7,70,62.1972187950938,7,0,True,high
2012-10-02 12:00:00,False,186.97372222222228,0.9,0.1,19,206,186.97372222222228,19,0,True,high
2012-10-02 13:00:00,False,185.71583852258854,0.9,0.1,19,205,185.71583852258854,19,0,True,high
2012-10-02 14:00:00,False,164.15602597402602,0.9,0.1,17,182,164.15602597402602,17,0,True,high
2012-10-02 15:00:00,False,185.79003625541128,0.9,0.1,19,205,185.79003625541128,19,0,True,high
2012-10-02 16:00:00,False,259.5557285353536,0.9,0.1,26,286,259.5557285353536,26,0,True,high
2012-10-02 17:00:00,True,745.3047792485293,0.9,0.1,75,821,745.3047792485293,75,0,True,critical
2012-10-02 18:00:00,True,632.4882620851371,0.9,0.1,64,697,632.4882620851371,64,0,True,critical
2012-10-02 19:00:00,True,435.4072541486292,0.9,0.1,44,480,435.4072541486292,44,0,True,critical
2012-10-02 20:00:00,False,326.20205606893103,0.9,0.1,33,360,326.20205606893103,33,0,True,high
2012-10-02 21:00:00,False,198.78143027805527,0.9,0.1,20,219,198.78143027805527,20,0,True,high
2012-10-02 22:00:00,False,193.92680097680096,0.9,0.1,20,214,193.92680097680096,20,0,True,high
2012-10-02 23:00:00,False,143.7580271117771,0.9,0.1,15,159,143.7580271117771,15,0,True,high
2012-10-03 00:00:00,False,43.52602977577977,0.9,0.1,5,49,43.52602977577977,5,0,True,high
2012-10-03 01:00:00,False,25.902462481962495,0.9,0.1,3,29,25.902462481962495,3,0,True,high
2012-10-03 02:00:00,False,10.457637737262736,0.9,0.1,2,13,10.457637737262736,2,0,True,high
2012-10-03 03:00:00,False,5.3244429875679895,0.9,0.1,1,7,5.3244429875679895,1,0,True,high
2012-10-03 04:00:00,False,6.739862540237543,0.9,0.1,1,8,6.739862540237543,1,0,True,high
2012-10-03 05:00:00,False,35.9014687950938,0.9,0.1,4,40,35.9014687950938,4,0,True,high
2012-10-03 06:00:00,False,168.0175558469309,0.9,0.1,17,186,168.0175558469309,17,0,True,high
2012-10-03 07:00:00,True,505.4702090548342,0.9,0.1,51,557,505.4702090548342,51,0,True,critical
2012-10-03 08:00:00,True,663.8407417721166,0.9,0.1,67,731,663.8407417721166,67,0,True,critical
2012-10-03 09:00:00,True,324.98694377844384,0.9,0.1,33,358,324.98694377844384,33,0,True,critical
2012-10-03 10:00:00,False,201.9802774170274,0.9,0.1,21,223,201.9802774170274,21,0,True,high
2012-10-03 11:00:00,False,199.65212094849605,0.9,0.1,20,220,199.65212094849605,20,0,True,high
2012-10-03 12:00:00,False,282.9906994949494,0.9,0.1,29,312,282.9906994949494,29,0,True,high
2012-10-03 13:00:00,False,346.0460456349205,0.9,0.1,35,382,346.0460456349205,35,0,True,high
2012-10-03 14:00:00,False,245.20329521867015,0.9,0.1,25,271,245.20329521867015,25,0,True,high
2012-10-03 15:00:00,False,304.3882114135865,0.9,0.1,31,336,304.3882114135865,31,0,True,high
2012-10-03 16:00:00,False,433.9721465756469,0.9,0.1,44,478,433.9721465756469,44,0,True,high
2012-10-03 17:00:00,True,763.4857269119769,0.9,0.1,77,841,763.4857269119769,77,0,True,critical
2012-10-03 18:00:00,True,770.0568472222225,0.9,0.1,78,849,770.0568472222225,78,0,True,critical
2012-10-03 19:00:00,True,592.5872840909091,0.9,0.1,60,653,592.5872840909091,60,0,True,critical
2012-10-03 20:00:00,False,402.1258995726496,0.9,0.1,41,444,402.1258995726496,41,0,True,high
2012-10-03 21:00:00,False,337.7695762293263,0.9,0.1,34,372,337.7695762293263,34,0,True,high
2012-10-03 22:00:00,False,176.48647546897544,0.9,0.1,18,195,176.48647546897544,18,0,True,high
2012-10-03 23:00:00,False,148.21597552447548,0.9,0.1,15,164,148.21597552447548,15,0,True,high
2012-10-04 00:00:00,False,113.70200793650791,0.9,0.1,12,126,113.70200793650791,12,0,True,high
2012-10-04 01:00:00,False,28.854250929625938,0.9,0.1,3,32,28.854250929625938,3,0,True,high
2012-10-04 02:00:00,False,10.648357503607501,0.9,0.1,2,13,10.648357503607501,2,0,True,high
2012-10-04 03:00:00,False,5.697117715617718,0.9,0.1,1,7,5.697117715617718,1,0,True,high
2012-10-04 04:00:00,False,7.428343434343431,0.9,0.1,1,9,7.428343434343431,1,0,True,high
2012-10-04 05:00:00,False,39.337615079365094,0.9,0.1,4,44,39.337615079365094,4,0,True,high
2012-10-04 06:00:00,False,156.27845985958496,0.9,0.1,16,173,156.27845985958496,16,0,True,high
2012-10-04 07:00:00,True,349.14622871572857,0.9,0.1,35,385,349.14622871572857,35,0,True,critical
2012-10-04 08:00:00,True,658.6471720224217,0.9,0.1,66,725,658.6471720224217,66,0,True,critical
2012-10-04 09:00:00,True,334.7685891330893,0.9,0.1,34,369,334.7685891330893,34,0,True,critical
2012-10-04 10:00:00,False,201.8856206709957,0.9,0.1,21,223,201.8856206709957,21,0,True,high
2012-10-04 11:00:00,False,214.03938131313143,0.9,0.1,22,237,214.03938131313143,22,0,True,high
2012-10-04 12:00:00,False,274.2452063492063,0.9,0.1,28,303,274.2452063492063,28,0,True,high
2012-10-04 13:00:00,False,298.53601749639256,0.9,0.1,30,329,298.53601749639256,30,0,True,high
2012-10-04 14:00:00,False,262.7075717893217,0.9,0.1,27,290,262.7075717893217,27,0,True,high
2012-10-04 15:00:00,False,333.895228979354,0.9,0.1,34,368,333.895228979354,34,0,True,high
2012-10-04 16:00:00,False,461.2368366494617,0.9,0.1,47,509,461.2368366494617,47,0,True,high
2012-10-04 17:00:00,True,825.0442586580086,0.9,0.1,83,909,825.0442586580086,83,0,True,critical
2012-10-04 18:00:00,True,805.7402355699855,0.9,0.1,81,887,805.7402355699855,81,0,True,critical
2012-10-04 19:00:00,True,601.2412499999999,0.9,0.1,61,663,601.2412499999999,61,0,True,critical
2012-10-04 20:00:00,False,465.0005034271287,0.9,0.1,47,513,465.0005034271287,47,0,True,high
2012-10-04 21:00:00,False,300.9714920634921,0.9,0.1,31,332,300.9714920634921,31,0,True,high
2012-10-04 22:00:00,False,240.3604694749695,0.9,0.1,25,266,240.3604694749695,25,0,True,high
2012-10-04 23:00:00,False,172.35804392829388,0.9,0.1,18,191,172.35804392829388,18,0,True,high
2012-10-05 00:00:00,False,94.92695283882782,0.9,0.1,10,105,94.92695283882782,10,0,True,high
2012-10-05 01:00:00,False,49.21854184704185,0.9,0.1,5,55,49.21854184704185,5,0,True,high
2012-10-05 02:00:00,False,19.833453879453867,0.9,0.1,2,22,19.833453879453867,2,0,True,high
2012-10-05 03:00:00,False,6.234617826617828,0.9,0.1,1,8,6.234617826617828,1,0,True,high
2012-10-05 04:00:00,False,9.231352647352649,0.9,0.1,1,11,9.231352647352649,1,0,True,high
2012-10-05 05:00:00,False,35.04905939893442,0.9,0.1,4,40,35.04905939893442,4,0,True,high
2012-10-05 06:00:00,False,149.69786788211792,0.9,0.1,15,165,149.69786788211792,15,0,True,high
2012-10-05 07:00:00,True,365.9722285908536,0.9,0.1,37,403,365.9722285908536,37,0,True,critical
2012-10-05 08:00:00,True,652.1713253968255,0.9,0.1,66,719,652.1713253968255,66,0,True,critical
2012-10-05 09:00:00,True,385.19529834054816,0.9,0.1,39,425,385.19529834054816,39,0,True,critical
2012-10-05 10:00:00,False,245.81210139860133,0.9,0.1,25,271,245.81210139860133,25,0,True,high
2012-10-05 11:00:00,False,298.08033585858595,0.9,0.1,30,329,298.08033585858595,30,0,True,high
2012-10-05 12:00:00,False,355.34999116161634,0.9,0.1,36,392,355.34999116161634,36,0,True,high
2012-10-05 13:00:00,False,398.1011024392275,0.9,0.1,40,439,398.1011024392275,40,0,True,high
2012-10-05 14:00:00,False,387.7891816378066,0.9,0.1,39,427,387.7891816378066,39,0,True,high
2012-10-05 15:00:00,False,442.3429047619045,0.9,0.1,45,488,442.3429047619045,45,0,True,high
2012-10-05 16:00:00,False,529.1088205266955,0.9,0.1,53,583,529.1088205266955,53,0,True,high
2012-10-05 17:00:00,True,784.8936563852815,0.9,0.1,79,864,784.8936563852815,79,0,True,critical
2012-10-05 18:00:00,True,757.5046412337666,0.9,0.1,76,834,757.5046412337666,76,0,True,critical
2012-10-05 19:00:00,True,481.50949175824184,0.9,0.1,49,531,481.50949175824184,49,0,True,critical
2012-10-05 20:00:00,False,378.41327705627714,0.9,0.1,38,417,378.41327705627714,38,0,True,high
2012-10-05 21:00:00,False,276.88033044733044,0.9,0.1,28,305,276.88033044733044,28,0,True,high
2012-10-05 22:00:00,False,209.10870436507935,0.9,0.1,21,231,209.10870436507935,21,0,True,high
2012-10-05 23:00:00,False,182.30069264069272,0.9,0.1,19,202,182.30069264069272,19,0,True,high
2012-10-06 00:00:00,False,130.25602985902984,0.9,0.1,14,145,130.25602985902984,14,0,True,high
2012-10-06 01:00:00,False,117.846862956488,0.9,0.1,12,130,117.846862956488,12,0,True,high
2012-10-06 02:00:00,False,98.12278697691201,0.9,0.1,10,109,98.12278697691201,10,0,True,high
2012-10-06 03:00:00,False,32.6831084054834,0.9,0.1,4,37,32.6831084054834,4,0,True,high
2012-10-06 04:00:00,False,16.96406288156288,0.9,0.1,2,19,16.96406288156288,2,0,True,high
2012-10-06 05:00:00,False,12.092011932511928,0.9,0.1,2,15,12.092011932511928,2,0,True,high
2012-10-06 06:00:00,False,29.080542027417014,0.9,0.1,3,33,29.080542027417014,3,0,True,high
2012-10-06 07:00:00,True,64.32845809745808,0.9,0.1,7,72,64.32845809745808,7,0,True,critical
2012-10-06 08:00:00,True,183.60436056998554,0.9,0.1,19,203,183.60436056998554,19,0,True,critical
2012-10-06 09:00:00,True,306.41785854423347,0.9,0.1,31,338,306.41785854423347,31,0,True,critical
2012-10-06 10:00:00,False,418.3633190004444,0.9,0.1,42,461,418.3633190004444,42,0,True,high
2012-10-06 11:00:00,False,564.96764484127,0.9,0.1,57,622,564.96764484127,57,0,True,high
2012-10-06 12:00:00,False,584.8690968337221,0.9,0.1,59,644,584.8690968337221,59,0,True,high
2012-10-06 13:00:00,False,626.4779528388282,0.9,0.1,63,690,626.4779528388282,63,0,True,high
2012-10-06 14:00:00,False,634.0176413308917,0.9,0.1,64,699,634.0176413308917,64,0,True,high
2012-10-06 15:00:00,False,574.0267496253747,0.9,0.1,58,633,574.0267496253747,58,0,True,high
2012-10-06 16:00:00,False,566.1772150627149,0.9,0.1,57,624,566.1772150627149,57,0,True,high
2012-10-06 17:00:00,True,652.689752580753,0.9,0.1,66,719,652.689752580753,66,0,True,critical
2012-10-06 18:00:00,True,571.7476239177489,0.9,0.1,58,630,571.7476239177489,58,0,True,critical
2012-10-06 19:00:00,True,425.4308997114,0.9,0.1,43,469,425.4308997114,43,0,True,critical
2012-10-06 20:00:00,False,310.70349242424237,0.9,0.1,32,343,310.70349242424237,32,0,True,high
2012-10-06 21:00:00,False,263.2050194805194,0.9,0.1,27,291,263.2050194805194,27,0,True,high
2012-10-06 22:00:00,False,209.58888744588742,0.9,0.1,21,231,209.58888744588742,21,0,True,high
2012-10-06 23:00:00,False,154.67895626595623,0.9,0.1,16,171,154.67895626595623,16,0,True,high
2012-10-07 00:00:00,False,134.2712691197691,0.9,0.1,14,149,134.2712691197691,14,0,True,high
2012-10-07 01:00:00,False,93.49420948495947,0.9,0.1,10,104,93.49420948495947,10,0,True,high
2012-10-07 02:00:00,False,84.85694552669547,0.9,0.1,9,94,84.85694552669547,9,0,True,high
2012-10-07 03:00:00,False,54.10250133200134,0.9,0.1,6,61,54.10250133200134,6,0,True,high
2012-10-07 04:00:00,False,10.031110750360751,0.9,0.1,2,13,10.031110750360751,2,0,True,high
2012-10-07 05:00:00,False,9.539072788322786,0.9,0.1,1,11,9.539072788322786,1,0,True,high
2012-10-07 06:00:00,False,25.552403429903435,0.9,0.1,3,29,25.552403429903435,3,0,True,high
2012-10-07 07:00:00,True,47.30930791430792,0.9,0.1,5,53,47.30930791430792,5,0,True,critical
2012-10-07 08:00:00,True,95.515733016983,0.9,0.1,10,106,95.515733016983,10,0,True,critical
2012-10-07 09:00:00,True,112.02240782828285,0.9,0.1,12,125,112.02240782828285,12,0,True,critical
2012-10-07 10:00:00,False,172.26932499444993,0.9,0.1,18,191,172.26932499444993,18,0,True,high
2012-10-07 11:00:00,False,273.72411345598834,0.9,0.1,28,302,273.72411345598834,28,0,True,high
2012-10-07 12:00:00,False,501.83814274614264,0.9,0.1,51,553,501.83814274614264,51,0,True,high
2012-10-07 13:00:00,False,503.6352492784995,0.9,0.1,51,555,503.6352492784995,51,0,True,high
2012-10-07 14:00:00,False,493.1065516844267,0.9,0.1,50,544,493.1065516844267,50,0,True,high
2012-10-07 15:00:00,False,474.8930613969364,0.9,0.1,48,523,474.8930613969364,48,0,True,high
2012-10-07 16:00:00,False,481.6302994782993,0.9,0.1,49,531,481.6302994782993,49,0,True,high
2012-10-07 17:00:00,True,411.2024878038628,0.9,0.1,42,454,411.2024878038628,42,0,True,critical
2012-10-07 18:00:00,True,185.53540349927837,0.9,0.1,19,205,185.53540349927837,19,0,True,critical
2012-10-07 19:00:00,True,182.97035067710058,0.9,0.1,19,202,182.97035067710058,19,0,True,critical
2012-10-07 20:00:00,False,169.79308315295805,0.9,0.1,17,187,169.79308315295805,17,0,True,high
2012-10-07 21:00:00,False,137.0200643939394,0.9,0.1,14,152,137.0200643939394,14,0,True,high
2012-10-07 22:00:00,False,134.80266865079363,0.9,0.1,14,149,134.80266865079363,14,0,True,high
2012-10-07 23:00:00,False,92.40235506160508,0.9,0.1,10,103,92.40235506160508,10,0,True,high
2012-10-08 00:00:00,False,61.109968614718625,0.9,0.1,7,69,61.109968614718625,7,0,True,high
2012-10-08 01:00:00,False,34.89615727328228,0.9,0.1,4,39,34.89615727328228,4,0,True,high
2012-10-08 02:00:00,False,19.662034243534244,0.9,0.1,2,22,19.662034243534244,2,0,True,high
2012-10-08 03:00:00,False,7.862889013764015,0.9,0.1,1,9,7.862889013764015,1,0,True,high
2012-10-08 04:00:00,False,6.293447691197693,0.9,0.1,1,8,6.293447691197693,1,0,True,high
2012-10-08 05:00:00,False,28.858355630480638,0.9,0.1,3,32,28.858355630480638,3,0,True,high
2012-10-08 06:00:00,False,57.924762445887424,0.9,0.1,6,64,57.924762445887424,6,0,True,high
2012-10-08 07:00:00,True,131.80433856421348,0.9,0.1,14,146,131.80433856421348,14,0,True,critical
2012-10-08 08:00:00,True,366.62864008214007,0.9,0.1,37,404,366.62864008214007,37,0,True,critical
2012-10-08 09:00:00,True,353.5034065656566,0.9,0.1,36,390,353.5034065656566,36,0,True,critical
2012-10-08 10:00:00,False,228.91712565212555,0.9,0.1,23,252,228.91712565212555,23,0,True,high
2012-10-08 11:00:00,False,285.17763023088037,0.9,0.1,29,315,285.17763023088037,29,0,True,high
2012-10-08 12:00:00,False,336.1074524503274,0.9,0.1,34,371,336.1074524503274,34,0,True,high
2012-10-08 13:00:00,False,328.26062283549794,0.9,0.1,33,362,328.26062283549794,33,0,True,high
2012-10-08 14:00:00,False,323.683462842713,0.9,0.1,33,357,323.683462842713,33,0,True,high
2012-10-08 15:00:00,False,370.17097564935057,0.9,0.1,38,409,370.17097564935057,38,0,True,high
2012-10-08 16:00:00,False,360.03434004883997,0.9,0.1,37,398,360.03434004883997,37,0,True,high
2012-10-08 17:00:00,True,528.9793369963369,0.9,0.1,53,582,528.9793369963369,53,0,True,critical
2012-10-08 18:00:00,True,535.9402302142299,0.9,0.1,54,590,535.9402302142299,54,0,True,critical
2012-10-08 19:00:00,True,437.2086728132979,0.9,0.1,44,482,437.2086728132979,44,0,True,critical
2012-10-08 20:00:00,False,284.92488990176486,0.9,0.1,29,314,284.92488990176486,29,0,True,high
2012-10-08 21:00:00,False,190.8438152958153,0.9,0.1,20,211,190.8438152958153,20,0,True,high
2012-10-08 22:00:00,False,134.61696482683985,0.9,0.1,14,149,134.61696482683985,14,0,True,high
2012-10-08 23:00:00,False,104.23909870684871,0.9,0.1,11,116,104.23909870684871,11,0,True,high
2012-10-09 00:00:00,False,54.568024808524825,0.9,0.1,6,61,54.568024808524825,6,0,True,high
2012-10-09 01:00:00,False,22.27681818181817,0.9,0.1,3,26,22.27681818181817,3,0,True,high
2012-10-09 02:00:00,False,6.726979062604064,0.9,0.1,1,8,6.726979062604064,1,0,True,high
2012-10-09 03:00:00,False,4.023686507936508,0.9,0.1,1,6,4.023686507936508,1,0,True,high
2012-10-09 04:00:00,False,5.689327380952381,0.9,0.1,1,7,5.689327380952381,1,0,True,high
2012-10-09 05:00:00,False,32.25381007881008,0.9,0.1,4,37,32.25381007881008,4,0,True,high
2012-10-09 06:00:00,False,108.7266341436342,0.9,0.1,11,120,108.7266341436342,11,0,True,high
2012-10-09 07:00:00,True,423.4621289682538,0.9,0.1,43,467,423.4621289682538,43,0,True,critical
2012-10-09 08:00:00,True,538.9837795954044,0.9,0.1,54,593,538.9837795954044,54,0,True,critical
2012-10-09 09:00:00,True,339.038111000111,0.9,0.1,34,374,339.038111000111,34,0,True,critical
2012-10-09 10:00:00,False,249.6638571844821,0.9,0.1,25,275,249.6638571844821,25,0,True,high
2012-10-09 11:00:00,False,202.33212391774887,0.9,0.1,21,224,202.33212391774887,21,0,True,high
2012-10-09 12:00:00,False,239.76819959207464,0.9,0.1,24,264,239.76819959207464,24,0,True,high
2012-10-09 13:00:00,False,268.12710304972796,0.9,0.1,27,296,268.12710304972796,27,0,True,high
2012-10-09 14:00:00,False,245.30813497613497,0.9,0.1,25,271,245.30813497613497,25,0,True,high
2012-10-09 15:00:00,False,265.6842067654567,0.9,0.1,27,293,265.6842067654567,27,0,True,high
2012-10-09 16:00:00,False,382.2341336580086,0.9,0.1,39,422,382.2341336580086,39,0,True,high
2012-10-09 17:00:00,True,668.4878403263401,0.9,0.1,67,736,668.4878403263401,67,0,True,critical
2012-10-09 18:00:00,True,674.6222078754578,0.9,0.1,68,743,674.6222078754578,68,0,True,critical
2012-10-09 19:00:00,True,494.3345513375513,0.9,0.1,50,545,494.3345513375513,50,0,True,critical
2012-10-09 20:00:00,False,336.7679522005772,0.9,0.1,34,371,336.7679522005772,34,0,True,high
2012-10-09 21:00:00,False,258.47334164446664,0.9,0.1,26,285,258.47334164446664,26,0,True,high
2012-10-09 22:00:00,False,178.06903084415583,0.9,0.1,18,197,178.06903084415583,18,0,True,high
2012-10-09 23:00:00,False,98.7079932983683,0.9,0.1,10,109,98.7079932983683,10,0,True,high
2012-10-10 00:00:00,False,57.4297270923521,0.9,0.1,6,64,57.4297270923521,6,0,True,high
2012-10-10 01:00:00,False,20.989537837162835,0.9,0.1,3,24,20.989537837162835,3,0,True,high
2012-10-10 02:00:00,False,5.443770451770451,0.9,0.1,1,7,5.443770451770451,1,0,True,high
2012-10-10 03:00:00,False,4.685384740259743,0.9,0.1,1,6,4.685384740259743,1,0,True,high
2012-10-10 04:00:00,False,5.481689615939616,0.9,0.1,1,7,5.481689615939616,1,0,True,high
2012-10-10 05:00:00,False,28.788996406371417,0.9,0.1,3,32,28.788996406371417,3,0,True,high
2012-10-10 06:00:00,False,159.9473948412699,0.9,0.1,16,176,159.9473948412699,16,0,True,high
2012-10-10 07:00:00,True,524.6208632756137,0.9,0.1,53,578,524.6208632756137,53,0,True,critical
2012-10-10 08:00:00,True,648.8143794677546,0.9,0.1,65,714,648.8143794677546,65,0,True,critical
2012-10-10 09:00:00,True,378.56195500332996,0.9,0.1,38,417,378.56195500332996,38,0,True,critical
2012-10-10 10:00:00,False,198.3382840909091,0.9,0.1,20,219,198.3382840909091,20,0,True,high
2012-10-10 11:00:00,False,225.1175214646464,0.9,0.1,23,249,225.1175214646464,23,0,True,high
2012-10-10 12:00:00,False,336.9824076479077,0.9,0.1,34,371,336.9824076479077,34,0,True,high
2012-10-10 13:00:00,False,348.09800455100464,0.9,0.1,35,384,348.09800455100464,35,0,True,high
2012-10-10 14:00:00,False,265.79144064962816,0.9,0.1,27,293,265.79144064962816,27,0,True,high
2012-10-10 15:00:00,False,296.9276277888779,0.9,0.1,30,327,296.9276277888779,30,0,True,high
2012-10-10 16:00:00,False,461.00978878066365,0.9,0.1,47,509,461.00978878066365,47,0,True,high
2012-10-10 17:00:00,True,752.6625266955266,0.9,0.1,76,829,752.6625266955266,76,0,True,critical
2012-10-10 18:00:00,True,742.0465054112555,0.9,0.1,75,818,742.0465054112555,75,0,True,critical
2012-10-10 19:00:00,True,578.9537085553338,0.9,0.1,58,637,578.9537085553338,58,0,True,critical
2012-10-10 20:00:00,False,421.0621522366521,0.9,0.1,43,465,421.0621522366521,43,0,True,high
2012-10-10 21:00:00,False,244.1055153318904,0.9,0.1,25,270,244.1055153318904,25,0,True,high
2012-10-10 22:00:00,False,219.4016681096682,0.9,0.1,22,242,219.4016681096682,22,0,True,high
2012-10-10 23:00:00,False,142.38235984848487,0.9,0.1,15,158,142.38235984848487,15,0,True,high
2012-10-11 00:00:00,False,69.01992406204909,0.9,0.1,7,77,69.01992406204909,7,0,True,high
2012-10-11 01:00:00,False,24.582937049062053,0.9,0.1,3,28,24.582937049062053,3,0,True,high
2012-10-11 02:00:00,False,6.363054383116881,0.9,0.1,1,8,6.363054383116881,1,0,True,high
2012-10-11 03:00:00,False,6.063700036075036,0.9,0.1,1,8,6.063700036075036,1,0,True,high
2012-10-11 04:00:00,False,5.45514502164502,0.9,0.1,1,7,5.45514502164502,1,0,True,high
2012-10-11 05:00:00,False,33.0431017871018,0.9,0.1,4,38,33.0431017871018,4,0,True,high
2012-10-11 06:00:00,False,149.969108044733,0.9,0.1,15,165,149.969108044733,15,0,True,high
2012-10-11 07:00:00,True,440.2221616055512,0.9,0.1,45,486,440.2221616055512,45,0,True,critical
2012-10-11 08:00:00,True,744.2701428432681,0.9,0.1,75,820,744.2701428432681,75,0,True,critical
2012-10-11 09:00:00,True,364.98134346209326,0.9,0.1,37,402,364.98134346209326,37,0,True,critical
2012-10-11 10:00:00,False,217.1214188311689,0.9,0.1,22,240,217.1214188311689,22,0,True,high
2012-10-11 11:00:00,False,231.03288825063814,0.9,0.1,24,256,231.03288825063814,24,0,True,high
2012-10-11 12:00:00,False,326.93016558441553,0.9,0.1,33,360,326.93016558441553,33,0,True,high
2012-10-11 13:00:00,False,323.753755022755,0.9,0.1,33,357,323.753755022755,33,0,True,high
2012-10-11 14:00:00,False,284.2436332972583,0.9,0.1,29,314,284.2436332972583,29,0,True,high
2012-10-11 15:00:00,False,358.4034039571538,0.9,0.1,36,395,358.4034039571538,36,0,True,high
2012-10-11 16:00:00,False,501.83242159229644,0.9,0.1,51,553,501.83242159229644,51,0,True,high
2012-10-11 17:00:00,True,747.7811064074816,0.9,0.1,75,823,747.7811064074816,75,0,True,critical
2012-10-11 18:00:00,True,757.7235043151297,0.9,0.1,76,834,757.7235043151297,76,0,True,critical
2012-10-11 19:00:00,True,503.379915223665,0.9,0.1,51,555,503.379915223665,51,0,True,critical
2012-10-11 20:00:00,False,425.2895535714283,0.9,0.1,43,469,425.2895535714283,43,0,True,high
2012-10-11 21:00:00,False,280.9275238233988,0.9,0.1,29,310,280.9275238233988,29,0,True,high
2012-10-11 22:00:00,False,202.84757510545006,0.9,0.1,21,224,202.84757510545006,21,0,True,high
2012-10-11 23:00:00,False,142.18731758519255,0.9,0.1,15,158,142.18731758519255,15,0,True,high
2012-10-12 00:00:00,False,99.59669805194808,0.9,0.1,10,110,99.59669805194808,10,0,True,high
2012-10-12 01:00:00,False,38.508814380064386,0.9,0.1,4,43,38.508814380064386,4,0,True,high
2012-10-12 02:00:00,False,18.237354617604623,0.9,0.1,2,21,18.237354617604623,2,0,True,high
2012-10-12 03:00:00,False,6.479164502164504,0.9,0.1,1,8,6.479164502164504,1,0,True,high
2012-10-12 04:00:00,False,6.408593975468973,0.9,0.1,1,8,6.408593975468973,1,0,True,high
2012-10-12 05:00:00,False,32.86600703463205,0.9,0.1,4,37,32.86600703463205,4,0,True,high
2012-10-12 06:00:00,False,148.75829996392503,0.9,0.1,15,164,148.75829996392503,15,0,True,high
2012-10-12 07:00:00,True,419.55363961038967,0.9,0.1,42,462,419.55363961038967,42,0,True,critical
2012-10-12 08:00:00,True,666.947690947941,0.9,0.1,67,734,666.947690947941,67,0,True,critical
2012-10-12 09:00:00,True,373.77777798590284,0.9,0.1,38,412,373.77777798590284,38,0,True,critical
2012-10-12 10:00:00,False,275.969778138528,0.9,0.1,28,304,275.969778138528,28,0,True,high
2012-10-12 11:00:00,False,285.90195093795097,0.9,0.1,29,315,285.90195093795097,29,0,True,high
2012-10-12 12:00:00,False,380.6212171717172,0.9,0.1,39,420,380.6212171717172,39,0,True,high
2012-10-12 13:00:00,False,392.6552352092352,0.9,0.1,40,433,392.6552352092352,40,0,True,high
2012-10-12 14:00:00,False,357.6801481851481,0.9,0.1,36,394,357.6801481851481,36,0,True,high
2012-10-12 15:00:00,False,389.83296103896095,0.9,0.1,39,429,389.83296103896095,39,0,True,high
2012-10-12 16:00:00,False,531.6760598845599,0.9,0.1,54,586,531.6760598845599,54,0,True,high
2012-10-12 17:00:00,True,734.1480160395164,0.9,0.1,74,809,734.1480160395164,74,0,True,critical
2012-10-12 18:00:00,True,641.9243001304252,0.9,0.1,65,707,641.9243001304252,65,0,True,critical
2012-10-12 19:00:00,True,628.8050068542566,0.9,0.1,63,692,628.8050068542566,63,0,True,critical
2012-10-12 20:00:00,False,361.11513833388847,0.9,0.1,37,399,361.11513833388847,37,0,True,high
2012-10-12 21:00:00,False,236.94261131923642,0.9,0.1,24,261,236.94261131923642,24,0,True,high
2012-10-12 22:00:00,False,175.19895977633485,0.9,0.1,18,194,175.19895977633485,18,0,True,high
2012-10-12 23:00:00,False,129.0927250527251,0.9,0.1,13,143,129.0927250527251,13,0,True,high
2012-10-13 00:00:00,False,89.33249087024087,0.9,0.1,9,99,89.33249087024087,9,0,True,high
2012-10-13 01:00:00,False,210.37826437451443,0.9,0.1,22,233,210.37826437451443,22,0,True,high
2012-10-13 02:00:00,False,96.55844769119774,0.9,0.1,10,107,96.55844769119774,10,0,True,high
2012-10-13 03:00:00,False,37.01826676101677,0.9,0.1,4,42,37.01826676101677,4,0,True,high
2012-10-13 04:00:00,False,7.416035353535355,0.9,0.1,1,9,7.416035353535355,1,0,True,high
2012-10-13 05:00:00,False,8.503449855699856,0.9,0.1,1,10,8.503449855699856,1,0,True,high
2012-10-13 06:00:00,False,32.25646395271395,0.9,0.1,4,37,32.25646395271395,4,0,True,high
2012-10-13 07:00:00,True,65.05696257908757,0.9,0.1,7,73,65.05696257908757,7,0,True,critical
2012-10-13 08:00:00,True,159.01024873737376,0.9,0.1,16,176,159.01024873737376,16,0,True,critical
2012-10-13 09:00:00,True,298.8130979437231,0.9,0.1,30,329,298.8130979437231,30,0,True,critical
2012-10-13 10:00:00,False,368.70052278277274,0.9,0.1,37,406,368.70052278277274,37,0,True,high
2012-10-13 11:00:00,False,409.65850475912987,0.9,0.1,41,451,409.65850475912987,41,0,True,high
2012-10-13 12:00:00,False,532.4114994588746,0.9,0.1,54,587,532.4114994588746,54,0,True,high
2012-10-13 13:00:00,False,570.6159467893218,0.9,0.1,58,629,570.6159467893218,58,0,True,high
2012-10-13 14:00:00,False,623.8880439976689,0.9,0.1,63,687,623.8880439976689,63,0,True,high
2012-10-13 15:00:00,False,581.1389581807082,0.9,0.1,59,641,581.1389581807082,59,0,True,high
2012-10-13 16:00:00,False,564.1968602786103,0.9,0.1,57,622,564.1968602786103,57,0,True,high
2012-10-13 17:00:00,True,637.2448643578643,0.9,0.1,64,702,637.2448643578643,64,0,True,critical
2012-10-13 18:00:00,True,498.54006511544037,0.9,0.1,50,549,498.54006511544037,50,0,True,critical
2012-10-13 19:00:00,True,405.6715910894662,0.9,0.1,41,447,405.6715910894662,41,0,True,critical
2012-10-13 20:00:00,False,269.79004996392496,0.9,0.1,27,297,269.79004996392496,27,0,True,high
2012-10-13 21:00:00,False,207.7901861471861,0.9,0.1,21,229,207.7901861471861,21,0,True,high
2012-10-13 22:00:00,False,176.03227597402582,0.9,0.1,18,195,176.03227597402582,18,0,True,high
2012-10-13 23:00:00,False,158.01615304140304,0.9,0.1,16,175,158.01615304140304,16,0,True,high
2012-10-14 00:00:00,False,116.5606946941947,0.9,0.1,12,129,116.5606946941947,12,0,True,high
2012-10-14 01:00:00,False,83.902522977023,0.9,0.1,9,93,83.902522977023,9,0,True,high
2012-10-14 02:00:00,False,86.67517066267062,0.9,0.1,9,96,86.67517066267062,9,0,True,high
2012-10-14 03:00:00,False,30.928498015873018,0.9,0.1,4,35,30.928498015873018,4,0,True,high
2012-10-14 04:00:00,False,11.41692478354978,0.9,0.1,2,14,11.41692478354978,2,0,True,high
2012-10-14 05:00:00,False,8.580566017316013,0.9,0.1,1,10,8.580566017316013,1,0,True,high
2012-10-14 06:00:00,False,22.133628246753247,0.9,0.1,3,26,22.133628246753247,3,0,True,high
2012-10-14 07:00:00,True,56.65136126373624,0.9,0.1,6,63,56.65136126373624,6,0,True,critical
2012-10-14 08:00:00,True,117.79581529581532,0.9,0.1,12,130,117.79581529581532,12,0,True,critical
2012-10-14 09:00:00,True,227.2119202741702,0.9,0.1,23,251,227.2119202741702,23,0,True,critical
2012-10-14 10:00:00,False,225.82300811688324,0.9,0.1,23,249,225.82300811688324,23,0,True,high
2012-10-14 11:00:00,False,467.87978986291506,0.9,0.1,47,515,467.87978986291506,47,0,True,high
2012-10-14 12:00:00,False,483.0129285714286,0.9,0.1,49,533,483.0129285714286,49,0,True,high
2012-10-14 13:00:00,False,543.1561798340549,0.9,0.1,55,599,543.1561798340549,55,0,True,high
2012-10-14 14:00:00,False,557.5929025974024,0.9,0.1,56,614,557.5929025974024,56,0,True,high
2012-10-14 15:00:00,False,563.6776392496389,0.9,0.1,57,621,563.6776392496389,57,0,True,high
2012-10-14 16:00:00,False,544.5046798340547,0.9,0.1,55,600,544.5046798340547,55,0,True,high
2012-10-14 17:00:00,True,540.0444606088356,0.9,0.1,55,596,540.0444606088356,55,0,True,critical
2012-10-14 18:00:00,True,478.406071830947,0.9,0.1,48,527,478.406071830947,48,0,True,critical
2012-10-14 19:00:00,True,388.1945221861473,0.9,0.1,39,428,388.1945221861473,39,0,True,critical
2012-10-14 20:00:00,False,247.88287624875124,0.9,0.1,25,273,247.88287624875124,25,0,True,high
2012-10-14 21:00:00,False,188.1534835858586,0.9,0.1,19,208,188.1534835858586,19,0,True,high
2012-10-14 22:00:00,False,160.76055283931746,0.9,0.1,17,178,160.76055283931746,17,0,True,high
2012-10-14 23:00:00,False,86.35005194805196,0.9,0.1,9,96,86.35005194805196,9,0,True,high
2012-10-15 00:00:00,False,56.75795217282719,0.9,0.1,6,63,56.75795217282719,6,0,True,high
2012-10-15 01:00:00,False,26.53666468253968,0.9,0.1,3,30,26.53666468253968,3,0,True,high
2012-10-15 02:00:00,False,14.456057900432896,0.9,0.1,2,17,14.456057900432896,2,0,True,high
2012-10-15 03:00:00,False,4.695833874458874,0.9,0.1,1,6,4.695833874458874,1,0,True,high
2012-10-15 04:00:00,False,6.515589105339103,0.9,0.1,1,8,6.515589105339103,1,0,True,high
2012-10-15 05:00:00,False,26.17898575036075,0.9,0.1,3,30,26.17898575036075,3,0,True,high
2012-10-15 06:00:00,False,141.2587712565213,0.9,0.1,15,157,141.2587712565213,15,0,True,high
2012-10-15 07:00:00,True,462.92082196969693,0.9,0.1,47,510,462.92082196969693,47,0,True,critical
2012-10-15 08:00:00,True,580.0874785353536,0.9,0.1,59,640,580.0874785353536,59,0,True,critical
2012-10-15 09:00:00,True,317.5278259795761,0.9,0.1,32,350,317.5278259795761,32,0,True,critical
2012-10-15 10:00:00,False,290.72660263347746,0.9,0.1,30,321,290.72660263347746,30,0,True,high
2012-10-15 11:00:00,False,210.38334838772337,0.9,0.1,22,233,210.38334838772337,22,0,True,high
2012-10-15 12:00:00,False,307.7303116883118,0.9,0.1,31,339,307.7303116883118,31,0,True,high
2012-10-15 13:00:00,False,356.29828911366405,0.9,0.1,36,393,356.29828911366405,36,0,True,high
2012-10-15 14:00:00,False,209.8432057109557,0.9,0.1,21,231,209.8432057109557,21,0,True,high
2012-10-15 15:00:00,False,211.38301776001782,0.9,0.1,22,234,211.38301776001782,22,0,True,high
2012-10-15 16:00:00,False,411.59015624653165,0.9,0.1,42,454,411.59015624653165,42,0,True,high
2012-10-15 17:00:00,True,587.3714978354978,0.9,0.1,59,647,587.3714978354978,59,0,True,critical
2012-10-15 18:00:00,True,547.2557317821069,0.9,0.1,55,603,547.2557317821069,55,0,True,critical
2012-10-15 19:00:00,True,446.7337886002886,0.9,0.1,45,492,446.7337886002886,45,0,True,critical
2012-10-15 20:00:00,False,236.4629179292929,0.9,0.1,24,261,236.4629179292929,24,0,True,high
2012-10-15 21:00:00,False,208.0837168109668,0.9,0.1,21,230,208.0837168109668,21,0,True,high
2012-10-15 22:00:00,False,149.2275637418137,0.9,0.1,15,165,149.2275637418137,15,0,True,high
2012-10-15 23:00:00,False,92.57775277500282,0.9,0.1,10,103,92.57775277500282,10,0,True,high
2012-10-16 00:00:00,False,51.349103896103905,0.9,0.1,6,58,51.349103896103905,6,0,True,high
2012-10-16 01:00:00,False,23.01715390165391,0.9,0.1,3,27,23.01715390165391,3,0,True,high
2012-10-16 02:00:00,False,7.581439338439343,0.9,0.1,1,9,7.581439338439343,1,0,True,high
2012-10-16 03:00:00,False,4.078912518037518,0.9,0.1,1,6,4.078912518037518,1,0,True,high
2012-10-16 04:00:00,False,5.119460317460318,0.9,0.1,1,7,5.119460317460318,1,0,True,high
2012-10-16 05:00:00,False,29.243974206349222,0.9,0.1,3,33,29.243974206349222,3,0,True,high
2012-10-16 06:00:00,False,161.82956006493504,0.9,0.1,17,179,161.82956006493504,17,0,True,high
2012-10-16 07:00:00,True,528.8916511437911,0.9,0.1,53,582,528.8916511437911,53,0,True,critical
2012-10-16 08:00:00,True,651.6188494283493,0.9,0.1,66,718,651.6188494283493,66,0,True,critical
2012-10-16 09:00:00,True,376.92104890942375,0.9,0.1,38,415,376.92104890942375,38,0,True,critical
2012-10-16 10:00:00,False,185.9772727272728,0.9,0.1,19,205,185.9772727272728,19,0,True,high
2012-10-16 11:00:00,False,237.32436427461428,0.9,0.1,24,262,237.32436427461428,24,0,True,high
2012-10-16 12:00:00,False,265.880198010323,0.9,0.1,27,293,265.880198010323,27,0,True,high
2012-10-16 13:00:00,False,277.8264725135974,0.9,0.1,28,306,277.8264725135974,28,0,True,high
2012-10-16 14:00:00,False,278.76002410089905,0.9,0.1,28,307,278.76002410089905,28,0,True,high
2012-10-16 15:00:00,False,341.6918933982686,0.9,0.1,35,377,341.6918933982686,35,0,True,high
2012-10-16 16:00:00,False,462.46242911255416,0.9,0.1,47,510,462.46242911255416,47,0,True,high
2012-10-16 17:00:00,True,676.8789091741589,0.9,0.1,68,745,676.8789091741589,68,0,True,critical
2012-10-16 18:00:00,True,688.1856353646352,0.9,0.1,69,758,688.1856353646352,69,0,True,critical
2012-10-16 19:00:00,True,550.2020117660118,0.9,0.1,56,607,550.2020117660118,56,0,True,critical
2012-10-16 20:00:00,False,350.048477092352,0.9,0.1,36,387,350.048477092352,36,0,True,high
2012-10-16 21:00:00,False,282.6804525613276,0.9,0.1,29,312,282.6804525613276,29,0,True,high
2012-10-16 22:00:00,False,152.93633603896106,0.9,0.1,16,169,152.93633603896106,16,0,True,high
2012-10-16 23:00:00,False,121.57268091630591,0.9,0.1,13,135,121.57268091630591,13,0,True,high
2012-10-17 00:00:00,False,101.02968650793655,0.9,0.1,11,113,101.02968650793655,11,0,True,high
2012-10-17 01:00:00,False,24.480597208347202,0.9,0.1,3,28,24.480597208347202,3,0,True,high
2012-10-17 02:00:00,False,7.6027911671661705,0.9,0.1,1,9,7.6027911671661705,1,0,True,high
2012-10-17 03:00:00,False,6.0482898629148645,0.9,0.1,1,8,6.0482898629148645,1,0,True,high
2012-10-17 04:00:00,False,6.1024912032412075,0.9,0.1,1,8,6.1024912032412075,1,0,True,high
2012-10-17 05:00:00,False,39.273580447330446,0.9,0.1,4,44,39.273580447330446,4,0,True,high
2012-10-17 06:00:00,False,172.43687835775341,0.9,0.1,18,191,172.43687835775341,18,0,True,high
2012-10-17 07:00:00,True,531.6677965784219,0.9,0.1,54,586,531.6677965784219,54,0,True,critical
2012-10-17 08:00:00,True,732.0407959817964,0.9,0.1,74,807,732.0407959817964,74,0,True,critical
2012-10-17 09:00:00,True,356.24860002497485,0.9,0.1,36,393,356.24860002497485,36,0,True,critical
2012-10-17 10:00:00,False,234.68680681818194,0.9,0.1,24,259,234.68680681818194,24,0,True,high
2012-10-17 11:00:00,False,247.4411567460316,0.9,0.1,25,273,247.4411567460316,25,0,True,high
2012-10-17 12:00:00,False,315.8382272727272,0.9,0.1,32,348,315.8382272727272,32,0,True,high
2012-10-17 13:00:00,False,315.792588023088,0.9,0.1,32,348,315.792588023088,32,0,True,high
2012-10-17 14:00:00,False,282.18008694083704,0.9,0.1,29,312,282.18008694083704,29,0,True,high
2012-10-17 15:00:00,False,344.699571900322,0.9,0.1,35,380,344.699571900322,35,0,True,high
2012-10-17 16:00:00,False,489.71934974747484,0.9,0.1,49,539,489.71934974747484,49,0,True,high
2012-10-17 17:00:00,True,747.9189218836722,0.9,0.1,75,823,747.9189218836722,75,0,True,critical
2012-10-17 18:00:00,True,748.6976531246536,0.9,0.1,75,824,748.6976531246536,75,0,True,critical
2012-10-17 19:00:00,True,552.1610950993453,0.9,0.1,56,609,552.1610950993453,56,0,True,critical
2012-10-17 20:00:00,False,397.45741376678876,0.9,0.1,40,438,397.45741376678876,40,0,True,high
2012-10-17 21:00:00,False,269.1582877122878,0.9,0.1,27,297,269.1582877122878,27,0,True,high
2012-10-17 22:00:00,False,224.44960221722727,0.9,0.1,23,248,224.44960221722727,23,0,True,high
2012-10-17 23:00:00,False,149.82166238622492,0.9,0.1,15,165,149.82166238622492,15,0,True,high
2012-10-18 00:00:00,False,53.84835082972584,0.9,0.1,6,60,53.84835082972584,6,0,True,high
2012-10-18 01:00:00,False,28.3047997835498,0.9,0.1,3,32,28.3047997835498,3,0,True,high
2012-10-18 02:00:00,False,7.285618797868802,0.9,0.1,1,9,7.285618797868802,1,0,True,high
2012-10-18 03:00:00,False,5.154846139971141,0.9,0.1,1,7,5.154846139971141,1,0,True,high
2012-10-18 04:00:00,False,5.699046717171715,0.9,0.1,1,7,5.699046717171715,1,0,True,high
2012-10-18 05:00:00,False,37.88109325396825,0.9,0.1,4,42,37.88109325396825,4,0,True,high
2012-10-18 06:00:00,False,175.6039861111111,0.9,0.1,18,194,175.6039861111111,18,0,True,high
2012-10-18 07:00:00,True,429.6165054390056,0.9,0.1,43,473,429.6165054390056,43,0,True,critical
2012-10-18 08:00:00,True,732.752026986902,0.9,0.1,74,807,732.752026986902,74,0,True,critical
2012-10-18 09:00:00,True,363.7232013958262,0.9,0.1,37,401,363.7232013958262,37,0,True,critical
2012-10-18 10:00:00,False,234.68785786435802,0.9,0.1,24,259,234.68785786435802,24,0,True,high
2012-10-18 11:00:00,False,242.00071166333663,0.9,0.1,25,268,242.00071166333663,25,0,True,high
2012-10-18 12:00:00,False,319.52140231990234,0.9,0.1,32,352,319.52140231990234,32,0,True,high
2012-10-18 13:00:00,False,358.6522231240981,0.9,0.1,36,395,358.6522231240981,36,0,True,high
2012-10-18 14:00:00,False,340.04422637085133,0.9,0.1,35,376,340.04422637085133,35,0,True,high
2012-10-18 15:00:00,False,362.5917343212341,0.9,0.1,37,400,362.5917343212341,37,0,True,high
2012-10-18 16:00:00,False,467.71298683261176,0.9,0.1,47,515,467.71298683261176,47,0,True,high
2012-10-18 17:00:00,True,782.6002020202022,0.9,0.1,79,862,782.6002020202022,79,0,True,critical
2012-10-18 18:00:00,True,778.6495241702743,0.9,0.1,78,857,778.6495241702743,78,0,True,critical
2012-10-18 19:00:00,True,571.5824897741148,0.9,0.1,58,630,571.5824897741148,58,0,True,critical
2012-10-18 20:00:00,False,388.72527758352754,0.9,0.1,39,428,388.72527758352754,39,0,True,high
2012-10-18 21:00:00,False,278.56629329004335,0.9,0.1,28,307,278.56629329004335,28,0,True,high
2012-10-18 22:00:00,False,208.61766937229442,0.9,0.1,21,230,208.61766937229442,21,0,True,high
2012-10-18 23:00:00,False,158.72401463813966,0.9,0.1,16,175,158.72401463813966,16,0,True,high
2012-10-19 00:00:00,False,69.23071320346318,0.9,0.1,7,77,69.23071320346318,7,0,True,high
2012-10-19 01:00:00,False,27.692907828282838,0.9,0.1,3,31,27.692907828282838,3,0,True,high
2012-10-19 02:00:00,False,8.22441733266733,0.9,0.1,1,10,8.22441733266733,1,0,True,high
2012-10-19 03:00:00,False,7.326394119769117,0.9,0.1,1,9,7.326394119769117,1,0,True,high
2012-10-19 04:00:00,False,8.181535714285715,0.9,0.1,1,10,8.181535714285715,1,0,True,high
2012-10-19 05:00:00,False,35.122080808080824,0.9,0.1,4,40,35.122080808080824,4,0,True,high
2012-10-19 06:00:00,False,142.5844269480519,0.9,0.1,15,158,142.5844269480519,15,0,True,high
2012-10-19 07:00:00,True,342.7274267954269,0.9,0.1,35,378,342.7274267954269,35,0,True,critical
2012-10-19 08:00:00,True,383.7902682178932,0.9,0.1,39,423,383.7902682178932,39,0,True,critical
2012-10-19 09:00:00,True,330.98000951825964,0.9,0.1,34,365,330.98000951825964,34,0,True,critical
2012-10-19 10:00:00,False,256.8493892496392,0.9,0.1,26,283,256.8493892496392,26,0,True,high
2012-10-19 11:00:00,False,236.79525342712847,0.9,0.1,24,261,236.79525342712847,24,0,True,high
2012-10-19 12:00:00,False,321.86115854029015,0.9,0.1,33,355,321.86115854029015,33,0,True,high
2012-10-19 13:00:00,False,342.9639330713147,0.9,0.1,35,378,342.9639330713147,35,0,True,high
2012-10-19 14:00:00,False,380.5639713203464,0.9,0.1,39,420,380.5639713203464,39,0,True,high
2012-10-19 15:00:00,False,408.7775488400488,0.9,0.1,41,450,408.7775488400488,41,0,True,high
2012-10-19 16:00:00,False,422.59225270562763,0.9,0.1,43,466,422.59225270562763,43,0,True,high
2012-10-19 17:00:00,True,751.226606782107,0.9,0.1,76,828,751.226606782107,76,0,True,critical
2012-10-19 18:00:00,True,667.272263916639,0.9,0.1,67,735,667.272263916639,67,0,True,critical
2012-10-19 19:00:00,True,344.91613834776325,0.9,0.1,35,380,344.91613834776325,35,0,True,critical
2012-10-19 20:00:00,False,265.35925703463215,0.9,0.1,27,293,265.35925703463215,27,0,True,high
2012-10-19 21:00:00,False,194.49252795815298,0.9,0.1,20,215,194.49252795815298,20,0,True,high
2012-10-19 22:00:00,False,168.53004942279952,0.9,0.1,17,186,168.53004942279952,17,0,True,high
2012-10-19 23:00:00,False,143.78669119769123,0.9,0.1,15,159,143.78669119769123,15,0,True,high
2012-10-20 00:00:00,False,102.53085606060607,0.9,0.1,11,114,102.53085606060607,11,0,True,high
2012-10-20 01:00:00,False,86.6332251082251,0.9,0.1,9,96,86.6332251082251,9,0,True,high
2012-10-20 02:00:00,False,68.28120707070708,0.9,0.1,7,76,68.28120707070708,7,0,True,high
2012-10-20 03:00:00,False,31.02002922077921,0.9,0.1,4,36,31.02002922077921,4,0,True,high
2012-10-20 04:00:00,False,9.840330988455992,0.9,0.1,1,11,9.840330988455992,1,0,True,high
2012-10-20 05:00:00,False,12.614266761016756,0.9,0.1,2,15,12.614266761016756,2,0,True,high
2012-10-20 06:00:00,False,35.66844678932178,0.9,0.1,4,40,35.66844678932178,4,0,True,high
2012-10-20 07:00:00,True,67.60609573759571,0.9,0.1,7,75,67.60609573759571,7,0,True,critical
2012-10-20 08:00:00,True,158.4463105921856,0.9,0.1,16,175,158.4463105921856,16,0,True,critical
2012-10-20 09:00:00,True,299.2743120490621,0.9,0.1,30,330,299.2743120490621,30,0,True,critical
2012-10-20 10:00:00,False,388.68833116883127,0.9,0.1,39,428,388.68833116883127,39,0,True,high
2012-10-20 11:00:00,False,511.1299936729935,0.9,0.1,52,564,511.1299936729935,52,0,True,high
2012-10-20 12:00:00,False,606.6391613664111,0.9,0.1,61,668,606.6391613664111,61,0,True,high
2012-10-20 13:00:00,False,645.8740364219116,0.9,0.1,65,711,645.8740364219116,65,0,True,high
2012-10-20 14:00:00,False,648.039964812965,0.9,0.1,65,714,648.039964812965,65,0,True,high
2012-10-20 15:00:00,False,621.4084491203243,0.9,0.1,63,685,621.4084491203243,63,0,True,high
2012-10-20 16:00:00,False,583.7382189615937,0.9,0.1,59,643,583.7382189615937,59,0,True,high
2012-10-20 17:00:00,True,591.3815865800864,0.9,0.1,60,652,591.3815865800864,60,0,True,critical
2012-10-20 18:00:00,True,579.1297095959594,0.9,0.1,58,638,579.1297095959594,58,0,True,critical
2012-10-20 19:00:00,True,465.49289285714286,0.9,0.1,47,513,465.49289285714286,47,0,True,critical
2012-10-20 20:00:00,False,281.91455609668117,0.9,0.1,29,311,281.91455609668117,29,0,True,high
2012-10-20 21:00:00,False,223.3941163419914,0.9,0.1,23,247,223.3941163419914,23,0,True,high
2012-10-20 22:00:00,False,258.7742374708625,0.9,0.1,26,285,258.7742374708625,26,0,True,high
2012-10-20 23:00:00,False,175.9664559884559,0.9,0.1,18,194,175.9664559884559,18,0,True,high
2012-10-21 00:00:00,False,131.9431836219336,0.9,0.1,14,146,131.9431836219336,14,0,True,high
2012-10-21 01:00:00,False,118.2299700993451,0.9,0.1,12,131,118.2299700993451,12,0,True,high
2012-10-21 02:00:00,False,91.28627584915077,0.9,0.1,10,102,91.28627584915077,10,0,True,high
2012-10-21 03:00:00,False,64.62770833333332,0.9,0.1,7,72,64.62770833333332,7,0,True,high
2012-10-21 04:00:00,False,14.516301587301584,0.9,0.1,2,17,14.516301587301584,2,0,True,high
2012-10-21 05:00:00,False,11.855658286158288,0.9,0.1,2,14,11.855658286158288,2,0,True,high
2012-10-21 06:00:00,False,26.96731865356865,0.9,0.1,3,30,26.96731865356865,3,0,True,high
2012-10-21 07:00:00,True,62.080757756132755,0.9,0.1,7,70,62.080757756132755,7,0,True,critical
2012-10-21 08:00:00,True,131.52765097402596,0.9,0.1,14,146,131.52765097402596,14,0,True,critical
2012-10-21 09:00:00,True,240.91005808080808,0.9,0.1,25,266,240.91005808080808,25,0,True,critical
2012-10-21 10:00:00,False,371.49737325174823,0.9,0.1,38,410,371.49737325174823,38,0,True,high
2012-10-21 11:00:00,False,527.5529842102343,0.9,0.1,53,581,527.5529842102343,53,0,True,high
2012-10-21 12:00:00,False,588.7201879509381,0.9,0.1,59,648,588.7201879509381,59,0,True,high
2012-10-21 13:00:00,False,608.8608839355088,0.9,0.1,61,670,608.8608839355088,61,0,True,high
2012-10-21 14:00:00,False,598.8756325896325,0.9,0.1,60,659,598.8756325896325,60,0,True,high
2012-10-21 15:00:00,False,626.3413277417028,0.9,0.1,63,690,626.3413277417028,63,0,True,high
2012-10-21 16:00:00,False,613.0073551587303,0.9,0.1,62,676,613.0073551587303,62,0,True,high
2012-10-21 17:00:00,True,595.7138984487734,0.9,0.1,60,656,595.7138984487734,60,0,True,critical
2012-10-21 18:00:00,True,436.18373340548374,0.9,0.1,44,481,436.18373340548374,44,0,True,critical
2012-10-21 19:00:00,True,371.22532629870125,0.9,0.1,38,410,371.22532629870125,38,0,True,critical
2012-10-21 20:00:00,False,252.92400972638472,0.9,0.1,26,279,252.92400972638472,26,0,True,high
2012-10-21 21:00:00,False,188.0516677489178,0.9,0.1,19,208,188.0516677489178,19,0,True,high
2012-10-21 22:00:00,False,145.2440461760461,0.9,0.1,15,161,145.2440461760461,15,0,True,high
2012-10-21 23:00:00,False,104.26781601731602,0.9,0.1,11,116,104.26781601731602,11,0,True,high
2012-10-22 00:00:00,False,46.34017370129872,0.9,0.1,5,52,46.34017370129872,5,0,True,high
2012-10-22 01:00:00,False,16.029679126429123,0.9,0.1,2,19,16.029679126429123,2,0,True,high
2012-10-22 02:00:00,False,10.887533660783658,0.9,0.1,2,13,10.887533660783658,2,0,True,high
2012-10-22 03:00:00,False,4.150376304251303,0.9,0.1,1,6,4.150376304251303,1,0,True,high
2012-10-22 04:00:00,False,5.9297388583638595,0.9,0.1,1,7,5.9297388583638595,1,0,True,high
2012-10-22 05:00:00,False,35.66953373015873,0.9,0.1,4,40,35.66953373015873,4,0,True,high
2012-10-22 06:00:00,False,146.9526841630591,0.9,0.1,15,162,146.9526841630591,15,0,True,high
2012-10-22 07:00:00,True,448.9801226551226,0.9,0.1,45,494,448.9801226551226,45,0,True,critical
2012-10-22 08:00:00,True,647.5398106754358,0.9,0.1,65,713,647.5398106754358,65,0,True,critical
2012-10-22 09:00:00,True,407.49569992507486,0.9,0.1,41,449,407.49569992507486,41,0,True,critical
2012-10-22 10:00:00,False,294.4546842046842,0.9,0.1,30,325,294.4546842046842,30,0,True,high
2012-10-22 11:00:00,False,239.17306970806968,0.9,0.1,24,264,239.17306970806968,24,0,True,high
2012-10-22 12:00:00,False,278.7798846570098,0.9,0.1,28,307,278.7798846570098,28,0,True,high
2012-10-22 13:00:00,False,349.83369462481977,0.9,0.1,35,385,349.83369462481977,35,0,True,high
2012-10-22 14:00:00,False,353.18781222943704,0.9,0.1,36,390,353.18781222943704,36,0,True,high
2012-10-22 15:00:00,False,384.6644386724388,0.9,0.1,39,424,384.6644386724388,39,0,True,high
2012-10-22 16:00:00,False,481.81722294372315,0.9,0.1,49,531,481.81722294372315,49,0,True,high
2012-10-22 17:00:00,True,778.0431984126984,0.9,0.1,78,857,778.0431984126984,78,0,True,critical
2012-10-22 18:00:00,True,622.8702001609504,0.9,0.1,63,686,622.8702001609504,63,0,True,critical
2012-10-22 19:00:00,True,480.1851394300143,0.9,0.1,49,530,480.1851394300143,49,0,True,critical
2012-10-22 20:00:00,False,339.29155753968263,0.9,0.1,34,374,339.29155753968263,34,0,True,high
2012-10-22 21:00:00,False,272.4612451298702,0.9,0.1,28,301,272.4612451298702,28,0,True,high
2012-10-22 22:00:00,False,148.66467279942285,0.9,0.1,15,164,148.66467279942285,15,0,True,high
2012-10-22 23:00:00,False,117.55704600954597,0.9,0.1,12,130,117.55704600954597,12,0,True,high
2012-10-23 00:00:00,False,77.56533441558442,0.9,0.1,8,86,77.56533441558442,8,0,True,high
2012-10-23 01:00:00,False,17.030978354978355,0.9,0.1,2,20,17.030978354978355,2,0,True,high
2012-10-23 02:00:00,False,12.377119380619384,0.9,0.1,2,15,12.377119380619384,2,0,True,high
2012-10-23 03:00:00,False,4.126028499278499,0.9,0.1,1,6,4.126028499278499,1,0,True,high
2012-10-23 04:00:00,False,5.551292748917751,0.9,0.1,1,7,5.551292748917751,1,0,True,high
2012-10-23 05:00:00,False,40.76090223665225,0.9,0.1,5,46,40.76090223665225,5,0,True,high
2012-10-23 06:00:00,False,176.08148550061054,0.9,0.1,18,195,176.08148550061054,18,0,True,high
2012-10-23 07:00:00,True,453.8356531385283,0.9,0.1,46,500,453.8356531385283,46,0,True,critical
2012-10-23 08:00:00,True,631.2479017371518,0.9,0.1,64,696,631.2479017371518,64,0,True,critical
2012-10-23 09:00:00,True,407.9537517205014,0.9,0.1,41,449,407.9537517205014,41,0,True,critical
2012-10-23 10:00:00,False,232.6088773865023,0.9,0.1,24,257,232.6088773865023,24,0,True,high
2012-10-23 11:00:00,False,228.91011971361968,0.9,0.1,23,252,228.91011971361968,23,0,True,high
2012-10-23 12:00:00,False,324.09406259018755,0.9,0.1,33,358,324.09406259018755,33,0,True,high
2012-10-23 13:00:00,False,422.0392312409812,0.9,0.1,43,466,422.0392312409812,43,0,True,high
2012-10-23 14:00:00,False,338.0163958541459,0.9,0.1,34,373,338.0163958541459,34,0,True,high
2012-10-23 15:00:00,False,348.27341078366095,0.9,0.1,35,384,348.27341078366095,35,0,True,high
2012-10-23 16:00:00,False,499.6689310966811,0.9,0.1,50,550,499.6689310966811,50,0,True,high
2012-10-23 17:00:00,True,814.7155721500724,0.9,0.1,82,897,814.7155721500724,82,0,True,critical
2012-10-23 18:00:00,True,792.1035535714285,0.9,0.1,80,873,792.1035535714285,80,0,True,critical
2012-10-23 19:00:00,True,581.0227686202686,0.9,0.1,59,641,581.0227686202686,59,0,True,critical
2012-10-23 20:00:00,False,376.81778804528795,0.9,0.1,38,415,376.81778804528795,38,0,True,high
2012-10-23 21:00:00,False,251.89339971139975,0.9,0.1,26,278,251.89339971139975,26,0,True,high
2012-10-23 22:00:00,False,216.11018777056282,0.9,0.1,22,239,216.11018777056282,22,0,True,high
2012-10-23 23:00:00,False,154.8347116147741,0.9,0.1,16,171,154.8347116147741,16,0,True,high
2012-10-24 00:00:00,False,50.419762362637364,0.9,0.1,6,57,50.419762362637364,6,0,True,high
2012-10-24 01:00:00,False,18.96590133477634,0.9,0.1,2,21,18.96590133477634,2,0,True,high
2012-10-24 02:00:00,False,11.772599206349211,0.9,0.1,2,14,11.772599206349211,2,0,True,high
2012-10-24 03:00:00,False,4.12557751970252,0.9,0.1,1,6,4.12557751970252,1,0,True,high
2012-10-24 04:00:00,False,5.85613397713398,0.9,0.1,1,7,5.85613397713398,1,0,True,high
2012-10-24 05:00:00,False,39.761052669552676,0.9,0.1,4,44,39.761052669552676,4,0,True,high
2012-10-24 06:00:00,False,178.05335635198142,0.9,0.1,18,197,178.05335635198142,18,0,True,high
2012-10-24 07:00:00,True,522.8090956404709,0.9,0.1,53,576,522.8090956404709,53,0,True,critical
2012-10-24 08:00:00,True,633.2819965312465,0.9,0.1,64,698,633.2819965312465,64,0,True,critical
2012-10-24 09:00:00,True,400.4052306304805,0.9,0.1,41,442,400.4052306304805,41,0,True,critical
2012-10-24 10:00:00,False,243.35699999999997,0.9,0.1,25,269,243.35699999999997,25,0,True,high
2012-10-24 11:00:00,False,210.50207142857147,0.9,0.1,22,233,210.50207142857147,22,0,True,high
2012-10-24 12:00:00,False,326.9967588383838,0.9,0.1,33,360,326.9967588383838,33,0,True,high
2012-10-24 13:00:00,False,357.76821803196805,0.9,0.1,36,394,357.76821803196805,36,0,True,high
2012-10-24 14:00:00,False,334.21217427017444,0.9,0.1,34,369,334.21217427017444,34,0,True,high
2012-10-24 15:00:00,False,358.0086116106117,0.9,0.1,36,395,358.0086116106117,36,0,True,high
2012-10-24 16:00:00,False,491.5037441031191,0.9,0.1,50,542,491.5037441031191,50,0,True,high
2012-10-24 17:00:00,True,815.778623737374,0.9,0.1,82,898,815.778623737374,82,0,True,critical
2012-10-24 18:00:00,True,812.5155506854259,0.9,0.1,82,895,812.5155506854259,82,0,True,critical
2012-10-24 19:00:00,True,569.8902825091574,0.9,0.1,57,627,569.8902825091574,57,0,True,critical
2012-10-24 20:00:00,False,392.56224259074247,0.9,0.1,40,433,392.56224259074247,40,0,True,high
2012-10-24 21:00:00,False,306.1551832195582,0.9,0.1,31,338,306.1551832195582,31,0,True,high
2012-10-24 22:00:00,False,226.82448232323233,0.9,0.1,23,250,226.82448232323233,23,0,True,high
2012-10-24 23:00:00,False,146.22274959762456,0.9,0.1,15,162,146.22274959762456,15,0,True,high
2012-10-25 00:00:00,False,61.02607882395383,0.9,0.1,7,69,61.02607882395383,7,0,True,high
2012-10-25 01:00:00,False,31.815702075702074,0.9,0.1,4,36,31.815702075702074,4,0,True,high
2012-10-25 02:00:00,False,11.957582792207797,0.9,0.1,2,14,11.957582792207797,2,0,True,high
2012-10-25 03:00:00,False,7.076213578088581,0.9,0.1,1,9,7.076213578088581,1,0,True,high
2012-10-25 04:00:00,False,6.385156114718614,0.9,0.1,1,8,6.385156114718614,1,0,True,high
2012-10-25 05:00:00,False,40.82435700410699,0.9,0.1,5,46,40.82435700410699,5,0,True,high
2012-10-25 06:00:00,False,171.05719444444443,0.9,0.1,18,190,171.05719444444443,18,0,True,high
2012-10-25 07:00:00,True,520.8699632450887,0.9,0.1,53,574,520.8699632450887,53,0,True,critical
2012-10-25 08:00:00,True,668.3755474664224,0.9,0.1,67,736,668.3755474664224,67,0,True,critical
2012-10-25 09:00:00,True,392.8843547979797,0.9,0.1,40,433,392.8843547979797,40,0,True,critical
2012-10-25 10:00:00,False,200.88871470196474,0.9,0.1,21,222,200.88871470196474,21,0,True,high
2012-10-25 11:00:00,False,237.78321671384177,0.9,0.1,24,262,237.78321671384177,24,0,True,high
2012-10-25 12:00:00,False,303.2986913086912,0.9,0.1,31,335,303.2986913086912,31,0,True,high
2012-10-25 13:00:00,False,348.78446915584414,0.9,0.1,35,384,348.78446915584414,35,0,True,high
2012-10-25 14:00:00,False,338.78970354645367,0.9,0.1,34,373,338.78970354645367,34,0,True,high
2012-10-25 15:00:00,False,340.5494323593074,0.9,0.1,35,376,340.5494323593074,35,0,True,high
2012-10-25 16:00:00,False,463.90119549894536,0.9,0.1,47,511,463.90119549894536,47,0,True,high
2012-10-25 17:00:00,True,789.6938905122655,0.9,0.1,79,869,789.6938905122655,79,0,True,critical
2012-10-25 18:00:00,True,783.0794760101013,0.9,0.1,79,863,783.0794760101013,79,0,True,critical
2012-10-25 19:00:00,True,521.3445761183259,0.9,0.1,53,575,521.3445761183259,53,0,True,critical
2012-10-25 20:00:00,False,394.6759754551005,0.9,0.1,40,435,394.6759754551005,40,0,True,high
2012-10-25 21:00:00,False,244.66833748196245,0.9,0.1,25,270,244.66833748196245,25,0,True,high
2012-10-25 22:00:00,False,211.0656228354978,0.9,0.1,22,234,211.0656228354978,22,0,True,high
2012-10-25 23:00:00,False,139.74724350649356,0.9,0.1,14,154,139.74724350649356,14,0,True,high
2012-10-26 00:00:00,False,81.98220616883118,0.9,0.1,9,91,81.98220616883118,9,0,True,high
2012-10-26 01:00:00,False,30.684059218559227,0.9,0.1,4,35,30.684059218559227,4,0,True,high
2012-10-26 02:00:00,False,17.379381715506717,0.9,0.1,2,20,17.379381715506717,2,0,True,high
2012-10-26 03:00:00,False,8.165806998557004,0.9,0.1,1,10,8.165806998557004,1,0,True,high
2012-10-26 04:00:00,False,7.064511904761901,0.9,0.1,1,9,7.064511904761901,1,0,True,high
2012-10-26 05:00:00,False,39.23762630425131,0.9,0.1,4,44,39.23762630425131,4,0,True,high
2012-10-26 06:00:00,False,150.2479214535464,0.9,0.1,16,167,150.2479214535464,16,0,True,high
2012-10-26 07:00:00,True,417.42241756854264,0.9,0.1,42,460,417.42241756854264,42,0,True,critical
2012-10-26 08:00:00,True,670.2373962842711,0.9,0.1,68,739,670.2373962842711,68,0,True,critical
2012-10-26 09:00:00,True,373.4655554029302,0.9,0.1,38,412,373.4655554029302,38,0,True,critical
2012-10-26 10:00:00,False,271.06729797979807,0.9,0.1,28,300,271.06729797979807,28,0,True,high
2012-10-26 11:00:00,False,222.82492442279946,0.9,0.1,23,246,222.82492442279946,23,0,True,high
2012-10-26 12:00:00,False,356.7456454933955,0.9,0.1,36,393,356.7456454933955,36,0,True,high
2012-10-26 13:00:00,False,410.815494047619,0.9,0.1,42,453,410.815494047619,42,0,True,high
2012-10-26 14:00:00,False,376.55399490786994,0.9,0.1,38,415,376.55399490786994,38,0,True,high
2012-10-26 15:00:00,False,399.768514069264,0.9,0.1,40,440,399.768514069264,40,0,True,high
2012-10-26 16:00:00,False,506.078362998113,0.9,0.1,51,558,506.078362998113,51,0,True,high
2012-10-26 17:00:00,True,706.8039529220779,0.9,0.1,71,778,706.8039529220779,71,0,True,critical
2012-10-26 18:00:00,True,748.4206275252525,0.9,0.1,75,824,748.4206275252525,75,0,True,critical
2012-10-26 19:00:00,True,471.91087475024983,0.9,0.1,48,520,471.91087475024983,48,0,True,critical
2012-10-26 20:00:00,False,342.82592589355073,0.9,0.1,35,378,342.82592589355073,35,0,True,high
2012-10-26 21:00:00,False,229.70861806249297,0.9,0.1,23,253,229.70861806249297,23,0,True,high
2012-10-26 22:00:00,False,214.52031890331887,0.9,0.1,22,237,214.52031890331887,22,0,True,high
2012-10-26 23:00:00,False,161.61434451659454,0.9,0.1,17,179,161.61434451659454,17,0,True,high
2012-10-27 00:00:00,False,131.41030284992792,0.9,0.1,14,146,131.41030284992792,14,0,True,high
2012-10-27 01:00:00,False,102.43989152514153,0.9,0.1,11,114,102.43989152514153,11,0,True,high
2012-10-27 02:00:00,False,99.88742309079812,0.9,0.1,10,110,99.88742309079812,10,0,True,high
2012-10-27 03:00:00,False,42.30778102453101,0.9,0.1,5,48,42.30778102453101,5,0,True,high
2012-10-27 04:00:00,False,13.076322510822513,0.9,0.1,2,16,13.076322510822513,2,0,True,high
2012-10-27 05:00:00,False,14.889791666666653,0.9,0.1,2,17,14.889791666666653,2,0,True,high
2012-10-27 06:00:00,False,28.10633648296147,0.9,0.1,3,32,28.10633648296147,3,0,True,high
2012-10-27 07:00:00,True,68.86499579587081,0.9,0.1,7,76,68.86499579587081,7,0,True,critical
2012-10-27 08:00:00,True,211.88990422077927,0.9,0.1,22,234,211.88990422077927,22,0,True,critical
2012-10-27 09:00:00,True,307.35432267732256,0.9,0.1,31,339,307.35432267732256,31,0,True,critical
2012-10-27 10:00:00,False,405.5117413419914,0.9,0.1,41,447,405.5117413419914,41,0,True,high
2012-10-27 11:00:00,False,533.1449372155623,0.9,0.1,54,588,533.1449372155623,54,0,True,high
2012-10-27 12:00:00,False,579.6741070734823,0.9,0.1,58,638,579.6741070734823,58,0,True,high
2012-10-27 13:00:00,False,604.9384023337772,0.9,0.1,61,666,604.9384023337772,61,0,True,high
2012-10-27 14:00:00,False,609.87131990232,0.9,0.1,61,671,609.87131990232,61,0,True,high
2012-10-27 15:00:00,False,589.8084305971805,0.9,0.1,59,649,589.8084305971805,59,0,True,high
2012-10-27 16:00:00,False,549.3752284104784,0.9,0.1,55,605,549.3752284104784,55,0,True,high
2012-10-27 17:00:00,True,637.0269971139973,0.9,0.1,64,702,637.0269971139973,64,0,True,critical
2012-10-27 18:00:00,True,551.2012178932179,0.9,0.1,56,608,551.2012178932179,56,0,True,critical
2012-10-27 19:00:00,True,390.0062182539681,0.9,0.1,40,431,390.0062182539681,40,0,True,critical
2012-10-27 20:00:00,False,254.0219736652237,0.9,0.1,26,281,254.0219736652237,26,0,True,high
2012-10-27 21:00:00,False,277.23404599567095,0.9,0.1,28,306,277.23404599567095,28,0,True,high
2012-10-27 22:00:00,False,177.80299819624827,0.9,0.1,18,196,177.80299819624827,18,0,True,high
2012-10-27 23:00:00,False,128.49112139249638,0.9,0.1,13,142,128.49112139249638,13,0,True,high
2012-10-28 00:00:00,False,124.18905248917748,0.9,0.1,13,138,124.18905248917748,13,0,True,high
2012-10-28 01:00:00,False,86.05394234931738,0.9,0.1,9,96,86.05394234931738,9,0,True,high
2012-10-28 02:00:00,False,95.61654860417362,0.9,0.1,10,106,95.61654860417362,10,0,True,high
2012-10-28 03:00:00,False,57.80703300865798,0.9,0.1,6,64,57.80703300865798,6,0,True,high
2012-10-28 04:00:00,False,39.95491865079365,0.9,0.1,4,44,39.95491865079365,4,0,True,high
2012-10-28 05:00:00,False,13.10686084748585,0.9,0.1,2,16,13.10686084748585,2,0,True,high
2012-10-28 06:00:00,False,66.99797286047284,0.9,0.1,7,74,66.99797286047284,7,0,True,high
2012-10-28 07:00:00,True,83.89756295093795,0.9,0.1,9,93,83.89756295093795,9,0,True,critical
2012-10-28 08:00:00,True,146.76770579420585,0.9,0.1,15,162,146.76770579420585,15,0,True,critical
2012-10-28 09:00:00,True,291.74552464202475,0.9,0.1,30,322,291.74552464202475,30,0,True,critical
2012-10-28 10:00:00,False,376.82133780108774,0.9,0.1,38,415,376.82133780108774,38,0,True,high
2012-10-28 11:00:00,False,520.4099557109557,0.9,0.1,53,574,520.4099557109557,53,0,True,high
2012-10-28 12:00:00,False,516.5635895354644,0.9,0.1,52,569,516.5635895354644,52,0,True,high
2012-10-28 13:00:00,False,539.9176128177378,0.9,0.1,54,594,539.9176128177378,54,0,True,high
2012-10-28 14:00:00,False,522.5358808413807,0.9,0.1,53,576,522.5358808413807,53,0,True,high
2012-10-28 15:00:00,False,524.2370137778888,0.9,0.1,53,578,524.2370137778888,53,0,True,high
2012-10-28 16:00:00,False,390.38787398712407,0.9,0.1,40,431,390.38787398712407,40,0,True,high
2012-10-28 17:00:00,True,355.06875151237654,0.9,0.1,36,392,355.06875151237654,36,0,True,critical
2012-10-28 18:00:00,True,190.3311980519481,0.9,0.1,20,211,190.3311980519481,20,0,True,critical
2012-10-28 19:00:00,True,155.5893939671441,0.9,0.1,16,172,155.5893939671441,16,0,True,critical
2012-10-28 20:00:00,False,58.6522014790765,0.9,0.1,6,65,58.6522014790765,6,0,True,high
2012-10-28 21:00:00,False,53.32582124819627,0.9,0.1,6,60,53.32582124819627,6,0,True,high
2012-10-28 22:00:00,False,46.90999134199137,0.9,0.1,5,52,46.90999134199137,5,0,True,high
2012-10-28 23:00:00,False,35.01291973304473,0.9,0.1,4,40,35.01291973304473,4,0,True,high
2012-10-29 00:00:00,False,27.755155344655364,0.9,0.1,3,31,27.755155344655364,3,0,True,high
2012-10-30 13:00:00,False,39.76512500000002,0.9,0.1,4,44,39.76512500000002,4,0,True,high
2012-10-30 14:00:00,False,122.88476313963814,0.9,0.1,13,136,122.88476313963814,13,0,True,high
2012-10-30 15:00:00,False,138.09599733599734,0.9,0.1,14,153,138.09599733599734,14,0,True,high
2012-10-30 16:00:00,False,158.6164623015873,0.9,0.1,16,175,158.6164623015873,16,0,True,high
2012-10-30 17:00:00,True,170.5064435841936,0.9,0.1,18,189,170.5064435841936,18,0,True,critical
2012-10-30 18:00:00,True,140.88400310800307,0.9,0.1,15,156,140.88400310800307,15,0,True,critical
2012-10-30 19:00:00,True,228.45971360583863,0.9,0.1,23,252,228.45971360583863,23,0,True,critical
2012-10-30 20:00:00,False,267.7900753968254,0.9,0.1,27,295,267.7900753968254,27,0,True,high
2012-10-30 21:00:00,False,106.07433351370847,0.9,0.1,11,118,106.07433351370847,11,0,True,high
2012-10-30 22:00:00,False,89.44471514596515,0.9,0.1,9,99,89.44471514596515,9,0,True,high
2012-10-30 23:00:00,False,96.15216806804308,0.9,0.1,10,107,96.15216806804308,10,0,True,high
2012-10-31 00:00:00,False,50.559892676767674,0.9,0.1,6,57,50.559892676767674,6,0,True,high
2012-10-31 01:00:00,False,29.129538961038953,0.9,0.1,3,33,29.129538961038953,3,0,True,high
2012-10-31 02:00:00,False,14.623058136308124,0.9,0.1,2,17,14.623058136308124,2,0,True,high
2012-10-31 03:00:00,False,10.641838689088686,0.9,0.1,2,13,10.641838689088686,2,0,True,high
2012-10-31 04:00:00,False,5.48960155122655,0.9,0.1,1,7,5.48960155122655,1,0,True,high
2012-10-31 05:00:00,False,40.24856515706515,0.9,0.1,5,46,40.24856515706515,5,0,True,high
2012-10-31 06:00:00,False,124.70462012987015,0.9,0.1,13,138,124.70462012987015,13,0,True,high
2012-10-31 07:00:00,True,369.62530709568216,0.9,0.1,37,407,369.62530709568216,37,0,True,critical
2012-10-31 08:00:00,True,548.5507848124098,0.9,0.1,55,604,548.5507848124098,55,0,True,critical
2012-10-31 09:00:00,True,370.348493034743,0.9,0.1,38,409,370.348493034743,38,0,True,critical
2012-10-31 10:00:00,False,182.5397083333334,0.9,0.1,19,202,182.5397083333334,19,0,True,high
2012-10-31 11:00:00,False,190.80357124819625,0.9,0.1,20,211,190.80357124819625,20,0,True,high
2012-10-31 12:00:00,False,234.10079807692307,0.9,0.1,24,259,234.10079807692307,24,0,True,high
2012-10-31 13:00:00,False,250.5575115440116,0.9,0.1,26,277,250.5575115440116,26,0,True,high
2012-10-31 14:00:00,False,208.1552617243868,0.9,0.1,21,230,208.1552617243868,21,0,True,high
2012-10-31 15:00:00,False,223.0424805194806,0.9,0.1,23,247,223.0424805194806,23,0,True,high
2012-10-31 16:00:00,False,347.5714454573206,0.9,0.1,35,383,347.5714454573206,35,0,True,high
2012-10-31 17:00:00,True,550.8211383477632,0.9,0.1,56,607,550.8211383477632,56,0,True,critical
2012-10-31 18:00:00,True,577.2741388888892,0.9,0.1,58,636,577.2741388888892,58,0,True,critical
2012-10-31 19:00:00,True,450.99248297535814,0.9,0.1,46,497,450.99248297535814,46,0,True,critical
2012-10-31 20:00:00,False,333.36644805194805,0.9,0.1,34,368,333.36644805194805,34,0,True,high
2012-10-31 21:00:00,False,217.74663005050513,0.9,0.1,22,240,217.74663005050513,22,0,True,high
2012-10-31 22:00:00,False,161.8598682289932,0.9,0.1,17,179,161.8598682289932,17,0,True,high
2012-10-31 23:00:00,False,117.42818900543902,0.9,0.1,12,130,117.42818900543902,12,0,True,high
2012-11-01 00:00:00,False,64.83254915223664,0.9,0.1,7,72,64.83254915223664,7,0,True,high
2012-11-01 01:00:00,False,38.22879868742369,0.9,0.1,4,43,38.22879868742369,4,0,True,high
2012-11-01 02:00:00,False,20.05235439560439,0.9,0.1,3,24,20.05235439560439,3,0,True,high
2012-11-01 03:00:00,False,15.424410353535352,0.9,0.1,2,18,15.424410353535352,2,0,True,high
2012-11-01 04:00:00,False,7.46465719003219,0.9,0.1,1,9,7.46465719003219,1,0,True,high
2012-11-01 05:00:00,False,34.90999364524365,0.9,0.1,4,39,34.90999364524365,4,0,True,high
2012-11-01 06:00:00,False,158.29357481407487,0.9,0.1,16,175,158.29357481407487,16,0,True,high
2012-11-01 07:00:00,True,445.4245200216451,0.9,0.1,45,491,445.4245200216451,45,0,True,critical
2012-11-01 08:00:00,True,648.8472018398268,0.9,0.1,65,714,648.8472018398268,65,0,True,critical
2012-11-01 09:00:00,True,355.0730393217893,0.9,0.1,36,392,355.0730393217893,36,0,True,critical
2012-11-01 10:00:00,False,192.94723849761354,0.9,0.1,20,213,192.94723849761354,20,0,True,high
2012-11-01 11:00:00,False,157.3563443362194,0.9,0.1,16,174,157.3563443362194,16,0,True,high
2012-11-01 12:00:00,False,194.63023430735936,0.9,0.1,20,215,194.63023430735936,20,0,True,high
2012-11-01 13:00:00,False,217.90978517316026,0.9,0.1,22,240,217.90978517316026,22,0,True,high
2012-11-01 14:00:00,False,242.6330785742035,0.9,0.1,25,268,242.6330785742035,25,0,True,high
2012-11-01 15:00:00,False,207.15396428571438,0.9,0.1,21,229,207.15396428571438,21,0,True,high
2012-11-01 16:00:00,False,316.92502074314575,0.9,0.1,32,349,316.92502074314575,32,0,True,high
2012-11-01 17:00:00,True,703.6274300144302,0.9,0.1,71,775,703.6274300144302,71,0,True,critical
2012-11-01 18:00:00,True,572.9483643994894,0.9,0.1,58,631,572.9483643994894,58,0,True,critical
2012-11-01 19:00:00,True,456.21853661616166,0.9,0.1,46,503,456.21853661616166,46,0,True,critical
2012-11-01 20:00:00,False,325.5733235930736,0.9,0.1,33,359,325.5733235930736,33,0,True,high
2012-11-01 21:00:00,False,210.6207713258963,0.9,0.1,22,233,210.6207713258963,22,0,True,high
2012-11-01 22:00:00,False,207.90667496392496,0.9,0.1,21,229,207.90667496392496,21,0,True,high
2012-11-01 23:00:00,False,138.832654040404,0.9,0.1,14,153,138.832654040404,14,0,True,high
2012-11-02 00:00:00,False,73.94490857753358,0.9,0.1,8,82,73.94490857753358,8,0,True,high
2012-11-02 01:00:00,False,38.371335137085126,0.9,0.1,4,43,38.371335137085126,4,0,True,high
2012-11-02 02:00:00,False,19.819008741258738,0.9,0.1,2,22,19.819008741258738,2,0,True,high
2012-11-02 03:00:00,False,10.496530303030305,0.9,0.1,2,13,10.496530303030305,2,0,True,high
2012-11-02 04:00:00,False,5.617598484848486,0.9,0.1,1,7,5.617598484848486,1,0,True,high
2012-11-02 05:00:00,False,39.26813032800532,0.9,0.1,4,44,39.26813032800532,4,0,True,high
2012-11-02 06:00:00,False,121.58749585137089,0.9,0.1,13,135,121.58749585137089,13,0,True,high
2012-11-02 07:00:00,True,374.5918368575869,0.9,0.1,38,413,374.5918368575869,38,0,True,critical
2012-11-02 08:00:00,True,665.5922373321125,0.9,0.1,67,733,665.5922373321125,67,0,True,critical
2012-11-02 09:00:00,True,373.72494642857123,0.9,0.1,38,412,373.72494642857123,38,0,True,critical
2012-11-02 10:00:00,False,246.1151984404484,0.9,0.1,25,272,246.1151984404484,25,0,True,high
2012-11-02 11:00:00,False,222.2784034992787,0.9,0.1,23,246,222.2784034992787,23,0,True,high
2012-11-02 12:00:00,False,267.83424458874464,0.9,0.1,27,295,267.83424458874464,27,0,True,high
2012-11-02 13:00:00,False,269.99327290764785,0.9,0.1,27,297,269.99327290764785,27,0,True,high
2012-11-02 14:00:00,False,259.82541919191925,0.9,0.1,26,286,259.82541919191925,26,0,True,high
2012-11-02 15:00:00,False,266.20992153679646,0.9,0.1,27,294,266.20992153679646,27,0,True,high
2012-11-02 16:00:00,False,390.64721969696956,0.9,0.1,40,431,390.64721969696956,40,0,True,high
2012-11-02 17:00:00,True,679.1463721139974,0.9,0.1,68,748,679.1463721139974,68,0,True,critical
2012-11-02 18:00:00,True,594.9470077561328,0.9,0.1,60,655,594.9470077561328,60,0,True,critical
2012-11-02 19:00:00,True,429.0296996336997,0.9,0.1,43,473,429.0296996336997,43,0,True,critical
2012-11-02 20:00:00,False,299.2854823509824,0.9,0.1,30,330,299.2854823509824,30,0,True,high
2012-11-02 21:00:00,False,203.9220351731602,0.9,0.1,21,225,203.9220351731602,21,0,True,high
2012-11-02 22:00:00,False,159.74250324675333,0.9,0.1,16,176,159.74250324675333,16,0,True,high
2012-11-02 23:00:00,False,111.12805326617827,0.9,0.1,12,124,111.12805326617827,12,0,True,high
2012-11-03 00:00:00,False,107.40609194971698,0.9,0.1,11,119,107.40609194971698,11,0,True,high
2012-11-03 01:00:00,False,91.12322391497392,0.9,0.1,10,102,91.12322391497392,10,0,True,high
2012-11-03 02:00:00,False,71.42327525252529,0.9,0.1,8,80,71.42327525252529,8,0,True,high
2012-11-03 03:00:00,False,36.0068113275613,0.9,0.1,4,41,36.0068113275613,4,0,True,high
2012-11-03 04:00:00,False,11.6975,0.9,0.1,2,14,11.6975,2,0,True,high
2012-11-03 05:00:00,False,26.978952561327556,0.9,0.1,3,30,26.978952561327556,3,0,True,high
2012-11-03 06:00:00,False,30.968062243312243,0.9,0.1,4,35,30.968062243312243,4,0,True,high
2012-11-03 07:00:00,True,55.77198466810965,0.9,0.1,6,62,55.77198466810965,6,0,True,critical
2012-11-03 08:00:00,True,148.14998629148627,0.9,0.1,15,164,148.14998629148627,15,0,True,critical
2012-11-03 09:00:00,True,198.7805674603175,0.9,0.1,20,219,198.7805674603175,20,0,True,critical
2012-11-03 10:00:00,False,236.89131331168846,0.9,0.1,24,261,236.89131331168846,24,0,True,high
2012-11-03 11:00:00,False,299.5768598484849,0.9,0.1,30,330,299.5768598484849,30,0,True,high
2012-11-03 12:00:00,False,319.7578225108227,0.9,0.1,32,352,319.7578225108227,32,0,True,high
2012-11-03 13:00:00,False,322.5283827561328,0.9,0.1,33,356,322.5283827561328,33,0,True,high
2012-11-03 14:00:00,False,422.06945382395384,0.9,0.1,43,466,422.06945382395384,43,0,True,high
2012-11-03 15:00:00,False,416.9363304473305,0.9,0.1,42,459,416.9363304473305,42,0,True,high
2012-11-03 16:00:00,False,434.91168242868247,0.9,0.1,44,479,434.91168242868247,44,0,True,high
2012-11-03 17:00:00,True,404.7753934676433,0.9,0.1,41,446,404.7753934676433,41,0,True,critical
2012-11-03 18:00:00,True,361.6437742673994,0.9,0.1,37,399,361.6437742673994,37,0,True,critical
2012-11-03 19:00:00,True,334.9098624431124,0.9,0.1,34,369,334.9098624431124,34,0,True,critical
2012-11-03 20:00:00,False,292.00110876623376,0.9,0.1,30,323,292.00110876623376,30,0,True,high
2012-11-03 21:00:00,False,193.02994065656566,0.9,0.1,20,214,193.02994065656566,20,0,True,high
2012-11-03 22:00:00,False,152.45872582972578,0.9,0.1,16,169,152.45872582972578,16,0,True,high
2012-11-03 23:00:00,False,125.11427469752472,0.9,0.1,13,139,125.11427469752472,13,0,True,high
2012-11-04 00:00:00,False,120.18567063492058,0.9,0.1,13,134,120.18567063492058,13,0,True,high
2012-11-04 01:00:00,False,84.54277994227996,0.9,0.1,9,94,84.54277994227996,9,0,True,high
2012-11-04 02:00:00,False,115.75870050782552,0.9,0.1,12,128,115.75870050782552,12,0,True,high
2012-11-04 03:00:00,False,33.4340145965146,0.9,0.1,4,38,33.4340145965146,4,0,True,high
2012-11-04 04:00:00,False,7.221680014430012,0.9,0.1,1,9,7.221680014430012,1,0,True,high
2012-11-04 05:00:00,False,23.462688034188037,0.9,0.1,3,27,23.462688034188037,3,0,True,high
2012-11-04 06:00:00,False,17.952045995670996,0.9,0.1,2,20,17.952045995670996,2,0,True,high
2012-11-04 07:00:00,True,42.93468416305918,0.9,0.1,5,48,42.93468416305918,5,0,True,critical
2012-11-04 08:00:00,True,114.94614159451666,0.9,0.1,12,127,114.94614159451666,12,0,True,critical
2012-11-04 09:00:00,True,206.13705081030082,0.9,0.1,21,228,206.13705081030082,21,0,True,critical
2012-11-04 10:00:00,False,233.14403363303376,0.9,0.1,24,258,233.14403363303376,24,0,True,high
2012-11-04 11:00:00,False,331.7442752525252,0.9,0.1,34,366,331.7442752525252,34,0,True,high
2012-11-04 12:00:00,False,422.0709884698635,0.9,0.1,43,466,422.0709884698635,43,0,True,high
2012-11-04 13:00:00,False,463.2965829725835,0.9,0.1,47,511,463.2965829725835,47,0,True,high
2012-11-04 14:00:00,False,468.29597727272755,0.9,0.1,47,516,468.29597727272755,47,0,True,high
2012-11-04 15:00:00,False,478.5584440836943,0.9,0.1,48,527,478.5584440836943,48,0,True,high
2012-11-04 16:00:00,False,438.8941331307583,0.9,0.1,44,483,438.8941331307583,44,0,True,high
2012-11-04 17:00:00,True,399.078748085248,0.9,0.1,40,440,399.078748085248,40,0,True,critical
2012-11-04 18:00:00,True,290.9952149655899,0.9,0.1,30,321,290.9952149655899,30,0,True,critical
2012-11-04 19:00:00,True,216.75917568542576,0.9,0.1,22,239,216.75917568542576,22,0,True,critical
2012-11-04 20:00:00,False,190.16637197524705,0.9,0.1,20,211,190.16637197524705,20,0,True,high
2012-11-04 21:00:00,False,145.12247510822513,0.9,0.1,15,161,145.12247510822513,15,0,True,high
2012-11-04 22:00:00,False,96.10600298312801,0.9,0.1,10,107,96.10600298312801,10,0,True,high
2012-11-04 23:00:00,False,81.31542279942278,0.9,0.1,9,91,81.31542279942278,9,0,True,high
2012-11-05 00:00:00,False,45.44590710678211,0.9,0.1,5,51,45.44590710678211,5,0,True,high
2012-11-05 01:00:00,False,41.50791233766234,0.9,0.1,5,47,41.50791233766234,5,0,True,high
2012-11-05 02:00:00,False,16.552869658119654,0.9,0.1,2,19,16.552869658119654,2,0,True,high
2012-11-05 03:00:00,False,10.954794372294371,0.9,0.1,2,13,10.954794372294371,2,0,True,high
2012-11-05 04:00:00,False,4.579037878787877,0.9,0.1,1,6,4.579037878787877,1,0,True,high
2012-11-05 05:00:00,False,23.279413780663777,0.9,0.1,3,27,23.279413780663777,3,0,True,high
2012-11-05 06:00:00,False,146.75762207237213,0.9,0.1,15,162,146.75762207237213,15,0,True,high
2012-11-05 07:00:00,True,433.6003374819624,0.9,0.1,44,478,433.6003374819624,44,0,True,critical
2012-11-05 08:00:00,True,431.4608235930736,0.9,0.1,44,476,431.4608235930736,44,0,True,critical
2012-11-05 09:00:00,True,327.9587688006437,0.9,0.1,33,361,327.9587688006437,33,0,True,critical
2012-11-05 10:00:00,False,211.46970454545436,0.9,0.1,22,234,211.46970454545436,22,0,True,high
2012-11-05 11:00:00,False,176.9689900793651,0.9,0.1,18,195,176.9689900793651,18,0,True,high
2012-11-05 12:00:00,False,187.6797242063492,0.9,0.1,19,207,187.6797242063492,19,0,True,high
2012-11-05 13:00:00,False,255.86937572150072,0.9,0.1,26,282,255.86937572150072,26,0,True,high
2012-11-05 14:00:00,False,213.7082958985459,0.9,0.1,22,236,213.7082958985459,22,0,True,high
2012-11-05 15:00:00,False,209.45297127872138,0.9,0.1,21,231,209.45297127872138,21,0,True,high
2012-11-05 16:00:00,False,322.1936071428572,0.9,0.1,33,356,322.1936071428572,33,0,True,high
2012-11-05 17:00:00,True,505.8667145632145,0.9,0.1,51,557,505.8667145632145,51,0,True,critical
2012-11-05 18:00:00,True,468.4687573953822,0.9,0.1,47,516,468.4687573953822,47,0,True,critical
2012-11-05 19:00:00,True,338.34959704184706,0.9,0.1,34,373,338.34959704184706,34,0,True,critical
2012-11-05 20:00:00,False,230.19516522366524,0.9,0.1,24,255,230.19516522366524,24,0,True,high
2012-11-05 21:00:00,False,193.76412247474747,0.9,0.1,20,214,193.76412247474747,20,0,True,high
2012-11-05 22:00:00,False,116.43160840548342,0.9,0.1,12,129,116.43160840548342,12,0,True,high
2012-11-05 23:00:00,False,72.9258538961039,0.9,0.1,8,81,72.9258538961039,8,0,True,high
2012-11-06 00:00:00,False,33.13312536075037,0.9,0.1,4,38,33.13312536075037,4,0,True,high
2012-11-06 01:00:00,False,27.440417207792194,0.9,0.1,3,31,27.440417207792194,3,0,True,high
2012-11-06 02:00:00,False,12.244353604728603,0.9,0.1,2,15,12.244353604728603,2,0,True,high
2012-11-06 03:00:00,False,9.916289502164497,0.9,0.1,1,11,9.916289502164497,1,0,True,high
2012-11-06 04:00:00,False,4.252077380952381,0.9,0.1,1,6,4.252077380952381,1,0,True,high
2012-11-06 05:00:00,False,31.337033730158737,0.9,0.1,4,36,31.337033730158737,4,0,True,high
2012-11-06 06:00:00,False,159.89302056277057,0.9,0.1,16,176,159.89302056277057,16,0,True,high
2012-11-06 07:00:00,True,437.32472474747453,0.9,0.1,44,482,437.32472474747453,44,0,True,critical
2012-11-06 08:00:00,True,622.6406343378843,0.9,0.1,63,686,622.6406343378843,63,0,True,critical
2012-11-06 09:00:00,True,319.161534992785,0.9,0.1,32,352,319.161534992785,32,0,True,critical
2012-11-06 10:00:00,False,204.95120869408368,0.9,0.1,21,226,204.95120869408368,21,0,True,high
2012-11-06 11:00:00,False,237.8266648212899,0.9,0.1,24,262,237.8266648212899,24,0,True,high
2012-11-06 12:00:00,False,266.52495847208354,0.9,0.1,27,294,266.52495847208354,27,0,True,high
2012-11-06 13:00:00,False,243.81565097402586,0.9,0.1,25,269,243.81565097402586,25,0,True,high
2012-11-06 14:00:00,False,240.35567478354983,0.9,0.1,25,266,240.35567478354983,25,0,True,high
2012-11-06 15:00:00,False,255.01192597680085,0.9,0.1,26,282,255.01192597680085,26,0,True,high
2012-11-06 16:00:00,False,341.30227922077904,0.9,0.1,35,377,341.30227922077904,35,0,True,high
2012-11-06 17:00:00,True,577.7172635836388,0.9,0.1,58,636,577.7172635836388,58,0,True,critical
2012-11-06 18:00:00,True,524.2238448773446,0.9,0.1,53,578,524.2238448773446,53,0,True,critical
2012-11-06 19:00:00,True,361.3817554112554,0.9,0.1,37,399,361.3817554112554,37,0,True,critical
2012-11-06 20:00:00,False,257.5396568986569,0.9,0.1,26,284,257.5396568986569,26,0,True,high
2012-11-06 21:00:00,False,176.7282963564213,0.9,0.1,18,195,176.7282963564213,18,0,True,high
2012-11-06 22:00:00,False,114.44231618381613,0.9,0.1,12,127,114.44231618381613,12,0,True,high
2012-11-06 23:00:00,False,85.8849094516595,0.9,0.1,9,95,85.8849094516595,9,0,True,high
2012-11-07 00:00:00,False,97.12382449494947,0.9,0.1,10,108,97.12382449494947,10,0,True,high
2012-11-07 01:00:00,False,185.42067261904754,0.9,0.1,19,205,185.42067261904754,19,0,True,high
2012-11-07 02:00:00,False,56.513128246753276,0.9,0.1,6,63,56.513128246753276,6,0,True,high
2012-11-07 03:00:00,False,41.49366612554113,0.9,0.1,5,47,41.49366612554113,5,0,True,high
2012-11-07 04:00:00,False,4.926856060606059,0.9,0.1,1,6,4.926856060606059,1,0,True,high
2012-11-07 05:00:00,False,31.460980741480753,0.9,0.1,4,36,31.460980741480753,4,0,True,high
2012-11-07 06:00:00,False,123.13598304473302,0.9,0.1,13,137,123.13598304473302,13,0,True,high
2012-11-07 07:00:00,True,373.0841543179042,0.9,0.1,38,412,373.0841543179042,38,0,True,critical
2012-11-07 08:00:00,True,612.4522992424241,0.9,0.1,62,675,612.4522992424241,62,0,True,critical
2012-11-07 09:00:00,True,323.82569635919646,0.9,0.1,33,357,323.82569635919646,33,0,True,critical
2012-11-07 10:00:00,False,217.09299044011547,0.9,0.1,22,240,217.09299044011547,22,0,True,high
2012-11-07 11:00:00,False,183.21975054112553,0.9,0.1,19,203,183.21975054112553,19,0,True,high
2012-11-07 12:00:00,False,167.61747335997342,0.9,0.1,17,185,167.61747335997342,17,0,True,high
2012-11-07 13:00:00,False,227.05292017704528,0.9,0.1,23,251,227.05292017704528,23,0,True,high
2012-11-07 14:00:00,False,182.62861847874348,0.9,0.1,19,202,182.62861847874348,19,0,True,high
2012-11-07 15:00:00,False,167.1703321955822,0.9,0.1,17,185,167.1703321955822,17,0,True,high
2012-11-07 16:00:00,False,290.26124848762356,0.9,0.1,30,321,290.26124848762356,30,0,True,high
2012-11-07 17:00:00,True,521.3915947940949,0.9,0.1,53,575,521.3915947940949,53,0,True,critical
2012-11-07 18:00:00,True,461.81451362526354,0.9,0.1,47,509,461.81451362526354,47,0,True,critical
2012-11-07 19:00:00,True,364.76675901875876,0.9,0.1,37,402,364.76675901875876,37,0,True,critical
2012-11-07 20:00:00,False,230.07832215007224,0.9,0.1,24,255,230.07832215007224,24,0,True,high
2012-11-07 21:00:00,False,201.31431096681098,0.9,0.1,21,223,201.31431096681098,21,0,True,high
2012-11-07 22:00:00,False,99.01785653235655,0.9,0.1,10,110,99.01785653235655,10,0,True,high
2012-11-07 23:00:00,False,59.218558830058825,0.9,0.1,6,66,59.218558830058825,6,0,True,high
2012-11-08 00:00:00,False,45.99020400432901,0.9,0.1,5,51,45.99020400432901,5,0,True,high
2012-11-08 01:00:00,False,31.217749278499287,0.9,0.1,4,36,31.217749278499287,4,0,True,high
2012-11-08 02:00:00,False,11.735782183094672,0.9,0.1,2,14,11.735782183094672,2,0,True,high
2012-11-08 04:00:00,False,4.953993145743144,0.9,0.1,1,6,4.953993145743144,1,0,True,high
2012-11-08 05:00:00,False,24.24134819347319,0.9,0.1,3,28,24.24134819347319,3,0,True,high
2012-11-08 06:00:00,False,126.59299149461647,0.9,0.1,13,140,126.59299149461647,13,0,True,high
2012-11-08 07:00:00,True,368.22293011155506,0.9,0.1,37,406,368.22293011155506,37,0,True,critical
2012-11-08 08:00:00,True,557.678619949495,0.9,0.1,56,614,557.678619949495,56,0,True,critical
2012-11-08 09:00:00,True,411.7590059523809,0.9,0.1,42,454,411.7590059523809,42,0,True,critical
2012-11-08 10:00:00,False,271.8734841269841,0.9,0.1,28,300,271.8734841269841,28,0,True,high
2012-11-08 11:00:00,False,170.56891552891548,0.9,0.1,18,189,170.56891552891548,18,0,True,high
2012-11-08 12:00:00,False,216.34354700854695,0.9,0.1,22,239,216.34354700854695,22,0,True,high
2012-11-08 13:00:00,False,258.87785786435796,0.9,0.1,26,285,258.87785786435796,26,0,True,high
2012-11-08 14:00:00,False,220.82587509712502,0.9,0.1,23,244,220.82587509712502,23,0,True,high
2012-11-08 15:00:00,False,205.22827777777778,0.9,0.1,21,227,205.22827777777778,21,0,True,high
2012-11-08 16:00:00,False,302.34210642135645,0.9,0.1,31,334,302.34210642135645,31,0,True,high
2012-11-08 17:00:00,True,551.8954451659451,0.9,0.1,56,608,551.8954451659451,56,0,True,critical
2012-11-08 18:00:00,True,535.8447983127985,0.9,0.1,54,590,535.8447983127985,54,0,True,critical
2012-11-08 19:00:00,True,441.60093835331355,0.9,0.1,45,487,441.60093835331355,45,0,True,critical
2012-11-08 20:00:00,False,272.25598458485973,0.9,0.1,28,301,272.25598458485973,28,0,True,high
2012-11-08 21:00:00,False,216.81795165945158,0.9,0.1,22,239,216.81795165945158,22,0,True,high
2012-11-08 22:00:00,False,170.27053878066374,0.9,0.1,18,189,170.27053878066374,18,0,True,high
2012-11-08 23:00:00,False,103.47712710900208,0.9,0.1,11,115,103.47712710900208,11,0,True,high
2012-11-09 00:00:00,False,67.36647651653901,0.9,0.1,7,75,67.36647651653901,7,0,True,high
2012-11-09 01:00:00,False,38.666348498723465,0.9,0.1,4,43,38.666348498723465,4,0,True,high
2012-11-09 02:00:00,False,13.92957828282828,0.9,0.1,2,16,13.92957828282828,2,0,True,high
2012-11-09 03:00:00,False,6.435462481962479,0.9,0.1,1,8,6.435462481962479,1,0,True,high
2012-11-09 04:00:00,False,5.582710678210682,0.9,0.1,1,7,5.582710678210682,1,0,True,high
2012-11-09 05:00:00,False,26.929354256854257,0.9,0.1,3,30,26.929354256854257,3,0,True,high
2012-11-09 06:00:00,False,98.23340404040403,0.9,0.1,10,109,98.23340404040403,10,0,True,high
2012-11-09 07:00:00,True,374.390322968698,0.9,0.1,38,413,374.390322968698,38,0,True,critical
2012-11-09 08:00:00,True,622.8337315601066,0.9,0.1,63,686,622.8337315601066,63,0,True,critical
2012-11-09 09:00:00,True,344.7310348124097,0.9,0.1,35,380,344.7310348124097,35,0,True,critical
2012-11-09 10:00:00,False,230.2326836219337,0.9,0.1,24,255,230.2326836219337,24,0,True,high
2012-11-09 11:00:00,False,210.9862693001443,0.9,0.1,22,233,210.9862693001443,22,0,True,high
2012-11-09 12:00:00,False,273.3022386363636,0.9,0.1,28,302,273.3022386363636,28,0,True,high
2012-11-09 13:00:00,False,279.4135266955268,0.9,0.1,28,308,279.4135266955268,28,0,True,high
2012-11-09 14:00:00,False,274.5524522005772,0.9,0.1,28,303,274.5524522005772,28,0,True,high
2012-11-09 15:00:00,False,281.2656946248197,0.9,0.1,29,311,281.2656946248197,29,0,True,high
2012-11-09 16:00:00,False,390.7900027056278,0.9,0.1,40,431,390.7900027056278,40,0,True,high
2012-11-09 17:00:00,True,586.3922045454545,0.9,0.1,59,646,586.3922045454545,59,0,True,critical
2012-11-09 18:00:00,True,529.0441344488847,0.9,0.1,53,583,529.0441344488847,53,0,True,critical
2012-11-09 19:00:00,True,404.8148571428572,0.9,0.1,41,446,404.8148571428572,41,0,True,critical
2012-11-09 20:00:00,False,253.53585517260527,0.9,0.1,26,280,253.53585517260527,26,0,True,high
2012-11-09 21:00:00,False,203.76827743090237,0.9,0.1,21,225,203.76827743090237,21,0,True,high
2012-11-09 22:00:00,False,162.86278260628256,0.9,0.1,17,180,162.86278260628256,17,0,True,high
2012-11-09 23:00:00,False,123.78360336885329,0.9,0.1,13,137,123.78360336885329,13,0,True,high
2012-11-10 00:00:00,False,125.9321030913531,0.9,0.1,13,139,125.9321030913531,13,0,True,high
2012-11-10 01:00:00,False,87.97388553113555,0.9,0.1,9,97,87.97388553113555,9,0,True,high
2012-11-10 02:00:00,False,59.296058080808095,0.9,0.1,6,66,59.296058080808095,6,0,True,high
2012-11-10 03:00:00,False,27.72740728715728,0.9,0.1,3,31,27.72740728715728,3,0,True,high
2012-11-10 04:00:00,False,10.997486471861473,0.9,0.1,2,13,10.997486471861473,2,0,True,high
2012-11-10 05:00:00,False,7.544671176046176,0.9,0.1,1,9,7.544671176046176,1,0,True,high
2012-11-10 06:00:00,False,23.485298992673997,0.9,0.1,3,27,23.485298992673997,3,0,True,high
2012-11-10 07:00:00,True,41.706952200577206,0.9,0.1,5,47,41.706952200577206,5,0,True,critical
2012-11-10 08:00:00,True,149.90286183261185,0.9,0.1,15,165,149.90286183261185,15,0,True,critical
2012-11-10 09:00:00,True,227.13438455988455,0.9,0.1,23,251,227.13438455988455,23,0,True,critical
2012-11-10 10:00:00,False,241.4969693362193,0.9,0.1,25,267,241.4969693362193,25,0,True,high
2012-11-10 11:00:00,False,360.9239175685427,0.9,0.1,37,398,360.9239175685427,37,0,True,high
2012-11-10 12:00:00,False,463.0452034632035,0.9,0.1,47,511,463.0452034632035,47,0,True,high
2012-11-10 13:00:00,False,574.006646825397,0.9,0.1,58,633,574.006646825397,58,0,True,high
2012-11-10 14:00:00,False,620.058082792208,0.9,0.1,63,684,620.058082792208,63,0,True,high
2012-11-10 15:00:00,False,568.374784271284,0.9,0.1,57,626,568.374784271284,57,0,True,high
2012-11-10 16:00:00,False,533.6204626623379,0.9,0.1,54,588,533.6204626623379,54,0,True,high
2012-11-10 17:00:00,True,558.5440912698415,0.9,0.1,56,615,558.5440912698415,56,0,True,critical
2012-11-10 18:00:00,True,447.60625613275624,0.9,0.1,45,493,447.60625613275624,45,0,True,critical
2012-11-10 19:00:00,True,315.2181677489178,0.9,0.1,32,348,315.2181677489178,32,0,True,critical
2012-11-10 20:00:00,False,243.34069660894667,0.9,0.1,25,269,243.34069660894667,25,0,True,high
2012-11-10 21:00:00,False,170.54523051948047,0.9,0.1,18,189,170.54523051948047,18,0,True,high
2012-11-10 22:00:00,False,189.50515133477631,0.9,0.1,19,209,189.50515133477631,19,0,True,high
2012-11-10 23:00:00,False,159.95471510434012,0.9,0.1,16,176,159.95471510434012,16,0,True,high
2012-11-11 00:00:00,False,118.06344516594513,0.9,0.1,12,131,118.06344516594513,12,0,True,high
2012-11-11 01:00:00,False,95.13641976079477,0.9,0.1,10,106,95.13641976079477,10,0,True,high
2012-11-11 02:00:00,False,79.08879292929299,0.9,0.1,8,88,79.08879292929299,8,0,True,high
2012-11-11 03:00:00,False,34.315154706404705,0.9,0.1,4,39,34.315154706404705,4,0,True,high
2012-11-11 04:00:00,False,13.904663392163393,0.9,0.1,2,16,13.904663392163393,2,0,True,high
2012-11-11 05:00:00,False,7.203657800532798,0.9,0.1,1,9,7.203657800532798,1,0,True,high
2012-11-11 06:00:00,False,25.190211108336115,0.9,0.1,3,29,25.190211108336115,3,0,True,high
2012-11-11 07:00:00,True,51.2765541264291,0.9,0.1,6,58,51.2765541264291,6,0,True,critical
2012-11-11 08:00:00,True,125.98102380952383,0.9,0.1,13,139,125.98102380952383,13,0,True,critical
2012-11-11 09:00:00,True,217.72350518925515,0.9,0.1,22,240,217.72350518925515,22,0,True,critical
2012-11-11 10:00:00,False,277.48538816738807,0.9,0.1,28,306,277.48538816738807,28,0,True,high
2012-11-11 11:00:00,False,415.24836960261956,0.9,0.1,42,458,415.24836960261956,42,0,True,high
2012-11-11 12:00:00,False,529.7485186618939,0.9,0.1,53,583,529.7485186618939,53,0,True,high
2012-11-11 13:00:00,False,576.3683816738816,0.9,0.1,58,635,576.3683816738816,58,0,True,high
2012-11-11 14:00:00,False,614.2503240370742,0.9,0.1,62,677,614.2503240370742,62,0,True,high
2012-11-11 15:00:00,False,596.6830037878791,0.9,0.1,60,657,596.6830037878791,60,0,True,high
2012-11-11 16:00:00,False,592.7115113497614,0.9,0.1,60,653,592.7115113497614,60,0,True,high
2012-11-11 17:00:00,True,557.258009199134,0.9,0.1,56,614,557.258009199134,56,0,True,critical
2012-11-11 18:00:00,True,421.70183531746045,0.9,0.1,43,465,421.70183531746045,43,0,True,critical
2012-11-11 19:00:00,True,314.87736947774454,0.9,0.1,32,347,314.87736947774454,32,0,True,critical
2012-11-11 20:00:00,False,212.86538095238103,0.9,0.1,22,235,212.86538095238103,22,0,True,high
2012-11-11 21:00:00,False,171.8999063714065,0.9,0.1,18,190,171.8999063714065,18,0,True,high
2012-11-11 22:00:00,False,134.6485692640692,0.9,0.1,14,149,134.6485692640692,14,0,True,high
2012-11-11 23:00:00,False,91.1324487595737,0.9,0.1,10,102,91.1324487595737,10,0,True,high
2012-11-12 00:00:00,False,73.02973237873236,0.9,0.1,8,82,73.02973237873236,8,0,True,high
2012-11-12 01:00:00,False,28.93435160672662,0.9,0.1,3,32,28.93435160672662,3,0,True,high
2012-11-12 02:00:00,False,19.77142207792208,0.9,0.1,2,22,19.77142207792208,2,0,True,high
2012-11-12 03:00:00,False,14.203641372516374,0.9,0.1,2,17,14.203641372516374,2,0,True,high
2012-11-12 04:00:00,False,5.503426226551226,0.9,0.1,1,7,5.503426226551226,1,0,True,high
2012-11-12 05:00:00,False,16.37497576035076,0.9,0.1,2,19,16.37497576035076,2,0,True,high
2012-11-12 06:00:00,False,69.15727661227665,0.9,0.1,7,77,69.15727661227665,7,0,True,high
2012-11-12 07:00:00,True,144.34565945165946,0.9,0.1,15,160,144.34565945165946,15,0,True,critical
2012-11-12 08:00:00,True,375.55566276778774,0.9,0.1,38,414,375.55566276778774,38,0,True,critical
2012-11-12 09:00:00,True,396.86724621212124,0.9,0.1,40,437,396.86724621212124,40,0,True,critical
2012-11-12 10:00:00,False,334.6719766761017,0.9,0.1,34,369,334.6719766761017,34,0,True,high
2012-11-12 11:00:00,False,275.3423023088023,0.9,0.1,28,304,275.3423023088023,28,0,True,high
2012-11-12 12:00:00,False,395.02189013764024,0.9,0.1,40,436,395.02189013764024,40,0,True,high
2012-11-12 13:00:00,False,477.2401475468975,0.9,0.1,48,526,477.2401475468975,48,0,True,high
2012-11-12 14:00:00,False,451.3273403679653,0.9,0.1,46,498,451.3273403679653,46,0,True,high
2012-11-12 15:00:00,False,513.5848475829727,0.9,0.1,52,566,513.5848475829727,52,0,True,high
2012-11-12 16:00:00,False,501.00464303751795,0.9,0.1,51,553,501.00464303751795,51,0,True,high
2012-11-12 17:00:00,True,462.7497389416139,0.9,0.1,47,510,462.7497389416139,47,0,True,critical
2012-11-12 18:00:00,True,559.1852574647576,0.9,0.1,56,616,559.1852574647576,56,0,True,critical
2012-11-12 19:00:00,True,458.49770670995645,0.9,0.1,46,505,458.49770670995645,46,0,True,critical
2012-11-12 20:00:00,False,293.13247753635255,0.9,0.1,30,324,293.13247753635255,30,0,True,high
2012-11-12 21:00:00,False,244.95842839105327,0.9,0.1,25,270,244.95842839105327,25,0,True,high
2012-11-12 22:00:00,False,122.0270271117771,0.9,0.1,13,136,122.0270271117771,13,0,True,high
2012-11-12 23:00:00,False,87.32061545399048,0.9,0.1,9,97,87.32061545399048,9,0,True,high
2012-11-13 00:00:00,False,53.28789187201685,0.9,0.1,6,60,53.28789187201685,6,0,True,high
2012-11-13 01:00:00,False,16.244546176046175,0.9,0.1,2,19,16.244546176046175,2,0,True,high
2012-11-13 02:00:00,False,7.286792804417805,0.9,0.1,1,9,7.286792804417805,1,0,True,high
2012-11-13 03:00:00,False,6.2945881063381055,0.9,0.1,1,8,6.2945881063381055,1,0,True,high
2012-11-13 04:00:00,False,4.810592893217894,0.9,0.1,1,6,4.810592893217894,1,0,True,high
2012-11-13 05:00:00,False,23.84814761627261,0.9,0.1,3,27,23.84814761627261,3,0,True,high
2012-11-13 06:00:00,False,81.09485101010097,0.9,0.1,9,91,81.09485101010097,9,0,True,high
2012-11-13 07:00:00,True,121.62386381673886,0.9,0.1,13,135,121.62386381673886,13,0,True,critical
2012-11-13 08:00:00,True,198.6316684704186,0.9,0.1,20,219,198.6316684704186,20,0,True,critical
2012-11-13 09:00:00,True,287.76643037518033,0.9,0.1,29,317,287.76643037518033,29,0,True,critical
2012-11-13 10:00:00,False,109.41277976190477,0.9,0.1,11,121,109.41277976190477,11,0,True,high
2012-11-13 11:00:00,False,148.77665599678105,0.9,0.1,15,164,148.77665599678105,15,0,True,high
2012-11-13 12:00:00,False,182.58320802808302,0.9,0.1,19,202,182.58320802808302,19,0,True,high
2012-11-13 13:00:00,False,209.10992153679658,0.9,0.1,21,231,209.10992153679658,21,0,True,high
2012-11-13 14:00:00,False,219.12268903318906,0.9,0.1,22,242,219.12268903318906,22,0,True,high
2012-11-13 15:00:00,False,213.1659865551116,0.9,0.1,22,236,213.1659865551116,22,0,True,high
2012-11-13 16:00:00,False,316.19503661616176,0.9,0.1,32,349,316.19503661616176,32,0,True,high
2012-11-13 17:00:00,True,607.6943403679654,0.9,0.1,61,669,607.6943403679654,61,0,True,critical
2012-11-13 18:00:00,True,532.186469766345,0.9,0.1,54,587,532.186469766345,54,0,True,critical
2012-11-13 19:00:00,True,423.23558874458854,0.9,0.1,43,467,423.23558874458854,43,0,True,critical
2012-11-13 20:00:00,False,266.04588628038647,0.9,0.1,27,294,266.04588628038647,27,0,True,high
2012-11-13 21:00:00,False,187.50042157842165,0.9,0.1,19,207,187.50042157842165,19,0,True,high
2012-11-13 22:00:00,False,136.2926028138528,0.9,0.1,14,151,136.2926028138528,14,0,True,high
2012-11-13 23:00:00,False,97.89043976856476,0.9,0.1,10,108,97.89043976856476,10,0,True,high
2012-11-14 00:00:00,False,71.29619101731603,0.9,0.1,8,80,71.29619101731603,8,0,True,high
2012-11-14 01:00:00,False,17.99183838383838,0.9,0.1,2,20,17.99183838383838,2,0,True,high
2012-11-14 02:00:00,False,9.781851551226548,0.9,0.1,1,11,9.781851551226548,1,0,True,high
2012-11-14 03:00:00,False,7.1972108585858585,0.9,0.1,1,9,7.1972108585858585,1,0,True,high
2012-11-14 04:00:00,False,4.510474206349204,0.9,0.1,1,6,4.510474206349204,1,0,True,high
2012-11-14 05:00:00,False,24.314894008769002,0.9,0.1,3,28,24.314894008769002,3,0,True,high
2012-11-14 06:00:00,False,130.73610982073484,0.9,0.1,14,145,130.73610982073484,14,0,True,high
2012-11-14 07:00:00,True,440.0818636363637,0.9,0.1,45,486,440.0818636363637,45,0,True,critical
2012-11-14 08:00:00,True,541.1568591269839,0.9,0.1,55,597,541.1568591269839,55,0,True,critical
2012-11-14 09:00:00,True,340.8702698412698,0.9,0.1,35,376,340.8702698412698,35,0,True,critical
2012-11-14 10:00:00,False,244.91299693362188,0.9,0.1,25,270,244.91299693362188,25,0,True,high
2012-11-14 11:00:00,False,196.02271374458883,0.9,0.1,20,217,196.02271374458883,20,0,True,high
2012-11-14 12:00:00,False,184.42458874458873,0.9,0.1,19,204,184.42458874458873,19,0,True,high
2012-11-14 13:00:00,False,245.84071915584408,0.9,0.1,25,271,245.84071915584408,25,0,True,high
2012-11-14 14:00:00,False,210.24099909812412,0.9,0.1,22,233,210.24099909812412,22,0,True,high
2012-11-14 15:00:00,False,191.76284181096693,0.9,0.1,20,212,191.76284181096693,20,0,True,high
2012-11-14 16:00:00,False,362.2840144300143,0.9,0.1,37,400,362.2840144300143,37,0,True,high
2012-11-14 17:00:00,True,615.4913979076481,0.9,0.1,62,678,615.4913979076481,62,0,True,critical
2012-11-14 18:00:00,True,507.34519264069263,0.9,0.1,51,559,507.34519264069263,51,0,True,critical
2012-11-14 19:00:00,True,394.85908423520914,0.9,0.1,40,435,394.85908423520914,40,0,True,critical
2012-11-14 20:00:00,False,273.3896603535353,0.9,0.1,28,302,273.3896603535353,28,0,True,high
2012-11-14 21:00:00,False,207.04971049783555,0.9,0.1,21,229,207.04971049783555,21,0,True,high
2012-11-14 22:00:00,False,158.17757126207127,0.9,0.1,16,175,158.17757126207127,16,0,True,high
2012-11-14 23:00:00,False,106.00020490620491,0.9,0.1,11,118,106.00020490620491,11,0,True,high
2012-11-15 00:00:00,False,47.69096410533912,0.9,0.1,5,53,47.69096410533912,5,0,True,high
2012-11-15 01:00:00,False,18.697385239760244,0.9,0.1,2,21,18.697385239760244,2,0,True,high
2012-11-15 02:00:00,False,7.77140623265623,0.9,0.1,1,9,7.77140623265623,1,0,True,high
2012-11-15 03:00:00,False,4.83561994949495,0.9,0.1,1,6,4.83561994949495,1,0,True,high
2012-11-15 04:00:00,False,4.273283189033192,0.9,0.1,1,6,4.273283189033192,1,0,True,high
2012-11-15 05:00:00,False,30.642569409756906,0.9,0.1,4,35,30.642569409756906,4,0,True,high
2012-11-15 06:00:00,False,134.54976388888892,0.9,0.1,14,149,134.54976388888892,14,0,True,high
2012-11-15 07:00:00,True,437.64686183261176,0.9,0.1,44,482,437.64686183261176,44,0,True,critical
2012-11-15 08:00:00,True,637.0348272283272,0.9,0.1,64,702,637.0348272283272,64,0,True,critical
2012-11-15 09:00:00,True,318.8990043012543,0.9,0.1,32,351,318.8990043012543,32,0,True,critical
2012-11-15 10:00:00,False,171.07261940836935,0.9,0.1,18,190,171.07261940836935,18,0,True,high
2012-11-15 11:00:00,False,179.34511904761897,0.9,0.1,18,198,179.34511904761897,18,0,True,high
2012-11-15 12:00:00,False,209.40308405483407,0.9,0.1,21,231,209.40308405483407,21,0,True,high
2012-11-15 13:00:00,False,216.35140724553239,0.9,0.1,22,239,216.35140724553239,22,0,True,high
2012-11-15 14:00:00,False,210.82864682539687,0.9,0.1,22,233,210.82864682539687,22,0,True,high
2012-11-15 15:00:00,False,226.52561714674218,0.9,0.1,23,250,226.52561714674218,23,0,True,high
2012-11-15 16:00:00,False,322.4314206349207,0.9,0.1,33,356,322.4314206349207,33,0,True,high
2012-11-15 17:00:00,True,587.5893274642028,0.9,0.1,59,647,587.5893274642028,59,0,True,critical
2012-11-15 18:00:00,True,496.9775234487734,0.9,0.1,50,547,496.9775234487734,50,0,True,critical
2012-11-15 19:00:00,True,381.4994639249638,0.9,0.1,39,421,381.4994639249638,39,0,True,critical
2012-11-15 20:00:00,False,274.7288172521922,0.9,0.1,28,303,274.7288172521922,28,0,True,high
2012-11-15 21:00:00,False,210.40875793650775,0.9,0.1,22,233,210.40875793650775,22,0,True,high
2012-11-15 22:00:00,False,169.40639538239535,0.9,0.1,17,187,169.40639538239535,17,0,True,high
2012-11-15 23:00:00,False,105.92374191086692,0.9,0.1,11,117,105.92374191086692,11,0,True,high
2012-11-16 00:00:00,False,62.1059411976912,0.9,0.1,7,70,62.1059411976912,7,0,True,high
2012-11-16 01:00:00,False,27.544771284271274,0.9,0.1,3,31,27.544771284271274,3,0,True,high
2012-11-16 02:00:00,False,10.440476731601729,0.9,0.1,2,13,10.440476731601729,2,0,True,high
2012-11-16 03:00:00,False,5.177296356421356,0.9,0.1,1,7,5.177296356421356,1,0,True,high
2012-11-16 04:00:00,False,5.464825382950385,0.9,0.1,1,7,5.464825382950385,1,0,True,high
2012-11-16 05:00:00,False,30.204332653457655,0.9,0.1,4,35,30.204332653457655,4,0,True,high
2012-11-16 06:00:00,False,131.51304924242422,0.9,0.1,14,146,131.51304924242422,14,0,True,high
2012-11-16 07:00:00,True,338.3527866161616,0.9,0.1,34,373,338.3527866161616,34,0,True,critical
2012-11-16 08:00:00,True,620.7859530747031,0.9,0.1,63,684,620.7859530747031,63,0,True,critical
2012-11-16 09:00:00,True,336.8015088800089,0.9,0.1,34,371,336.8015088800089,34,0,True,critical
2012-11-16 10:00:00,False,206.18820657120662,0.9,0.1,21,228,206.18820657120662,21,0,True,high
2012-11-16 11:00:00,False,229.48171879509394,0.9,0.1,23,253,229.48171879509394,23,0,True,high
2012-11-16 12:00:00,False,262.4754621212121,0.9,0.1,27,290,262.4754621212121,27,0,True,high
2012-11-16 13:00:00,False,287.6832892385393,0.9,0.1,29,317,287.6832892385393,29,0,True,high
2012-11-16 14:00:00,False,269.845167998668,0.9,0.1,27,297,269.845167998668,27,0,True,high
2012-11-16 15:00:00,False,287.6157794011544,0.9,0.1,29,317,287.6157794011544,29,0,True,high
2012-11-16 16:00:00,False,401.2189715007214,0.9,0.1,41,443,401.2189715007214,41,0,True,high
2012-11-16 17:00:00,True,623.0640591630593,0.9,0.1,63,687,623.0640591630593,63,0,True,critical
2012-11-16 18:00:00,True,506.6133695887445,0.9,0.1,51,558,506.6133695887445,51,0,True,critical
2012-11-16 19:00:00,True,368.3696942640693,0.9,0.1,37,406,368.3696942640693,37,0,True,critical
2012-11-16 20:00:00,False,262.211321997447,0.9,0.1,27,290,262.211321997447,27,0,True,high
2012-11-16 21:00:00,False,195.9273021284271,0.9,0.1,20,216,195.9273021284271,20,0,True,high
2012-11-16 22:00:00,False,159.4141323953824,0.9,0.1,16,176,159.4141323953824,16,0,True,high
2012-11-16 23:00:00,False,121.76939155289156,0.9,0.1,13,135,121.76939155289156,13,0,True,high
2012-11-17 00:00:00,False,105.3437518037518,0.9,0.1,11,117,105.3437518037518,11,0,True,high
2012-11-17 01:00:00,False,78.08104437229441,0.9,0.1,8,87,78.08104437229441,8,0,True,high
2012-11-17 02:00:00,False,59.600320554445545,0.9,0.1,6,66,59.600320554445545,6,0,True,high
2012-11-17 03:00:00,False,24.10001028138528,0.9,0.1,3,28,24.10001028138528,3,0,True,high
2012-11-17 04:00:00,False,7.346132034632032,0.9,0.1,1,9,7.346132034632032,1,0,True,high
2012-11-17 05:00:00,False,6.94427453102453,0.9,0.1,1,8,6.94427453102453,1,0,True,high
2012-11-17 06:00:00,False,23.903254259629257,0.9,0.1,3,27,23.903254259629257,3,0,True,high
2012-11-17 07:00:00,True,50.91890244477745,0.9,0.1,6,57,50.91890244477745,6,0,True,critical
2012-11-17 08:00:00,True,156.91438412975916,0.9,0.1,16,173,156.91438412975916,16,0,True,critical
2012-11-17 09:00:00,True,290.1922707431459,0.9,0.1,30,321,290.1922707431459,30,0,True,critical
2012-11-17 10:00:00,False,292.2053654401153,0.9,0.1,30,323,292.2053654401153,30,0,True,high
2012-11-17 11:00:00,False,363.4427287712287,0.9,0.1,37,401,363.4427287712287,37,0,True,high
2012-11-17 12:00:00,False,464.8877242063494,0.9,0.1,47,512,464.8877242063494,47,0,True,high
2012-11-17 13:00:00,False,493.6237380952382,0.9,0.1,50,544,493.6237380952382,50,0,True,high
2012-11-17 14:00:00,False,537.760025793651,0.9,0.1,54,592,537.760025793651,54,0,True,high
2012-11-17 15:00:00,False,569.9433908730157,0.9,0.1,57,627,569.9433908730157,57,0,True,high
2012-11-17 16:00:00,False,526.5763462370963,0.9,0.1,53,580,526.5763462370963,53,0,True,high
2012-11-17 17:00:00,True,485.4858694083694,0.9,0.1,49,535,485.4858694083694,49,0,True,critical
2012-11-17 18:00:00,True,364.5913330419582,0.9,0.1,37,402,364.5913330419582,37,0,True,critical
2012-11-17 19:00:00,True,261.1505348262847,0.9,0.1,27,289,261.1505348262847,27,0,True,critical
2012-11-17 20:00:00,False,209.35546699134196,0.9,0.1,21,231,209.35546699134196,21,0,True,high
2012-11-17 21:00:00,False,173.6369482323233,0.9,0.1,18,192,173.6369482323233,18,0,True,high
2012-11-17 22:00:00,False,146.81833910533913,0.9,0.1,15,162,146.81833910533913,15,0,True,high
2012-11-17 23:00:00,False,123.00978506216,0.9,0.1,13,137,123.00978506216,13,0,True,high
2012-11-18 00:00:00,False,105.5015232683983,0.9,0.1,11,117,105.5015232683983,11,0,True,high
2012-11-18 01:00:00,False,94.31789690864693,0.9,0.1,10,105,94.31789690864693,10,0,True,high
2012-11-18 02:00:00,False,70.1299495920746,0.9,0.1,8,79,70.1299495920746,8,0,True,high
2012-11-18 03:00:00,False,39.168494089244085,0.9,0.1,4,44,39.168494089244085,4,0,True,high
2012-11-18 04:00:00,False,10.144076701076704,0.9,0.1,2,13,10.144076701076704,2,0,True,high
2012-11-18 05:00:00,False,8.507821872571869,0.9,0.1,1,10,8.507821872571869,1,0,True,high
2012-11-18 06:00:00,False,21.429153998779,0.9,0.1,3,25,21.429153998779,3,0,True,high
2012-11-18 07:00:00,True,37.5615984848485,0.9,0.1,4,42,37.5615984848485,4,0,True,critical
2012-11-18 08:00:00,True,99.64564264901765,0.9,0.1,10,110,99.64564264901765,10,0,True,critical
2012-11-18 09:00:00,True,201.2094902181152,0.9,0.1,21,223,201.2094902181152,21,0,True,critical
2012-11-18 10:00:00,False,315.8303555194805,0.9,0.1,32,348,315.8303555194805,32,0,True,high
2012-11-18 11:00:00,False,393.6710597041848,0.9,0.1,40,434,393.6710597041848,40,0,True,high
2012-11-18 12:00:00,False,445.39604401154435,0.9,0.1,45,491,445.39604401154435,45,0,True,high
2012-11-18 13:00:00,False,497.9003470418474,0.9,0.1,50,548,497.9003470418474,50,0,True,high
2012-11-18 14:00:00,False,509.16334902597447,0.9,0.1,51,561,509.16334902597447,51,0,True,high
2012-11-18 15:00:00,False,505.0543906926407,0.9,0.1,51,557,505.0543906926407,51,0,True,high
2012-11-18 16:00:00,False,470.51308755133743,0.9,0.1,48,519,470.51308755133743,48,0,True,high
2012-11-18 17:00:00,True,363.1571882006883,0.9,0.1,37,401,363.1571882006883,37,0,True,critical
2012-11-18 18:00:00,True,283.5611360722611,0.9,0.1,29,313,283.5611360722611,29,0,True,critical
2012-11-18 19:00:00,True,240.7790146103896,0.9,0.1,25,266,240.7790146103896,25,0,True,critical
2012-11-18 20:00:00,False,175.0061417748918,0.9,0.1,18,194,175.0061417748918,18,0,True,high
2012-11-18 21:00:00,False,129.65159289321792,0.9,0.1,13,143,129.65159289321792,13,0,True,high
2012-11-18 22:00:00,False,112.0592741286492,0.9,0.1,12,125,112.0592741286492,12,0,True,high
2012-11-18 23:00:00,False,80.59749045399046,0.9,0.1,9,90,80.59749045399046,9,0,True,high
2012-11-19 00:00:00,False,32.567177849927845,0.9,0.1,4,37,32.567177849927845,4,0,True,high
2012-11-19 01:00:00,False,15.615445707070714,0.9,0.1,2,18,15.615445707070714,2,0,True,high
2012-11-19 02:00:00,False,9.817742784992785,0.9,0.1,1,11,9.817742784992785,1,0,True,high
2012-11-19 03:00:00,False,3.9708584054834053,0.9,0.1,1,5,3.9708584054834053,1,0,True,high
2012-11-19 04:00:00,False,4.537997474747478,0.9,0.1,1,6,4.537997474747478,1,0,True,high
2012-11-19 05:00:00,False,28.825227855477856,0.9,0.1,3,32,28.825227855477856,3,0,True,high
2012-11-19 06:00:00,False,132.53848752636253,0.9,0.1,14,147,132.53848752636253,14,0,True,high
2012-11-19 07:00:00,True,338.60990584415595,0.9,0.1,34,373,338.60990584415595,34,0,True,critical
2012-11-19 08:00:00,True,571.9705863997114,0.9,0.1,58,630,571.9705863997114,58,0,True,critical
2012-11-19 09:00:00,True,324.5448742784993,0.9,0.1,33,358,324.5448742784993,33,0,True,critical
2012-11-19 10:00:00,False,220.64422438672437,0.9,0.1,23,244,220.64422438672437,23,0,True,high
2012-11-19 11:00:00,False,166.8647478354978,0.9,0.1,17,184,166.8647478354978,17,0,True,high
2012-11-19 12:00:00,False,258.3735632700633,0.9,0.1,26,285,258.3735632700633,26,0,True,high
2012-11-19 13:00:00,False,362.2557607531355,0.9,0.1,37,400,362.2557607531355,37,0,True,high
2012-11-19 14:00:00,False,361.63536392773887,0.9,0.1,37,399,361.63536392773887,37,0,True,high
2012-11-19 15:00:00,False,245.15771737984244,0.9,0.1,25,271,245.15771737984244,25,0,True,high
2012-11-19 16:00:00,False,387.3728151431901,0.9,0.1,39,427,387.3728151431901,39,0,True,high
2012-11-19 17:00:00,True,544.640226953602,0.9,0.1,55,600,544.640226953602,55,0,True,critical
2012-11-19 18:00:00,True,502.9368686868685,0.9,0.1,51,554,502.9368686868685,51,0,True,critical
2012-11-19 19:00:00,True,363.0856810966811,0.9,0.1,37,401,363.0856810966811,37,0,True,critical
2012-11-19 20:00:00,False,269.41742460317454,0.9,0.1,27,297,269.41742460317454,27,0,True,high
2012-11-19 21:00:00,False,204.3829020562771,0.9,0.1,21,226,204.3829020562771,21,0,True,high
2012-11-19 22:00:00,False,145.2904555722056,0.9,0.1,15,161,145.2904555722056,15,0,True,high
2012-11-19 23:00:00,False,74.00651966089467,0.9,0.1,8,83,74.00651966089467,8,0,True,high
2012-11-20 00:00:00,False,37.93248935786437,0.9,0.1,4,42,37.93248935786437,4,0,True,high
2012-11-20 01:00:00,False,13.690202380952385,0.9,0.1,2,16,13.690202380952385,2,0,True,high
2012-11-20 02:00:00,False,8.415748584748583,0.9,0.1,1,10,8.415748584748583,1,0,True,high
2012-11-20 03:00:00,False,3.4557047258297255,0.9,0.1,1,5,3.4557047258297255,1,0,True,high
2012-11-20 04:00:00,False,4.967211940836943,0.9,0.1,1,6,4.967211940836943,1,0,True,high
2012-11-20 05:00:00,False,26.497519730269737,0.9,0.1,3,30,26.497519730269737,3,0,True,high
2012-11-20 06:00:00,False,127.24690148740152,0.9,0.1,13,141,127.24690148740152,13,0,True,high
2012-11-20 07:00:00,True,441.4102610028858,0.9,0.1,45,487,441.4102610028858,45,0,True,critical
2012-11-20 08:00:00,True,637.4831343378842,0.9,0.1,64,702,637.4831343378842,64,0,True,critical
2012-11-20 09:00:00,True,321.23991360028845,0.9,0.1,33,355,321.23991360028845,33,0,True,critical
2012-11-20 10:00:00,False,176.73740963203463,0.9,0.1,18,195,176.73740963203463,18,0,True,high
2012-11-20 11:00:00,False,183.767835026085,0.9,0.1,19,203,183.767835026085,19,0,True,high
2012-11-20 12:00:00,False,265.6457607392608,0.9,0.1,27,293,265.6457607392608,27,0,True,high
2012-11-20 13:00:00,False,257.60773466810974,0.9,0.1,26,284,257.60773466810974,26,0,True,high
2012-11-20 14:00:00,False,234.67625613275612,0.9,0.1,24,259,234.67625613275612,24,0,True,high
2012-11-20 15:00:00,False,234.23915592740593,0.9,0.1,24,259,234.23915592740593,24,0,True,high
2012-11-20 16:00:00,False,366.75970436507924,0.9,0.1,37,404,366.75970436507924,37,0,True,high
2012-11-20 17:00:00,True,579.7352413142414,0.9,0.1,58,638,579.7352413142414,58,0,True,critical
2012-11-20 18:00:00,True,508.7479175685426,0.9,0.1,51,560,508.7479175685426,51,0,True,critical
2012-11-20 19:00:00,True,382.7847016455764,0.9,0.1,39,422,382.7847016455764,39,0,True,critical
2012-11-20 20:00:00,False,257.0201126373627,0.9,0.1,26,284,257.0201126373627,26,0,True,high
2012-11-20 21:00:00,False,186.80011994949496,0.9,0.1,19,206,186.80011994949496,19,0,True,high
2012-11-20 22:00:00,False,130.84264815739817,0.9,0.1,14,145,130.84264815739817,14,0,True,high
2012-11-20 23:00:00,False,84.79664664502165,0.9,0.1,9,94,84.79664664502165,9,0,True,high
2012-11-21 00:00:00,False,40.748591269841285,0.9,0.1,5,46,40.748591269841285,5,0,True,high
2012-11-21 01:00:00,False,11.796145923520928,0.9,0.1,2,14,11.796145923520928,2,0,True,high
2012-11-21 02:00:00,False,8.058047175047179,0.9,0.1,1,10,8.058047175047179,1,0,True,high
2012-11-21 03:00:00,False,3.473068542568543,0.9,0.1,1,5,3.473068542568543,1,0,True,high
2012-11-21 04:00:00,False,4.576973124098124,0.9,0.1,1,6,4.576973124098124,1,0,True,high
2012-11-21 05:00:00,False,33.05451266788768,0.9,0.1,4,38,33.05451266788768,4,0,True,high
2012-11-21 06:00:00,False,122.46679256854259,0.9,0.1,13,136,122.46679256854259,13,0,True,high
2012-11-21 07:00:00,True,328.38419856532363,0.9,0.1,33,362,328.38419856532363,33,0,True,critical
2012-11-21 08:00:00,True,515.9366750610501,0.9,0.1,52,568,515.9366750610501,52,0,True,critical
2012-11-21 09:00:00,True,315.2380649350651,0.9,0.1,32,348,315.2380649350651,32,0,True,critical
2012-11-21 10:00:00,False,197.15544498556994,0.9,0.1,20,218,197.15544498556994,20,0,True,high
2012-11-21 11:00:00,False,185.53212963425472,0.9,0.1,19,205,185.53212963425472,19,0,True,high
2012-11-21 12:00:00,False,284.95716251803765,0.9,0.1,29,314,284.95716251803765,29,0,True,high
2012-11-21 13:00:00,False,306.45157976745475,0.9,0.1,31,338,306.45157976745475,31,0,True,high
2012-11-21 14:00:00,False,284.29066865079363,0.9,0.1,29,314,284.29066865079363,29,0,True,high
2012-11-21 15:00:00,False,351.4860287490288,0.9,0.1,36,388,351.4860287490288,36,0,True,high
2012-11-21 16:00:00,False,422.1386158008658,0.9,0.1,43,466,422.1386158008658,43,0,True,high
2012-11-21 17:00:00,True,542.1634514790766,0.9,0.1,55,598,542.1634514790766,55,0,True,critical
2012-11-21 18:00:00,True,455.31702182539686,0.9,0.1,46,502,455.31702182539686,46,0,True,critical
2012-11-21 19:00:00,True,338.01191500166505,0.9,0.1,34,373,338.01191500166505,34,0,True,critical
2012-11-21 20:00:00,False,212.00434487734495,0.9,0.1,22,235,212.00434487734495,22,0,True,high
2012-11-21 21:00:00,False,158.03996500721507,0.9,0.1,16,175,158.03996500721507,16,0,True,high
2012-11-21 22:00:00,False,112.72402296314802,0.9,0.1,12,125,112.72402296314802,12,0,True,high
2012-11-21 23:00:00,False,74.22095418470415,0.9,0.1,8,83,74.22095418470415,8,0,True,high
2012-11-22 00:00:00,False,30.632589285714275,0.9,0.1,4,35,30.632589285714275,4,0,True,high
2012-11-22 01:00:00,False,22.924145923520904,0.9,0.1,3,26,22.924145923520904,3,0,True,high
2012-11-22 02:00:00,False,18.99119545732046,0.9,0.1,2,21,18.99119545732046,2,0,True,high
2012-11-22 03:00:00,False,7.514979437229437,0.9,0.1,1,9,7.514979437229437,1,0,True,high
2012-11-22 04:00:00,False,4.480417388167388,0.9,0.1,1,6,4.480417388167388,1,0,True,high
2012-11-22 05:00:00,False,27.606806457431457,0.9,0.1,3,31,27.606806457431457,3,0,True,high
2012-11-22 06:00:00,False,29.295029956154945,0.9,0.1,3,33,29.295029956154945,3,0,True,high
2012-11-22 07:00:00,True,49.46888186813187,0.9,0.1,5,55,49.46888186813187,5,0,True,critical
2012-11-22 08:00:00,True,137.682479978355,0.9,0.1,14,152,137.682479978355,14,0,True,critical
2012-11-22 09:00:00,True,196.88753188478194,0.9,0.1,20,217,196.88753188478194,20,0,True,critical
2012-11-22 10:00:00,False,159.03712319624825,0.9,0.1,16,176,159.03712319624825,16,0,True,high
2012-11-22 11:00:00,False,218.38269967532472,0.9,0.1,22,241,218.38269967532472,22,0,True,high
2012-11-22 12:00:00,False,298.2263809523809,0.9,0.1,30,329,298.2263809523809,30,0,True,high
2012-11-22 13:00:00,False,302.28733479020974,0.9,0.1,31,334,302.28733479020974,31,0,True,high
2012-11-22 14:00:00,False,295.6260293179042,0.9,0.1,30,326,295.6260293179042,30,0,True,high
2012-11-22 15:00:00,False,234.30695643245636,0.9,0.1,24,259,234.30695643245636,24,0,True,high
2012-11-22 16:00:00,False,309.9388697691198,0.9,0.1,31,341,309.9388697691198,31,0,True,high
2012-11-22 17:00:00,True,281.2097461427461,0.9,0.1,29,311,281.2097461427461,29,0,True,critical
2012-11-22 18:00:00,True,275.8079285991786,0.9,0.1,28,304,275.8079285991786,28,0,True,critical
2012-11-22 19:00:00,True,94.28405375180378,0.9,0.1,10,105,94.28405375180378,10,0,True,critical
2012-11-22 20:00:00,False,66.90831313131312,0.9,0.1,7,74,66.90831313131312,7,0,True,high
2012-11-22 21:00:00,False,64.7465818903319,0.9,0.1,7,72,64.7465818903319,7,0,True,high
2012-11-22 22:00:00,False,60.34986832611833,0.9,0.1,7,68,60.34986832611833,7,0,True,high
2012-11-22 23:00:00,False,55.18647817460318,0.9,0.1,6,62,55.18647817460318,6,0,True,high
2012-11-23 00:00:00,False,32.60482882395383,0.9,0.1,4,37,32.60482882395383,4,0,True,high
2012-11-23 01:00:00,False,20.63850921300922,0.9,0.1,3,24,20.63850921300922,3,0,True,high
2012-11-23 02:00:00,False,9.483760489510487,0.9,0.1,1,11,9.483760489510487,1,0,True,high
2012-11-23 03:00:00,False,4.200644536019535,0.9,0.1,1,6,4.200644536019535,1,0,True,high
2012-11-23 04:00:00,False,4.285311507936507,0.9,0.1,1,6,4.285311507936507,1,0,True,high
2012-11-23 05:00:00,False,27.65798920523921,0.9,0.1,3,31,27.65798920523921,3,0,True,high
2012-11-23 06:00:00,False,48.02244748307248,0.9,0.1,5,54,48.02244748307248,5,0,True,high
2012-11-23 07:00:00,True,79.9280081168831,0.9,0.1,8,88,79.9280081168831,8,0,True,critical
2012-11-23 08:00:00,True,161.02711706349203,0.9,0.1,17,179,161.02711706349203,17,0,True,critical
2012-11-23 09:00:00,True,170.02222113997115,0.9,0.1,18,189,170.02222113997115,18,0,True,critical
2012-11-23 10:00:00,False,164.06048845598846,0.9,0.1,17,182,164.06048845598846,17,0,True,high
2012-11-23 11:00:00,False,221.20012423687425,0.9,0.1,23,245,221.20012423687425,23,0,True,high
2012-11-23 12:00:00,False,302.2706358225107,0.9,0.1,31,334,302.2706358225107,31,0,True,high
2012-11-23 13:00:00,False,351.3004316378068,0.9,0.1,36,388,351.3004316378068,36,0,True,high
2012-11-23 14:00:00,False,352.30102994228,0.9,0.1,36,389,352.30102994228,36,0,True,high
2012-11-23 15:00:00,False,380.1050869408368,0.9,0.1,39,420,380.1050869408368,39,0,True,high
2012-11-23 16:00:00,False,401.18194696969687,0.9,0.1,41,443,401.18194696969687,41,0,True,high
2012-11-23 17:00:00,True,504.39261716061753,0.9,0.1,51,556,504.39261716061753,51,0,True,critical
2012-11-23 18:00:00,True,385.3616217532467,0.9,0.1,39,425,385.3616217532467,39,0,True,critical
2012-11-23 19:00:00,True,220.08351731601735,0.9,0.1,23,244,220.08351731601735,23,0,True,critical
2012-11-23 20:00:00,False,169.78438492063495,0.9,0.1,17,187,169.78438492063495,17,0,True,high
2012-11-23 21:00:00,False,135.72113293650796,0.9,0.1,14,150,135.72113293650796,14,0,True,high
2012-11-23 22:00:00,False,100.43828015040515,0.9,0.1,11,112,100.43828015040515,11,0,True,high
2012-11-23 23:00:00,False,73.01851713564216,0.9,0.1,8,82,73.01851713564216,8,0,True,high
2012-11-24 00:00:00,False,48.820436868686855,0.9,0.1,5,54,48.820436868686855,5,0,True,high
2012-11-24 01:00:00,False,33.83184844322345,0.9,0.1,4,38,33.83184844322345,4,0,True,high
2012-11-24 02:00:00,False,20.36696031746033,0.9,0.1,3,24,20.36696031746033,3,0,True,high
2012-11-24 03:00:00,False,19.86417081529581,0.9,0.1,2,22,19.86417081529581,2,0,True,high
2012-11-24 04:00:00,False,5.875342823842821,0.9,0.1,1,7,5.875342823842821,1,0,True,high
2012-11-24 05:00:00,False,6.537700937950937,0.9,0.1,1,8,6.537700937950937,1,0,True,high
2012-11-24 06:00:00,False,11.195180194805197,0.9,0.1,2,14,11.195180194805197,2,0,True,high
2012-11-24 07:00:00,True,32.11439787989788,0.9,0.1,4,37,32.11439787989788,4,0,True,critical
2012-11-24 08:00:00,True,62.45121657509159,0.9,0.1,7,70,62.45121657509159,7,0,True,critical
2012-11-24 09:00:00,True,96.41632466144965,0.9,0.1,10,107,96.41632466144965,10,0,True,critical
2012-11-24 10:00:00,False,161.18119227994228,0.9,0.1,17,179,161.18119227994228,17,0,True,high
2012-11-24 11:00:00,False,167.78764943389945,0.9,0.1,17,185,167.78764943389945,17,0,True,high
2012-11-24 12:00:00,False,230.17321536796535,0.9,0.1,24,255,230.17321536796535,24,0,True,high
2012-11-24 13:00:00,False,240.91046622821614,0.9,0.1,25,266,240.91046622821614,25,0,True,high
2012-11-24 14:00:00,False,271.28871244033735,0.9,0.1,28,300,271.28871244033735,28,0,True,high
2012-11-24 15:00:00,False,266.08740453990447,0.9,0.1,27,294,266.08740453990447,27,0,True,high
2012-11-24 16:00:00,False,278.2615010822511,0.9,0.1,28,307,278.2615010822511,28,0,True,high
2012-11-24 17:00:00,True,168.25842171717173,0.9,0.1,17,186,168.25842171717173,17,0,True,critical
2012-11-24 18:00:00,True,146.29762706737705,0.9,0.1,15,162,146.29762706737705,15,0,True,critical
2012-11-24 19:00:00,True,141.49632142857143,0.9,0.1,15,157,141.49632142857143,15,0,True,critical
2012-11-24 20:00:00,False,86.06880214230216,0.9,0.1,9,96,86.06880214230216,9,0,True,high
2012-11-24 21:00:00,False,63.08350793650794,0.9,0.1,7,71,63.08350793650794,7,0,True,high
2012-11-24 22:00:00,False,82.98985099622601,0.9,0.1,9,92,82.98985099622601,9,0,True,high
2012-11-24 23:00:00,False,66.84415136252636,0.9,0.1,7,74,66.84415136252636,7,0,True,high
2012-11-25 00:00:00,False,43.126822691197695,0.9,0.1,5,49,43.126822691197695,5,0,True,high
2012-11-25 01:00:00,False,31.32243272005771,0.9,0.1,4,36,31.32243272005771,4,0,True,high
2012-11-25 02:00:00,False,33.469108988234,0.9,0.1,4,38,33.469108988234,4,0,True,high
2012-11-25 03:00:00,False,17.985950216450217,0.9,0.1,2,20,17.985950216450217,2,0,True,high
2012-11-25 04:00:00,False,5.2899612193362175,0.9,0.1,1,7,5.2899612193362175,1,0,True,high
2012-11-25 05:00:00,False,6.249416305916306,0.9,0.1,1,8,6.249416305916306,1,0,True,high
2012-11-25 06:00:00,False,8.171030414030415,0.9,0.1,1,10,8.171030414030415,1,0,True,high
2012-11-25 07:00:00,True,33.317646825396835,0.9,0.1,4,38,33.317646825396835,4,0,True,critical
2012-11-25 08:00:00,True,61.02504563492062,0.9,0.1,7,69,61.02504563492062,7,0,True,critical
2012-11-25 09:00:00,True,58.22275496725497,0.9,0.1,6,65,58.22275496725497,6,0,True,critical
2012-11-25 10:00:00,False,135.12810533910533,0.9,0.1,14,150,135.12810533910533,14,0,True,high
2012-11-25 11:00:00,False,164.61236345598846,0.9,0.1,17,182,164.61236345598846,17,0,True,high
2012-11-25 12:00:00,False,250.2103616522365,0.9,0.1,26,277,250.2103616522365,26,0,True,high
2012-11-25 13:00:00,False,211.76664510489525,0.9,0.1,22,234,211.76664510489525,22,0,True,high
2012-11-25 14:00:00,False,197.81398436285934,0.9,0.1,20,218,197.81398436285934,20,0,True,high
2012-11-25 15:00:00,False,205.8762081529582,0.9,0.1,21,227,205.8762081529582,21,0,True,high
2012-11-25 16:00:00,False,273.0802285353535,0.9,0.1,28,302,273.0802285353535,28,0,True,high
2012-11-25 17:00:00,True,189.23227974802975,0.9,0.1,19,209,189.23227974802975,19,0,True,critical
2012-11-25 18:00:00,True,179.3005652958152,0.9,0.1,18,198,179.3005652958152,18,0,True,critical
2012-11-25 19:00:00,True,143.02905776168274,0.9,0.1,15,159,143.02905776168274,15,0,True,critical
2012-11-25 20:00:00,False,106.48828225940723,0.9,0.1,11,118,106.48828225940723,11,0,True,high
2012-11-25 21:00:00,False,96.59029383116882,0.9,0.1,10,107,96.59029383116882,10,0,True,high
2012-11-25 22:00:00,False,55.10078502053505,0.9,0.1,6,62,55.10078502053505,6,0,True,high
2012-11-25 23:00:00,False,42.21007893495393,0.9,0.1,5,48,42.21007893495393,5,0,True,high
2012-11-26 00:00:00,False,21.298100177600187,0.9,0.1,3,25,21.298100177600187,3,0,True,high
2012-11-26 01:00:00,False,11.467436507936506,0.9,0.1,2,14,11.467436507936506,2,0,True,high
2012-11-26 02:00:00,False,5.685916430791432,0.9,0.1,1,7,5.685916430791432,1,0,True,high
2012-11-26 03:00:00,False,3.3411860223110197,0.9,0.1,1,5,3.3411860223110197,1,0,True,high
2012-11-26 04:00:00,False,3.5462696608946604,0.9,0.1,1,5,3.5462696608946604,1,0,True,high
2012-11-26 05:00:00,False,22.444250721500726,0.9,0.1,3,26,22.444250721500726,3,0,True,high
2012-11-26 06:00:00,False,122.7749382284382,0.9,0.1,13,136,122.7749382284382,13,0,True,high
2012-11-26 07:00:00,True,333.5408106060607,0.9,0.1,34,368,333.5408106060607,34,0,True,critical
2012-11-26 08:00:00,True,411.0376705239204,0.9,0.1,42,454,411.0376705239204,42,0,True,critical
2012-11-26 09:00:00,True,271.3023746392496,0.9,0.1,28,300,271.3023746392496,28,0,True,critical
2012-11-26 10:00:00,False,150.74516179653682,0.9,0.1,16,167,150.74516179653682,16,0,True,high
2012-11-26 11:00:00,False,169.7797591713842,0.9,0.1,17,187,169.7797591713842,17,0,True,high
2012-11-26 12:00:00,False,179.03669715007214,0.9,0.1,18,198,179.03669715007214,18,0,True,high
2012-11-26 13:00:00,False,213.26543686868683,0.9,0.1,22,236,213.26543686868683,22,0,True,high
2012-11-26 14:00:00,False,202.6888080808081,0.9,0.1,21,224,202.6888080808081,21,0,True,high
2012-11-26 15:00:00,False,249.74491422466417,0.9,0.1,25,275,249.74491422466417,25,0,True,high
2012-11-26 16:00:00,False,307.4471527777779,0.9,0.1,31,339,307.4471527777779,31,0,True,high
2012-11-26 17:00:00,True,414.28248491785956,0.9,0.1,42,457,414.28248491785956,42,0,True,critical
2012-11-26 18:00:00,True,401.57220761183254,0.9,0.1,41,443,401.57220761183254,41,0,True,critical
2012-11-26 19:00:00,True,297.3873564491065,0.9,0.1,30,328,297.3873564491065,30,0,True,critical
2012-11-26 20:00:00,False,242.03678336940828,0.9,0.1,25,268,242.03678336940828,25,0,True,high
2012-11-26 21:00:00,False,191.3012251082251,0.9,0.1,20,212,191.3012251082251,20,0,True,high
2012-11-26 22:00:00,False,107.5131204906205,0.9,0.1,11,119,107.5131204906205,11,0,True,high
2012-11-26 23:00:00,False,61.83622925685426,0.9,0.1,7,69,61.83622925685426,7,0,True,high
2012-11-27 00:00:00,False,27.746234917859915,0.9,0.1,3,31,27.746234917859915,3,0,True,high
2012-11-27 01:00:00,False,11.318864538239538,0.9,0.1,2,14,11.318864538239538,2,0,True,high
2012-11-27 02:00:00,False,5.471710137085136,0.9,0.1,1,7,5.471710137085136,1,0,True,high
2012-11-27 03:00:00,False,3.4226690115440106,0.9,0.1,1,5,3.4226690115440106,1,0,True,high
2012-11-27 04:00:00,False,5.055610389610391,0.9,0.1,1,7,5.055610389610391,1,0,True,high
2012-11-27 05:00:00,False,27.7863937104562,0.9,0.1,3,31,27.7863937104562,3,0,True,high
2012-11-27 06:00:00,False,100.11599837662332,0.9,0.1,11,112,100.11599837662332,11,0,True,high
2012-11-27 07:00:00,True,287.40625148462647,0.9,0.1,29,317,287.40625148462647,29,0,True,critical
2012-11-27 08:00:00,True,439.4372337662337,0.9,0.1,44,484,439.4372337662337,44,0,True,critical
2012-11-27 09:00:00,True,269.32370454545463,0.9,0.1,27,297,269.32370454545463,27,0,True,critical
2012-11-27 10:00:00,False,137.4168053751804,0.9,0.1,14,152,137.4168053751804,14,0,True,high
2012-11-27 11:00:00,False,61.73865190365189,0.9,0.1,7,69,61.73865190365189,7,0,True,high
2012-11-27 12:00:00,False,69.04607425213675,0.9,0.1,7,77,69.04607425213675,7,0,True,high
2012-11-27 13:00:00,False,74.17897693972695,0.9,0.1,8,83,74.17897693972695,8,0,True,high
2012-11-27 14:00:00,False,73.7317364996115,0.9,0.1,8,82,73.7317364996115,8,0,True,high
2012-11-27 15:00:00,False,152.23435783660784,0.9,0.1,16,169,152.23435783660784,16,0,True,high
2012-11-27 16:00:00,False,241.47032449494952,0.9,0.1,25,267,241.47032449494952,25,0,True,high
2012-11-27 17:00:00,True,479.87521883671894,0.9,0.1,48,528,479.87521883671894,48,0,True,critical
2012-11-27 18:00:00,True,428.7715590798089,0.9,0.1,43,472,428.7715590798089,43,0,True,critical
2012-11-27 19:00:00,True,327.27713163225684,0.9,0.1,33,361,327.27713163225684,33,0,True,critical
2012-11-27 20:00:00,False,257.33204086191597,0.9,0.1,26,284,257.33204086191597,26,0,True,high
2012-11-27 21:00:00,False,169.3425633394383,0.9,0.1,17,187,169.3425633394383,17,0,True,high
2012-11-27 22:00:00,False,117.51968435730937,0.9,0.1,12,130,117.51968435730937,12,0,True,high
2012-11-27 23:00:00,False,62.464801948051935,0.9,0.1,7,70,62.464801948051935,7,0,True,high
2012-11-28 00:00:00,False,31.842261433011426,0.9,0.1,4,36,31.842261433011426,4,0,True,high
2012-11-28 01:00:00,False,9.36474877899878,0.9,0.1,1,11,9.36474877899878,1,0,True,high
2012-11-28 02:00:00,False,5.7876046869796856,0.9,0.1,1,7,5.7876046869796856,1,0,True,high
2012-11-28 03:00:00,False,3.4231135392385372,0.9,0.1,1,5,3.4231135392385372,1,0,True,high
2012-11-28 04:00:00,False,4.079097582972583,0.9,0.1,1,6,4.079097582972583,1,0,True,high
2012-11-28 05:00:00,False,25.80666979548228,0.9,0.1,3,29,25.80666979548228,3,0,True,high
2012-11-28 06:00:00,False,93.27747710622707,0.9,0.1,10,104,93.27747710622707,10,0,True,high
2012-11-28 07:00:00,True,315.0646352813854,0.9,0.1,32,348,315.0646352813854,32,0,True,critical
2012-11-28 08:00:00,True,435.26243849206344,0.9,0.1,44,480,435.26243849206344,44,0,True,critical
2012-11-28 09:00:00,True,263.4600451215452,0.9,0.1,27,291,263.4600451215452,27,0,True,critical
2012-11-28 10:00:00,False,169.59292352092353,0.9,0.1,17,187,169.59292352092353,17,0,True,high
2012-11-28 11:00:00,False,181.14222168109663,0.9,0.1,19,201,181.14222168109663,19,0,True,high
2012-11-28 12:00:00,False,183.79733988233988,0.9,0.1,19,203,183.79733988233988,19,0,True,high
2012-11-28 13:00:00,False,207.2717089438338,0.9,0.1,21,229,207.2717089438338,21,0,True,high
2012-11-28 14:00:00,False,216.61407503607495,0.9,0.1,22,239,216.61407503607495,22,0,True,high
2012-11-28 15:00:00,False,203.06943849206348,0.9,0.1,21,225,203.06943849206348,21,0,True,high
2012-11-28 16:00:00,False,284.6433089965591,0.9,0.1,29,314,284.6433089965591,29,0,True,high
2012-11-28 17:00:00,True,477.4969460539459,0.9,0.1,48,526,477.4969460539459,48,0,True,critical
2012-11-28 18:00:00,True,466.4339398101898,0.9,0.1,47,514,466.4339398101898,47,0,True,critical
2012-11-28 19:00:00,True,363.16604473304477,0.9,0.1,37,401,363.16604473304477,37,0,True,critical
2012-11-28 20:00:00,False,251.8535242951493,0.9,0.1,26,278,251.8535242951493,26,0,True,high
2012-11-28 21:00:00,False,185.98951154401158,0.9,0.1,19,205,185.98951154401158,19,0,True,high
2012-11-28 22:00:00,False,147.9369924797425,0.9,0.1,15,163,147.9369924797425,15,0,True,high
2012-11-28 23:00:00,False,85.76180501443002,0.9,0.1,9,95,85.76180501443002,9,0,True,high
2012-11-29 00:00:00,False,47.99770887445888,0.9,0.1,5,53,47.99770887445888,5,0,True,high
2012-11-29 01:00:00,False,13.38650883838384,0.9,0.1,2,16,13.38650883838384,2,0,True,high
2012-11-29 02:00:00,False,7.834622294372294,0.9,0.1,1,9,7.834622294372294,1,0,True,high
2012-11-29 04:00:00,False,3.4013663419913396,0.9,0.1,1,5,3.4013663419913396,1,0,True,high
2012-11-29 05:00:00,False,23.037059163059176,0.9,0.1,3,27,23.037059163059176,3,0,True,high
2012-11-29 06:00:00,False,119.34993517593519,0.9,0.1,12,132,119.34993517593519,12,0,True,high
2012-11-29 07:00:00,True,329.0549240481741,0.9,0.1,33,363,329.0549240481741,33,0,True,critical
2012-11-29 08:00:00,True,469.4336662504162,0.9,0.1,47,517,469.4336662504162,47,0,True,critical
2012-11-29 09:00:00,True,444.3380502969252,0.9,0.1,45,490,444.3380502969252,45,0,True,critical
2012-11-29 10:00:00,False,218.88459632034625,0.9,0.1,22,241,218.88459632034625,22,0,True,high
2012-11-29 11:00:00,False,195.2666262626262,0.9,0.1,20,216,195.2666262626262,20,0,True,high
2012-11-29 12:00:00,False,197.46824536574542,0.9,0.1,20,218,197.46824536574542,20,0,True,high
2012-11-29 13:00:00,False,236.51397943722944,0.9,0.1,24,261,236.51397943722944,24,0,True,high
2012-11-29 14:00:00,False,204.00597889610387,0.9,0.1,21,226,204.00597889610387,21,0,True,high
2012-11-29 15:00:00,False,198.14685515873003,0.9,0.1,20,219,198.14685515873003,20,0,True,high
2012-11-29 16:00:00,False,276.2374318181818,0.9,0.1,28,305,276.2374318181818,28,0,True,high
2012-11-29 17:00:00,True,378.8093643578644,0.9,0.1,38,417,378.8093643578644,38,0,True,critical
2012-11-29 18:00:00,True,489.0002862554114,0.9,0.1,49,539,489.0002862554114,49,0,True,critical
2012-11-29 19:00:00,True,413.18645959595966,0.9,0.1,42,456,413.18645959595966,42,0,True,critical
2012-11-29 20:00:00,False,314.59815362415367,0.9,0.1,32,347,314.59815362415367,32,0,True,high
2012-11-29 21:00:00,False,192.3514045815295,0.9,0.1,20,213,192.3514045815295,20,0,True,high
2012-11-29 22:00:00,False,140.68183531746033,0.9,0.1,15,156,140.68183531746033,15,0,True,high
2012-11-29 23:00:00,False,110.39763474025973,0.9,0.1,12,123,110.39763474025973,12,0,True,high
2012-11-30 00:00:00,False,75.00956691919193,0.9,0.1,8,84,75.00956691919193,8,0,True,high
2012-11-30 01:00:00,False,33.40343475968476,0.9,0.1,4,38,33.40343475968476,4,0,True,high
2012-11-30 02:00:00,False,10.112484307359306,0.9,0.1,2,13,10.112484307359306,2,0,True,high
2012-11-30 03:00:00,False,4.663551406926407,0.9,0.1,1,6,4.663551406926407,1,0,True,high
2012-11-30 04:00:00,False,3.7041901154401136,0.9,0.1,1,5,3.7041901154401136,1,0,True,high
2012-11-30 05:00:00,False,26.944417929292932,0.9,0.1,3,30,26.944417929292932,3,0,True,high
2012-11-30 06:00:00,False,128.4106734931735,0.9,0.1,13,142,128.4106734931735,13,0,True,high
2012-11-30 07:00:00,True,286.69307756132747,0.9,0.1,29,316,286.69307756132747,29,0,True,critical
2012-11-30 08:00:00,True,549.9341644605394,0.9,0.1,55,605,549.9341644605394,55,0,True,critical
2012-11-30 09:00:00,True,306.2397366522366,0.9,0.1,31,338,306.2397366522366,31,0,True,critical
2012-11-30 10:00:00,False,185.0162159090909,0.9,0.1,19,205,185.0162159090909,19,0,True,high
2012-11-30 11:00:00,False,179.31543488455983,0.9,0.1,18,198,179.31543488455983,18,0,True,high
2012-11-30 12:00:00,False,230.31671590909085,0.9,0.1,24,255,230.31671590909085,24,0,True,high
2012-11-30 13:00:00,False,234.2726432178931,0.9,0.1,24,259,234.2726432178931,24,0,True,high
2012-11-30 14:00:00,False,228.29863881951383,0.9,0.1,23,252,228.29863881951383,23,0,True,high
2012-11-30 15:00:00,False,255.95941576479072,0.9,0.1,26,282,255.95941576479072,26,0,True,high
2012-11-30 16:00:00,False,347.3796007464758,0.9,0.1,35,383,347.3796007464758,35,0,True,high
2012-11-30 17:00:00,True,511.2844735264736,0.9,0.1,52,564,511.2844735264736,52,0,True,critical
2012-11-30 18:00:00,True,500.89135934898434,0.9,0.1,51,552,500.89135934898434,51,0,True,critical
2012-11-30 19:00:00,True,348.24771051171047,0.9,0.1,35,384,348.24771051171047,35,0,True,critical
2012-11-30 20:00:00,False,251.552205988456,0.9,0.1,26,278,251.552205988456,26,0,True,high
2012-11-30 21:00:00,False,187.2522460423565,0.9,0.1,19,207,187.2522460423565,19,0,True,high
2012-11-30 22:00:00,False,128.1318038905539,0.9,0.1,13,142,128.1318038905539,13,0,True,high
2012-11-30 23:00:00,False,113.57607320457316,0.9,0.1,12,126,113.57607320457316,12,0,True,high
2012-12-01 00:00:00,False,88.07853094128093,0.9,0.1,9,98,88.07853094128093,9,0,True,high
2012-12-01 01:00:00,False,55.95580339105335,0.9,0.1,6,62,55.95580339105335,6,0,True,high
2012-12-01 02:00:00,False,41.91957052669552,0.9,0.1,5,47,41.91957052669552,5,0,True,high
2012-12-01 03:00:00,False,22.908349927849912,0.9,0.1,3,26,22.908349927849912,3,0,True,high
2012-12-01 04:00:00,False,6.007966311466309,0.9,0.1,1,8,6.007966311466309,1,0,True,high
2012-12-01 05:00:00,False,10.135306970806969,0.9,0.1,2,13,10.135306970806969,2,0,True,high
2012-12-01 06:00:00,False,27.107968337218363,0.9,0.1,3,31,27.107968337218363,3,0,True,high
2012-12-01 07:00:00,True,64.67371470196471,0.9,0.1,7,72,64.67371470196471,7,0,True,critical
2012-12-01 08:00:00,True,140.84127740315236,0.9,0.1,15,156,140.84127740315236,15,0,True,critical
2012-12-01 09:00:00,True,161.95954888167392,0.9,0.1,17,179,161.95954888167392,17,0,True,critical
2012-12-01 10:00:00,False,263.45983856421344,0.9,0.1,27,291,263.45983856421344,27,0,True,high
2012-12-01 11:00:00,False,229.22976347263858,0.9,0.1,23,253,229.22976347263858,23,0,True,high
2012-12-01 12:00:00,False,342.07382449494946,0.9,0.1,35,378,342.07382449494946,35,0,True,high
2012-12-01 13:00:00,False,440.57990981241,0.9,0.1,45,486,440.57990981241,45,0,True,high
2012-12-01 14:00:00,False,455.86189466089485,0.9,0.1,46,502,455.86189466089485,46,0,True,high
2012-12-01 15:00:00,False,451.952571789322,0.9,0.1,46,498,451.952571789322,46,0,True,high
2012-12-01 16:00:00,False,459.19053175990695,0.9,0.1,46,506,459.19053175990695,46,0,True,high
2012-12-01 17:00:00,True,439.18304421966934,0.9,0.1,44,484,439.18304421966934,44,0,True,critical
2012-12-01 18:00:00,True,286.735136002886,0.9,0.1,29,316,286.735136002886,29,0,True,critical
2012-12-01 19:00:00,True,257.2741984126985,0.9,0.1,26,284,257.2741984126985,26,0,True,critical
2012-12-01 20:00:00,False,208.6544626623377,0.9,0.1,21,230,208.6544626623377,21,0,True,high
2012-12-01 21:00:00,False,175.90404581529575,0.9,0.1,18,194,175.90404581529575,18,0,True,high
2012-12-01 22:00:00,False,139.558987040737,0.9,0.1,14,154,139.558987040737,14,0,True,high
2012-12-01 23:00:00,False,126.81830519480512,0.9,0.1,13,140,126.81830519480512,13,0,True,high
2012-12-02 00:00:00,False,99.69207936507937,0.9,0.1,10,110,99.69207936507937,10,0,True,high
2012-12-02 01:00:00,False,89.05697170884667,0.9,0.1,9,99,89.05697170884667,9,0,True,high
2012-12-02 02:00:00,False,61.63770337995337,0.9,0.1,7,69,61.63770337995337,7,0,True,high
2012-12-02 03:00:00,False,39.90042735042735,0.9,0.1,4,44,39.90042735042735,4,0,True,high
2012-12-02 04:00:00,False,9.164935064935063,0.9,0.1,1,11,9.164935064935063,1,0,True,high
2012-12-02 05:00:00,False,8.342163558663557,0.9,0.1,1,10,8.342163558663557,1,0,True,high
2012-12-02 06:00:00,False,16.827750111000118,0.9,0.1,2,19,16.827750111000118,2,0,True,high
2012-12-02 07:00:00,True,38.742704725829746,0.9,0.1,4,43,38.742704725829746,4,0,True,critical
2012-12-02 08:00:00,True,91.0763047924298,0.9,0.1,10,102,91.0763047924298,10,0,True,critical
2012-12-02 09:00:00,True,153.91925667388162,0.9,0.1,16,170,153.91925667388162,16,0,True,critical
2012-12-02 10:00:00,False,220.49459246309252,0.9,0.1,23,244,220.49459246309252,23,0,True,high
2012-12-02 11:00:00,False,286.90732539682534,0.9,0.1,29,316,286.90732539682534,29,0,True,high
2012-12-02 12:00:00,False,355.8842020479523,0.9,0.1,36,392,355.8842020479523,36,0,True,high
2012-12-02 13:00:00,False,481.4165938783437,0.9,0.1,49,531,481.4165938783437,49,0,True,high
2012-12-02 14:00:00,False,429.88166548729055,0.9,0.1,43,473,429.88166548729055,43,0,True,high
2012-12-02 15:00:00,False,452.78672817460335,0.9,0.1,46,499,452.78672817460335,46,0,True,high
2012-12-02 16:00:00,False,426.02590800865795,0.9,0.1,43,470,426.02590800865795,43,0,True,high
2012-12-02 17:00:00,True,376.7526143301144,0.9,0.1,38,415,376.7526143301144,38,0,True,critical
2012-12-02 18:00:00,True,272.49953102453094,0.9,0.1,28,301,272.49953102453094,28,0,True,critical
2012-12-02 19:00:00,True,188.09696771284268,0.9,0.1,19,208,188.09696771284268,19,0,True,critical
2012-12-02 20:00:00,False,146.6049231601731,0.9,0.1,15,162,146.6049231601731,15,0,True,high
2012-12-02 21:00:00,False,129.78757756132757,0.9,0.1,13,143,129.78757756132757,13,0,True,high
2012-12-02 22:00:00,False,96.87412130924633,0.9,0.1,10,107,96.87412130924633,10,0,True,high
2012-12-02 23:00:00,False,76.18954551004549,0.9,0.1,8,85,76.18954551004549,8,0,True,high
2012-12-03 00:00:00,False,32.68479653679653,0.9,0.1,4,37,32.68479653679653,4,0,True,high
2012-12-03 01:00:00,False,12.761417748917749,0.9,0.1,2,15,12.761417748917749,2,0,True,high
2012-12-03 02:00:00,False,8.17401617826618,0.9,0.1,1,10,8.17401617826618,1,0,True,high
2012-12-03 03:00:00,False,4.948900072150072,0.9,0.1,1,6,4.948900072150072,1,0,True,high
2012-12-03 04:00:00,False,5.784839674214675,0.9,0.1,1,7,5.784839674214675,1,0,True,high
2012-12-03 05:00:00,False,27.26931565656568,0.9,0.1,3,31,27.26931565656568,3,0,True,high
2012-12-03 06:00:00,False,133.51235657398158,0.9,0.1,14,148,133.51235657398158,14,0,True,high
2012-12-03 07:00:00,True,389.8560888139638,0.9,0.1,39,429,389.8560888139638,39,0,True,critical
2012-12-03 08:00:00,True,575.3476847041846,0.9,0.1,58,634,575.3476847041846,58,0,True,critical
2012-12-03 09:00:00,True,335.3785997474749,0.9,0.1,34,370,335.3785997474749,34,0,True,critical
2012-12-03 10:00:00,False,226.65719967532473,0.9,0.1,23,250,226.65719967532473,23,0,True,high
2012-12-03 11:00:00,False,154.39735564435563,0.9,0.1,16,171,154.39735564435563,16,0,True,high
2012-12-03 12:00:00,False,261.57016341991346,0.9,0.1,27,289,261.57016341991346,27,0,True,high
2012-12-03 13:00:00,False,260.7296311882563,0.9,0.1,27,288,260.7296311882563,27,0,True,high
2012-12-03 14:00:00,False,284.2246520562772,0.9,0.1,29,314,284.2246520562772,29,0,True,high
2012-12-03 15:00:00,False,266.8775379342879,0.9,0.1,27,294,266.8775379342879,27,0,True,high
2012-12-03 16:00:00,False,360.96334776334766,0.9,0.1,37,398,360.96334776334766,37,0,True,high
2012-12-03 17:00:00,True,532.6839568903317,0.9,0.1,54,587,532.6839568903317,54,0,True,critical
2012-12-03 18:00:00,True,529.6919927849926,0.9,0.1,53,583,529.6919927849926,53,0,True,critical
2012-12-03 19:00:00,True,437.52658730158737,0.9,0.1,44,482,437.52658730158737,44,0,True,critical
2012-12-03 20:00:00,False,296.6868865440115,0.9,0.1,30,327,296.6868865440115,30,0,True,high
2012-12-03 21:00:00,False,207.72251244588733,0.9,0.1,21,229,207.72251244588733,21,0,True,high
2012-12-03 22:00:00,False,154.11171356421355,0.9,0.1,16,171,154.11171356421355,16,0,True,high
2012-12-03 23:00:00,False,92.07459612609615,0.9,0.1,10,103,92.07459612609615,10,0,True,high
2012-12-04 00:00:00,False,51.07442929292931,0.9,0.1,6,58,51.07442929292931,6,0,True,high
2012-12-04 01:00:00,False,23.642779942279944,0.9,0.1,3,27,23.642779942279944,3,0,True,high
2012-12-04 02:00:00,False,9.98435187035187,0.9,0.1,1,11,9.98435187035187,1,0,True,high
2012-12-04 03:00:00,False,4.734891414141416,0.9,0.1,1,6,4.734891414141416,1,0,True,high
2012-12-04 04:00:00,False,4.746262820512822,0.9,0.1,1,6,4.746262820512822,1,0,True,high
2012-12-04 05:00:00,False,25.917785062160068,0.9,0.1,3,29,25.917785062160068,3,0,True,high
2012-12-04 06:00:00,False,140.44811054223558,0.9,0.1,15,156,140.44811054223558,15,0,True,high
2012-12-04 07:00:00,True,428.21710479797963,0.9,0.1,43,472,428.21710479797963,43,0,True,critical
2012-12-04 08:00:00,True,707.7672550505048,0.9,0.1,71,779,707.7672550505048,71,0,True,critical
2012-12-04 09:00:00,True,345.8809085497837,0.9,0.1,35,381,345.8809085497837,35,0,True,critical
2012-12-04 10:00:00,False,201.00367682317682,0.9,0.1,21,223,201.00367682317682,21,0,True,high
2012-12-04 11:00:00,False,167.28700879675878,0.9,0.1,17,185,167.28700879675878,17,0,True,high
2012-12-04 12:00:00,False,271.57257707570216,0.9,0.1,28,300,271.57257707570216,28,0,True,high
2012-12-04 13:00:00,False,264.5236722582972,0.9,0.1,27,292,264.5236722582972,27,0,True,high
2012-12-04 14:00:00,False,247.26116434953937,0.9,0.1,25,273,247.26116434953937,25,0,True,high
2012-12-04 15:00:00,False,259.4345659201908,0.9,0.1,26,286,259.4345659201908,26,0,True,high
2012-12-04 16:00:00,False,391.12545039682516,0.9,0.1,40,432,391.12545039682516,40,0,True,high
2012-12-04 17:00:00,True,675.7711102092352,0.9,0.1,68,744,675.7711102092352,68,0,True,critical
2012-12-04 18:00:00,True,590.2792610028861,0.9,0.1,60,651,590.2792610028861,60,0,True,critical
2012-12-04 19:00:00,True,462.9872329059827,0.9,0.1,47,510,462.9872329059827,47,0,True,critical
2012-12-04 20:00:00,False,301.8183971167722,0.9,0.1,31,333,301.8183971167722,31,0,True,high
2012-12-04 21:00:00,False,226.6102536075036,0.9,0.1,23,250,226.6102536075036,23,0,True,high
2012-12-04 22:00:00,False,193.86491161616175,0.9,0.1,20,214,193.86491161616175,20,0,True,high
2012-12-04 23:00:00,False,117.81234613997123,0.9,0.1,12,130,117.81234613997123,12,0,True,high
2012-12-05 00:00:00,False,56.319057997558005,0.9,0.1,6,63,56.319057997558005,6,0,True,high
2012-12-05 01:00:00,False,19.94941873404374,0.9,0.1,2,22,19.94941873404374,2,0,True,high
2012-12-05 02:00:00,False,6.40588888888889,0.9,0.1,1,8,6.40588888888889,1,0,True,high
2012-12-05 03:00:00,False,4.364490675990677,0.9,0.1,1,6,4.364490675990677,1,0,True,high
2012-12-05 04:00:00,False,5.670753704628703,0.9,0.1,1,7,5.670753704628703,1,0,True,high
2012-12-05 05:00:00,False,27.552028138528144,0.9,0.1,3,31,27.552028138528144,3,0,True,high
2012-12-05 06:00:00,False,131.22310278610283,0.9,0.1,14,146,131.22310278610283,14,0,True,high
2012-12-05 07:00:00,True,361.9112455877455,0.9,0.1,37,399,361.9112455877455,37,0,True,critical
2012-12-05 08:00:00,True,701.205553391053,0.9,0.1,71,773,701.205553391053,71,0,True,critical
2012-12-05 09:00:00,True,355.11184577922074,0.9,0.1,36,392,355.11184577922074,36,0,True,critical
2012-12-05 10:00:00,False,235.0199318181818,0.9,0.1,24,260,235.0199318181818,24,0,True,high
2012-12-05 11:00:00,False,166.3992938034188,0.9,0.1,17,184,166.3992938034188,17,0,True,high
2012-12-05 12:00:00,False,213.3170612581863,0.9,0.1,22,236,213.3170612581863,22,0,True,high
2012-12-05 13:00:00,False,258.787107947608,0.9,0.1,26,285,258.787107947608,26,0,True,high
2012-12-05 14:00:00,False,219.3758458624709,0.9,0.1,22,242,219.3758458624709,22,0,True,high
2012-12-05 15:00:00,False,237.22351036463542,0.9,0.1,24,262,237.22351036463542,24,0,True,high
2012-12-05 16:00:00,False,402.43018326118334,0.9,0.1,41,444,402.43018326118334,41,0,True,high
2012-12-05 17:00:00,True,729.0225799062049,0.9,0.1,73,803,729.0225799062049,73,0,True,critical
2012-12-05 18:00:00,True,607.3789199134198,0.9,0.1,61,669,607.3789199134198,61,0,True,critical
2012-12-05 19:00:00,True,464.5588992673994,0.9,0.1,47,512,464.5588992673994,47,0,True,critical
2012-12-05 20:00:00,False,280.4670670995672,0.9,0.1,29,310,280.4670670995672,29,0,True,high
2012-12-05 21:00:00,False,237.97385735098243,0.9,0.1,24,262,237.97385735098243,24,0,True,high
2012-12-05 22:00:00,False,160.63396319285295,0.9,0.1,17,178,160.63396319285295,17,0,True,high
2012-12-05 23:00:00,False,80.59106055056056,0.9,0.1,9,90,80.59106055056056,9,0,True,high
2012-12-06 00:00:00,False,45.75766305916306,0.9,0.1,5,51,45.75766305916306,5,0,True,high
2012-12-06 01:00:00,False,23.72493106893107,0.9,0.1,3,27,23.72493106893107,3,0,True,high
2012-12-06 02:00:00,False,7.899535672660679,0.9,0.1,1,9,7.899535672660679,1,0,True,high
2012-12-06 03:00:00,False,3.974052239427241,0.9,0.1,1,5,3.974052239427241,1,0,True,high
2012-12-06 04:00:00,False,3.7904673382173386,0.9,0.1,1,5,3.7904673382173386,1,0,True,high
2012-12-06 05:00:00,False,36.990698412698414,0.9,0.1,4,41,36.990698412698414,4,0,True,high
2012-12-06 06:00:00,False,110.54853535353539,0.9,0.1,12,123,110.54853535353539,12,0,True,high
2012-12-06 07:00:00,True,370.47310074647567,0.9,0.1,38,409,370.47310074647567,38,0,True,critical
2012-12-06 08:00:00,True,651.1951639194139,0.9,0.1,66,718,651.1951639194139,66,0,True,critical
2012-12-06 09:00:00,True,343.87349780774775,0.9,0.1,35,379,343.87349780774775,35,0,True,critical
2012-12-06 10:00:00,False,146.07107778332778,0.9,0.1,15,162,146.07107778332778,15,0,True,high
2012-12-06 11:00:00,False,158.55680347430354,0.9,0.1,16,175,158.55680347430354,16,0,True,high
2012-12-06 12:00:00,False,212.28864080364085,0.9,0.1,22,235,212.28864080364085,22,0,True,high
2012-12-06 13:00:00,False,262.6334900793652,0.9,0.1,27,290,262.6334900793652,27,0,True,high
2012-12-06 14:00:00,False,253.31116522366523,0.9,0.1,26,280,253.31116522366523,26,0,True,high
2012-12-06 15:00:00,False,233.90269921744925,0.9,0.1,24,258,233.90269921744925,24,0,True,high
2012-12-06 16:00:00,False,406.0347380952381,0.9,0.1,41,448,406.0347380952381,41,0,True,high
2012-12-06 17:00:00,True,584.0497536075039,0.9,0.1,59,644,584.0497536075039,59,0,True,critical
2012-12-06 18:00:00,True,538.251935064935,0.9,0.1,54,593,538.251935064935,54,0,True,critical
2012-12-06 19:00:00,True,406.6797401348651,0.9,0.1,41,448,406.6797401348651,41,0,True,critical
2012-12-06 20:00:00,False,270.8991176046175,0.9,0.1,28,299,270.8991176046175,28,0,True,high
2012-12-06 21:00:00,False,189.1977725885226,0.9,0.1,19,209,189.1977725885226,19,0,True,high
2012-12-06 22:00:00,False,148.57035750360748,0.9,0.1,15,164,148.57035750360748,15,0,True,high
2012-12-06 23:00:00,False,87.98583327783328,0.9,0.1,9,97,87.98583327783328,9,0,True,high
2012-12-07 00:00:00,False,59.097854062604085,0.9,0.1,6,66,59.097854062604085,6,0,True,high
2012-12-07 01:00:00,False,23.836570013320024,0.9,0.1,3,27,23.836570013320024,3,0,True,high
2012-12-07 02:00:00,False,13.346614829614829,0.9,0.1,2,16,13.346614829614829,2,0,True,high
2012-12-07 03:00:00,False,4.594456349206348,0.9,0.1,1,6,4.594456349206348,1,0,True,high
2012-12-07 04:00:00,False,4.3211533189033196,0.9,0.1,1,6,4.3211533189033196,1,0,True,high
2012-12-07 05:00:00,False,33.62704112554112,0.9,0.1,4,38,33.62704112554112,4,0,True,high
2012-12-07 06:00:00,False,98.5426655844156,0.9,0.1,10,109,98.5426655844156,10,0,True,high
2012-12-07 07:00:00,True,194.0418237595737,0.9,0.1,20,215,194.0418237595737,20,0,True,critical
2012-12-07 08:00:00,True,450.48476383338857,0.9,0.1,46,497,450.48476383338857,46,0,True,critical
2012-12-07 09:00:00,True,297.75193861693873,0.9,0.1,30,328,297.75193861693873,30,0,True,critical
2012-12-07 10:00:00,False,175.42478048340553,0.9,0.1,18,194,175.42478048340553,18,0,True,high
2012-12-07 11:00:00,False,185.85685948773465,0.9,0.1,19,205,185.85685948773465,19,0,True,high
2012-12-07 12:00:00,False,261.7665749528249,0.9,0.1,27,289,261.7665749528249,27,0,True,high
2012-12-07 13:00:00,False,248.00033062770558,0.9,0.1,25,274,248.00033062770558,25,0,True,high
2012-12-07 14:00:00,False,209.15613906926401,0.9,0.1,21,231,209.15613906926401,21,0,True,high
2012-12-07 15:00:00,False,233.06104220779235,0.9,0.1,24,258,233.06104220779235,24,0,True,high
2012-12-07 16:00:00,False,384.72660515873025,0.9,0.1,39,424,384.72660515873025,39,0,True,high
2012-12-07 17:00:00,True,563.914039862915,0.9,0.1,57,621,563.914039862915,57,0,True,critical
2012-12-07 18:00:00,True,490.0253139776889,0.9,0.1,50,541,490.0253139776889,50,0,True,critical
2012-12-07 19:00:00,True,369.3950827228327,0.9,0.1,37,407,369.3950827228327,37,0,True,critical
2012-12-07 20:00:00,False,242.85503156565662,0.9,0.1,25,268,242.85503156565662,25,0,True,high
2012-12-07 21:00:00,False,185.5946783910535,0.9,0.1,19,205,185.5946783910535,19,0,True,high
2012-12-07 22:00:00,False,151.84541536241525,0.9,0.1,16,168,151.84541536241525,16,0,True,high
2012-12-07 23:00:00,False,119.88693181818178,0.9,0.1,12,132,119.88693181818178,12,0,True,high
2012-12-08 00:00:00,False,100.44662910700417,0.9,0.1,11,112,100.44662910700417,11,0,True,high
2012-12-08 01:00:00,False,76.40494227994228,0.9,0.1,8,85,76.40494227994228,8,0,True,high
2012-12-08 02:00:00,False,65.5391553030303,0.9,0.1,7,73,65.5391553030303,7,0,True,high
2012-12-08 03:00:00,False,31.064722582972568,0.9,0.1,4,36,31.064722582972568,4,0,True,high
2012-12-08 04:00:00,False,9.383742063492067,0.9,0.1,1,11,9.383742063492067,1,0,True,high
2012-12-08 05:00:00,False,10.20082395382395,0.9,0.1,2,13,10.20082395382395,2,0,True,high
2012-12-08 06:00:00,False,20.44408091908092,0.9,0.1,3,24,20.44408091908092,3,0,True,high
2012-12-08 07:00:00,True,52.843261224886234,0.9,0.1,6,59,52.843261224886234,6,0,True,critical
2012-12-08 08:00:00,True,110.22801277888779,0.9,0.1,12,123,110.22801277888779,12,0,True,critical
2012-12-08 09:00:00,True,193.80740151515144,0.9,0.1,20,214,193.80740151515144,20,0,True,critical
2012-12-08 10:00:00,False,242.7881471861471,0.9,0.1,25,268,242.7881471861471,25,0,True,high
2012-12-08 11:00:00,False,311.441761002886,0.9,0.1,32,344,311.441761002886,32,0,True,high
2012-12-08 12:00:00,False,395.57559607059613,0.9,0.1,40,436,395.57559607059613,40,0,True,high
2012-12-08 13:00:00,False,461.41885714285723,0.9,0.1,47,509,461.41885714285723,47,0,True,high
2012-12-08 14:00:00,False,501.8393661616163,0.9,0.1,51,553,501.8393661616163,51,0,True,high
2012-12-08 15:00:00,False,541.8844700577201,0.9,0.1,55,597,541.8844700577201,55,0,True,high
2012-12-08 16:00:00,False,489.400201118326,0.9,0.1,49,539,489.400201118326,49,0,True,high
2012-12-08 17:00:00,True,468.95354924242434,0.9,0.1,47,516,468.95354924242434,47,0,True,critical
2012-12-08 18:00:00,True,315.1741234459986,0.9,0.1,32,348,315.1741234459986,32,0,True,critical
2012-12-08 19:00:00,True,274.5366948051949,0.9,0.1,28,303,274.5366948051949,28,0,True,critical
2012-12-08 20:00:00,False,199.330323953824,0.9,0.1,20,220,199.330323953824,20,0,True,high
2012-12-08 21:00:00,False,154.15356349206343,0.9,0.1,16,171,154.15356349206343,16,0,True,high
2012-12-08 22:00:00,False,189.9517469336219,0.9,0.1,19,209,189.9517469336219,19,0,True,high
2012-12-08 23:00:00,False,132.91565842490837,0.9,0.1,14,147,132.91565842490837,14,0,True,high
2012-12-09 00:00:00,False,123.28100951825951,0.9,0.1,13,137,123.28100951825951,13,0,True,high
2012-12-09 01:00:00,False,92.8404354395604,0.9,0.1,10,103,92.8404354395604,10,0,True,high
2012-12-09 02:00:00,False,82.2618652597403,0.9,0.1,9,92,82.2618652597403,9,0,True,high
2012-12-09 03:00:00,False,32.16489017926517,0.9,0.1,4,37,32.16489017926517,4,0,True,high
2012-12-09 04:00:00,False,12.919089937839935,0.9,0.1,2,15,12.919089937839935,2,0,True,high
2012-12-09 05:00:00,False,9.195250111000105,0.9,0.1,1,11,9.195250111000105,1,0,True,high
2012-12-09 06:00:00,False,17.631398018648014,0.9,0.1,2,20,17.631398018648014,2,0,True,high
2012-12-09 07:00:00,True,21.284377705627694,0.9,0.1,3,25,21.284377705627694,3,0,True,critical
2012-12-09 08:00:00,True,66.47068846431347,0.9,0.1,7,74,66.47068846431347,7,0,True,critical
2012-12-09 09:00:00,True,123.56993055555552,0.9,0.1,13,137,123.56993055555552,13,0,True,critical
2012-12-09 10:00:00,False,159.3956091547342,0.9,0.1,16,176,159.3956091547342,16,0,True,high
2012-12-09 11:00:00,False,243.55818380230886,0.9,0.1,25,269,243.55818380230886,25,0,True,high
2012-12-09 12:00:00,False,424.60033590021084,0.9,0.1,43,468,424.60033590021084,43,0,True,high
2012-12-09 13:00:00,False,412.73231415806396,0.9,0.1,42,455,412.73231415806396,42,0,True,high
2012-12-09 14:00:00,False,420.1556242229994,0.9,0.1,43,464,420.1556242229994,43,0,True,high
2012-12-09 15:00:00,False,324.76376082251073,0.9,0.1,33,358,324.76376082251073,33,0,True,high
2012-12-09 16:00:00,False,248.54931403318903,0.9,0.1,25,274,248.54931403318903,25,0,True,high
2012-12-09 17:00:00,True,252.94848167110678,0.9,0.1,26,279,252.94848167110678,26,0,True,critical
2012-12-09 18:00:00,True,216.21284036796544,0.9,0.1,22,239,216.21284036796544,22,0,True,critical
2012-12-09 19:00:00,True,163.0304954906205,0.9,0.1,17,181,163.0304954906205,17,0,True,critical
2012-12-09 20:00:00,False,107.40150378787875,0.9,0.1,11,119,107.40150378787875,11,0,True,high
2012-12-09 21:00:00,False,117.50729166666675,0.9,0.1,12,130,117.50729166666675,12,0,True,high
2012-12-09 22:00:00,False,80.88407839382837,0.9,0.1,9,90,80.88407839382837,9,0,True,high
2012-12-09 23:00:00,False,57.90384174159175,0.9,0.1,6,64,57.90384174159175,6,0,True,high
2012-12-10 00:00:00,False,28.94818740981241,0.9,0.1,3,32,28.94818740981241,3,0,True,high
2012-12-10 01:00:00,False,11.44149368686869,0.9,0.1,2,14,11.44149368686869,2,0,True,high
2012-12-10 02:00:00,False,5.763022213897212,0.9,0.1,1,7,5.763022213897212,1,0,True,high
2012-12-10 03:00:00,False,4.537380175380176,0.9,0.1,1,6,4.537380175380176,1,0,True,high
2012-12-10 04:00:00,False,5.642011169386168,0.9,0.1,1,7,5.642011169386168,1,0,True,high
2012-12-10 05:00:00,False,34.10414325951825,0.9,0.1,4,39,34.10414325951825,4,0,True,high
2012-12-10 06:00:00,False,107.21140885503384,0.9,0.1,11,119,107.21140885503384,11,0,True,high
2012-12-10 07:00:00,True,369.9069685314685,0.9,0.1,37,407,369.9069685314685,37,0,True,critical
2012-12-10 08:00:00,True,540.3264615107114,0.9,0.1,55,596,540.3264615107114,55,0,True,critical
2012-12-10 09:00:00,True,307.69908352758347,0.9,0.1,31,339,307.69908352758347,31,0,True,critical
2012-12-10 10:00:00,False,170.6771473665224,0.9,0.1,18,189,170.6771473665224,18,0,True,high
2012-12-10 11:00:00,False,116.88196736596737,0.9,0.1,12,129,116.88196736596737,12,0,True,high
2012-12-10 12:00:00,False,131.10643867243863,0.9,0.1,14,146,131.10643867243863,14,0,True,high
2012-12-10 13:00:00,False,170.03591708291705,0.9,0.1,18,189,170.03591708291705,18,0,True,high
2012-12-10 14:00:00,False,211.44800405150403,0.9,0.1,22,234,211.44800405150403,22,0,True,high
2012-12-10 15:00:00,False,223.64168223443218,0.9,0.1,23,247,223.64168223443218,23,0,True,high
2012-12-10 16:00:00,False,349.6450816822066,0.9,0.1,35,385,349.6450816822066,35,0,True,high
2012-12-10 17:00:00,True,636.1421676795428,0.9,0.1,64,701,636.1421676795428,64,0,True,critical
2012-12-10 18:00:00,True,581.5430278887779,0.9,0.1,59,641,581.5430278887779,59,0,True,critical
2012-12-10 19:00:00,True,411.2638466810966,0.9,0.1,42,454,411.2638466810966,42,0,True,critical
2012-12-10 20:00:00,False,294.6354875541125,0.9,0.1,30,325,294.6354875541125,30,0,True,high
2012-12-10 21:00:00,False,209.56367947330432,0.9,0.1,21,231,209.56367947330432,21,0,True,high
2012-12-10 22:00:00,False,171.5796172993673,0.9,0.1,18,190,171.5796172993673,18,0,True,high
2012-12-10 23:00:00,False,80.50154666167167,0.9,0.1,9,90,80.50154666167167,9,0,True,high
2012-12-11 00:00:00,False,42.84850739538239,0.9,0.1,5,48,42.84850739538239,5,0,True,high
2012-12-11 01:00:00,False,15.723179306804314,0.9,0.1,2,18,15.723179306804314,2,0,True,high
2012-12-11 02:00:00,False,5.9209052197802166,0.9,0.1,1,7,5.9209052197802166,1,0,True,high
2012-12-11 03:00:00,False,3.801855658230658,0.9,0.1,1,5,3.801855658230658,1,0,True,high
2012-12-11 04:00:00,False,5.236519466644467,0.9,0.1,1,7,5.236519466644467,1,0,True,high
2012-12-11 05:00:00,False,30.999043290043293,0.9,0.1,4,35,30.999043290043293,4,0,True,high
2012-12-11 06:00:00,False,151.05980357142866,0.9,0.1,16,168,151.05980357142866,16,0,True,high
2012-12-11 07:00:00,True,347.44671518759026,0.9,0.1,35,383,347.44671518759026,35,0,True,critical
2012-12-11 08:00:00,True,618.0682722138973,0.9,0.1,62,681,618.0682722138973,62,0,True,critical
2012-12-11 09:00:00,True,311.8130980130981,0.9,0.1,32,344,311.8130980130981,32,0,True,critical
2012-12-11 10:00:00,False,178.4263403679653,0.9,0.1,18,197,178.4263403679653,18,0,True,high
2012-12-11 11:00:00,False,172.79268477355978,0.9,0.1,18,191,172.79268477355978,18,0,True,high
2012-12-11 12:00:00,False,215.39311854811865,0.9,0.1,22,238,215.39311854811865,22,0,True,high
2012-12-11 13:00:00,False,233.5696136363635,0.9,0.1,24,258,233.5696136363635,24,0,True,high
2012-12-11 14:00:00,False,240.00243759018755,0.9,0.1,25,266,240.00243759018755,25,0,True,high
2012-12-11 15:00:00,False,226.21798583361098,0.9,0.1,23,250,226.21798583361098,23,0,True,high
2012-12-11 16:00:00,False,382.40042499167487,0.9,0.1,39,422,382.40042499167487,39,0,True,high
2012-12-11 17:00:00,True,651.2784787296036,0.9,0.1,66,718,651.2784787296036,66,0,True,critical
2012-12-11 18:00:00,True,560.788003871129,0.9,0.1,57,618,560.788003871129,57,0,True,critical
2012-12-11 19:00:00,True,415.78478775391284,0.9,0.1,42,458,415.78478775391284,42,0,True,critical
2012-12-11 20:00:00,False,289.49840710678217,0.9,0.1,29,319,289.49840710678217,29,0,True,high
2012-12-11 21:00:00,False,210.0344197330446,0.9,0.1,22,233,210.0344197330446,22,0,True,high
2012-12-11 22:00:00,False,149.52814790764785,0.9,0.1,15,165,149.52814790764785,15,0,True,high
2012-12-11 23:00:00,False,79.97466468253968,0.9,0.1,8,88,79.97466468253968,8,0,True,high
2012-12-12 00:00:00,False,38.18934397546897,0.9,0.1,4,43,38.18934397546897,4,0,True,high
2012-12-12 01:00:00,False,17.718048881673884,0.9,0.1,2,20,17.718048881673884,2,0,True,high
2012-12-12 02:00:00,False,8.60809336496837,0.9,0.1,1,10,8.60809336496837,1,0,True,high
2012-12-12 03:00:00,False,3.937790043290043,0.9,0.1,1,5,3.937790043290043,1,0,True,high
2012-12-12 04:00:00,False,5.49875931013431,0.9,0.1,1,7,5.49875931013431,1,0,True,high
2012-12-12 05:00:00,False,35.28739411976912,0.9,0.1,4,40,35.28739411976912,4,0,True,high
2012-12-12 06:00:00,False,127.20590634365637,0.9,0.1,13,141,127.20590634365637,13,0,True,high
2012-12-12 07:00:00,True,345.7067837301588,0.9,0.1,35,381,345.7067837301588,35,0,True,critical
2012-12-12 08:00:00,True,623.374401945277,0.9,0.1,63,687,623.374401945277,63,0,True,critical
2012-12-12 09:00:00,True,322.24763911088917,0.9,0.1,33,356,322.24763911088917,33,0,True,critical
2012-12-12 10:00:00,False,151.61017424242428,0.9,0.1,16,168,151.61017424242428,16,0,True,high
2012-12-12 11:00:00,False,147.3014431956932,0.9,0.1,15,163,147.3014431956932,15,0,True,high
2012-12-12 12:00:00,False,208.9192445887446,0.9,0.1,21,230,208.9192445887446,21,0,True,high
2012-12-12 13:00:00,False,259.24054134754124,0.9,0.1,26,286,259.24054134754124,26,0,True,high
2012-12-12 14:00:00,False,246.38969841269838,0.9,0.1,25,272,246.38969841269838,25,0,True,high
2012-12-12 15:00:00,False,240.3806206709957,0.9,0.1,25,266,240.3806206709957,25,0,True,high
2012-12-12 16:00:00,False,308.28597243034756,0.9,0.1,31,340,308.28597243034756,31,0,True,high
2012-12-12 17:00:00,True,553.9217626262629,0.9,0.1,56,610,553.9217626262629,56,0,True,critical
2012-12-12 18:00:00,True,515.1831800838049,0.9,0.1,52,568,515.1831800838049,52,0,True,critical
2012-12-12 19:00:00,True,403.37282828282827,0.9,0.1,41,445,403.37282828282827,41,0,True,critical
2012-12-12 20:00:00,False,273.5258891525141,0.9,0.1,28,302,273.5258891525141,28,0,True,high
2012-12-12 21:00:00,False,207.39363492063498,0.9,0.1,21,229,207.39363492063498,21,0,True,high
2012-12-12 22:00:00,False,145.09614414751914,0.9,0.1,15,161,145.09614414751914,15,0,True,high
2012-12-12 23:00:00,False,83.72937662337662,0.9,0.1,9,93,83.72937662337662,9,0,True,high
2012-12-13 00:00:00,False,45.11511333111333,0.9,0.1,5,51,45.11511333111333,5,0,True,high
2012-12-13 01:00:00,False,16.10500252525252,0.9,0.1,2,19,16.10500252525252,2,0,True,high
2012-12-13 02:00:00,False,10.067508859196359,0.9,0.1,2,13,10.067508859196359,2,0,True,high
2012-12-13 03:00:00,False,4.480180805305807,0.9,0.1,1,6,4.480180805305807,1,0,True,high
2012-12-13 04:00:00,False,3.9273066239316257,0.9,0.1,1,5,3.9273066239316257,1,0,True,high
2012-12-13 05:00:00,False,31.60558878621379,0.9,0.1,4,36,31.60558878621379,4,0,True,high
2012-12-13 06:00:00,False,122.44972456709955,0.9,0.1,13,136,122.44972456709955,13,0,True,high
2012-12-13 07:00:00,True,339.14939682539676,0.9,0.1,34,374,339.14939682539676,34,0,True,critical
2012-12-13 08:00:00,True,634.8667776251526,0.9,0.1,64,699,634.8667776251526,64,0,True,critical
2012-12-13 09:00:00,True,306.3158084415584,0.9,0.1,31,338,306.3158084415584,31,0,True,critical
2012-12-13 10:00:00,False,172.44926587301586,0.9,0.1,18,191,172.44926587301586,18,0,True,high
2012-12-13 11:00:00,False,180.21208531746026,0.9,0.1,19,200,180.21208531746026,19,0,True,high
2012-12-13 12:00:00,False,233.6143095515595,0.9,0.1,24,258,233.6143095515595,24,0,True,high
2012-12-13 13:00:00,False,265.98048223304477,0.9,0.1,27,293,265.98048223304477,27,0,True,high
2012-12-13 14:00:00,False,251.18709018759017,0.9,0.1,26,278,251.18709018759017,26,0,True,high
2012-12-13 15:00:00,False,266.3696387085137,0.9,0.1,27,294,266.3696387085137,27,0,True,high
2012-12-13 16:00:00,False,327.3712820512821,0.9,0.1,33,361,327.3712820512821,33,0,True,high
2012-12-13 17:00:00,True,540.1642595598847,0.9,0.1,55,596,540.1642595598847,55,0,True,critical
2012-12-13 18:00:00,True,498.3836195887447,0.9,0.1,50,549,498.3836195887447,50,0,True,critical
2012-12-13 19:00:00,True,365.05294388944384,0.9,0.1,37,403,365.05294388944384,37,0,True,critical
2012-12-13 20:00:00,False,267.5728242035741,0.9,0.1,27,295,267.5728242035741,27,0,True,high
2012-12-13 21:00:00,False,191.40822835497832,0.9,0.1,20,212,191.40822835497832,20,0,True,high
2012-12-13 22:00:00,False,159.54649712787213,0.9,0.1,16,176,159.54649712787213,16,0,True,high
2012-12-13 23:00:00,False,103.7852741980242,0.9,0.1,11,115,103.7852741980242,11,0,True,high
2012-12-14 00:00:00,False,58.398769119769106,0.9,0.1,6,65,58.398769119769106,6,0,True,high
2012-12-14 01:00:00,False,26.201349386724402,0.9,0.1,3,30,26.201349386724402,3,0,True,high
2012-12-14 02:00:00,False,12.658503538128544,0.9,0.1,2,15,12.658503538128544,2,0,True,high
2012-12-14 03:00:00,False,4.693781926406928,0.9,0.1,1,6,4.693781926406928,1,0,True,high
2012-12-14 04:00:00,False,5.64485606060606,0.9,0.1,1,7,5.64485606060606,1,0,True,high
2012-12-14 05:00:00,False,28.47528264790766,0.9,0.1,3,32,28.47528264790766,3,0,True,high
2012-12-14 06:00:00,False,121.19115725940728,0.9,0.1,13,135,121.19115725940728,13,0,True,high
2012-12-14 07:00:00,True,324.7685618686868,0.9,0.1,33,358,324.7685618686868,33,0,True,critical
2012-12-14 08:00:00,True,581.6764885947382,0.9,0.1,59,641,581.6764885947382,59,0,True,critical
2012-12-14 09:00:00,True,318.6577478077478,0.9,0.1,32,351,318.6577478077478,32,0,True,critical
2012-12-14 10:00:00,False,195.29391053391046,0.9,0.1,20,216,195.29391053391046,20,0,True,high
2012-12-14 11:00:00,False,191.22892446442455,0.9,0.1,20,212,191.22892446442455,20,0,True,high
2012-12-14 12:00:00,False,276.09968944943944,0.9,0.1,28,305,276.09968944943944,28,0,True,high
2012-12-14 13:00:00,False,257.2298413808414,0.9,0.1,26,284,257.2298413808414,26,0,True,high
2012-12-14 14:00:00,False,263.46689592352095,0.9,0.1,27,291,263.46689592352095,27,0,True,high
2012-12-14 15:00:00,False,293.3513685064935,0.9,0.1,30,324,293.3513685064935,30,0,True,high
2012-12-14 16:00:00,False,398.3212621683873,0.9,0.1,40,439,398.3212621683873,40,0,True,high
2012-12-14 17:00:00,True,515.4391809718062,0.9,0.1,52,568,515.4391809718062,52,0,True,critical
2012-12-14 18:00:00,True,490.19219107281583,0.9,0.1,50,541,490.19219107281583,50,0,True,critical
2012-12-14 19:00:00,True,344.4808986291488,0.9,0.1,35,380,344.4808986291488,35,0,True,critical
2012-12-14 20:00:00,False,239.89776998001994,0.9,0.1,24,264,239.89776998001994,24,0,True,high
2012-12-14 21:00:00,False,184.68473178210678,0.9,0.1,19,204,184.68473178210678,19,0,True,high
2012-12-14 22:00:00,False,156.65674765512264,0.9,0.1,16,173,156.65674765512264,16,0,True,high
2012-12-14 23:00:00,False,110.96242601842603,0.9,0.1,12,123,110.96242601842603,12,0,True,high
2012-12-15 00:00:00,False,97.93525559163066,0.9,0.1,10,108,97.93525559163066,10,0,True,high
2012-12-15 01:00:00,False,74.78095898545902,0.9,0.1,8,83,74.78095898545902,8,0,True,high
2012-12-15 02:00:00,False,68.49970689033186,0.9,0.1,7,76,68.49970689033186,7,0,True,high
2012-12-15 03:00:00,False,38.12408333333333,0.9,0.1,4,43,38.12408333333333,4,0,True,high
2012-12-15 04:00:00,False,10.039833333333332,0.9,0.1,2,13,10.039833333333332,2,0,True,high
2012-12-15 05:00:00,False,8.21486126373626,0.9,0.1,1,10,8.21486126373626,1,0,True,high
2012-12-15 06:00:00,False,23.128935786435775,0.9,0.1,3,27,23.128935786435775,3,0,True,high
2012-12-15 07:00:00,True,37.540630328005335,0.9,0.1,4,42,37.540630328005335,4,0,True,critical
2012-12-15 08:00:00,True,134.02964826839832,0.9,0.1,14,149,134.02964826839832,14,0,True,critical
2012-12-15 09:00:00,True,179.34831385281382,0.9,0.1,18,198,179.34831385281382,18,0,True,critical
2012-12-15 10:00:00,False,281.54877615440114,0.9,0.1,29,311,281.54877615440114,29,0,True,high
2012-12-15 11:00:00,False,308.22066323953817,0.9,0.1,31,340,308.22066323953817,31,0,True,high
2012-12-15 12:00:00,False,400.19624834887355,0.9,0.1,41,442,400.19624834887355,41,0,True,high
2012-12-15 13:00:00,False,441.2817160894663,0.9,0.1,45,487,441.2817160894663,45,0,True,high
2012-12-15 14:00:00,False,428.9393614718616,0.9,0.1,43,472,428.9393614718616,43,0,True,high
2012-12-15 15:00:00,False,427.6115532106783,0.9,0.1,43,471,427.6115532106783,43,0,True,high
2012-12-15 16:00:00,False,477.61034830447335,0.9,0.1,48,526,477.61034830447335,48,0,True,high
2012-12-15 17:00:00,True,422.5435873709625,0.9,0.1,43,466,422.5435873709625,43,0,True,critical
2012-12-15 18:00:00,True,302.69561273448784,0.9,0.1,31,334,302.69561273448784,31,0,True,critical
2012-12-15 19:00:00,True,254.0482750721502,0.9,0.1,26,281,254.0482750721502,26,0,True,critical
2012-12-15 20:00:00,False,210.307397907648,0.9,0.1,22,233,210.307397907648,22,0,True,high
2012-12-15 21:00:00,False,183.28678192640697,0.9,0.1,19,203,183.28678192640697,19,0,True,high
2012-12-15 22:00:00,False,147.25276541514037,0.9,0.1,15,163,147.25276541514037,15,0,True,high
2012-12-15 23:00:00,False,132.9433240925741,0.9,0.1,14,147,132.9433240925741,14,0,True,high
2012-12-16 00:00:00,False,94.05052365689868,0.9,0.1,10,105,94.05052365689868,10,0,True,high
2012-12-16 01:00:00,False,84.5746167027417,0.9,0.1,9,94,84.5746167027417,9,0,True,high
2012-12-16 02:00:00,False,71.1144604700855,0.9,0.1,8,80,71.1144604700855,8,0,True,high
2012-12-16 03:00:00,False,44.024487554112554,0.9,0.1,5,50,44.024487554112554,5,0,True,high
2012-12-16 04:00:00,False,11.296459054834049,0.9,0.1,2,14,11.296459054834049,2,0,True,high
2012-12-16 05:00:00,False,8.887865537240533,0.9,0.1,1,10,8.887865537240533,1,0,True,high
2012-12-16 06:00:00,False,17.974895562770566,0.9,0.1,2,20,17.974895562770566,2,0,True,high
2012-12-16 07:00:00,True,23.150275405150392,0.9,0.1,3,27,23.150275405150392,3,0,True,critical
2012-12-16 08:00:00,True,90.54658076645575,0.9,0.1,10,101,90.54658076645575,10,0,True,critical
2012-12-16 09:00:00,True,175.38318109668103,0.9,0.1,18,194,175.38318109668103,18,0,True,critical
2012-12-16 10:00:00,False,198.77727056277064,0.9,0.1,20,219,198.77727056277064,20,0,True,high
2012-12-16 11:00:00,False,289.01014880952357,0.9,0.1,29,319,289.01014880952357,29,0,True,high
2012-12-16 12:00:00,False,305.6601003302253,0.9,0.1,31,337,305.6601003302253,31,0,True,high
2012-12-16 13:00:00,False,412.16624819624826,0.9,0.1,42,455,412.16624819624826,42,0,True,high
2012-12-16 14:00:00,False,336.8843754995004,0.9,0.1,34,371,336.8843754995004,34,0,True,high
2012-12-16 15:00:00,False,277.7526471861471,0.9,0.1,28,306,277.7526471861471,28,0,True,high
2012-12-16 16:00:00,False,341.44223214285716,0.9,0.1,35,377,341.44223214285716,35,0,True,high
2012-12-16 17:00:00,True,333.61551486013974,0.9,0.1,34,368,333.61551486013974,34,0,True,critical
2012-12-16 18:00:00,True,233.03409360084362,0.9,0.1,24,258,233.03409360084362,24,0,True,critical
2012-12-16 19:00:00,True,166.78540620490617,0.9,0.1,17,184,166.78540620490617,17,0,True,critical
2012-12-16 20:00:00,False,123.24632287157287,0.9,0.1,13,137,123.24632287157287,13,0,True,high
2012-12-16 21:00:00,False,126.58990873015868,0.9,0.1,13,140,126.58990873015868,13,0,True,high
2012-12-16 22:00:00,False,100.2792360833611,0.9,0.1,11,112,100.2792360833611,11,0,True,high
2012-12-16 23:00:00,False,73.55026809301809,0.9,0.1,8,82,73.55026809301809,8,0,True,high
2012-12-17 00:00:00,False,23.344152750027757,0.9,0.1,3,27,23.344152750027757,3,0,True,high
2012-12-17 01:00:00,False,13.934040626040625,0.9,0.1,2,16,13.934040626040625,2,0,True,high
2012-12-17 02:00:00,False,8.622419136419143,0.9,0.1,1,10,8.622419136419143,1,0,True,high
2012-12-17 03:00:00,False,4.141167207792209,0.9,0.1,1,6,4.141167207792209,1,0,True,high
2012-12-17 04:00:00,False,5.374649517149518,0.9,0.1,1,7,5.374649517149518,1,0,True,high
2012-12-17 05:00:00,False,30.87061291486292,0.9,0.1,4,35,30.87061291486292,4,0,True,high
2012-12-17 06:00:00,False,105.09303728216233,0.9,0.1,11,117,105.09303728216233,11,0,True,high
2012-12-17 07:00:00,True,300.7893702547454,0.9,0.1,31,332,300.7893702547454,31,0,True,critical
2012-12-17 08:00:00,True,553.5225034271283,0.9,0.1,56,610,553.5225034271283,56,0,True,critical
2012-12-17 09:00:00,True,307.13500997613505,0.9,0.1,31,339,307.13500997613505,31,0,True,critical
2012-12-17 10:00:00,False,183.2863088023088,0.9,0.1,19,203,183.2863088023088,19,0,True,high
2012-12-17 11:00:00,False,143.28751674714175,0.9,0.1,15,159,143.28751674714175,15,0,True,high
2012-12-17 12:00:00,False,214.89732352369853,0.9,0.1,22,237,214.89732352369853,22,0,True,high
2012-12-17 13:00:00,False,230.84249599012102,0.9,0.1,24,255,230.84249599012102,24,0,True,high
2012-12-17 14:00:00,False,196.006152084027,0.9,0.1,20,217,196.006152084027,20,0,True,high
2012-12-17 15:00:00,False,194.2060594683094,0.9,0.1,20,215,194.2060594683094,20,0,True,high
2012-12-17 16:00:00,False,247.04826677489177,0.9,0.1,25,273,247.04826677489177,25,0,True,high
2012-12-17 17:00:00,True,499.6991096681096,0.9,0.1,50,550,499.6991096681096,50,0,True,critical
2012-12-17 18:00:00,True,408.13878192640703,0.9,0.1,41,450,408.13878192640703,41,0,True,critical
2012-12-17 19:00:00,True,358.19653864191343,0.9,0.1,36,395,358.19653864191343,36,0,True,critical
2012-12-17 20:00:00,False,243.1530036075037,0.9,0.1,25,269,243.1530036075037,25,0,True,high
2012-12-17 21:00:00,False,160.9888427128427,0.9,0.1,17,178,160.9888427128427,17,0,True,high
2012-12-17 22:00:00,False,103.55487803862799,0.9,0.1,11,115,103.55487803862799,11,0,True,high
2012-12-17 23:00:00,False,42.76208538683541,0.9,0.1,5,48,42.76208538683541,5,0,True,high
2012-12-18 00:00:00,False,27.884896603396605,0.9,0.1,3,31,27.884896603396605,3,0,True,high
2012-12-18 01:00:00,False,11.483303210678214,0.9,0.1,2,14,11.483303210678214,2,0,True,high
2012-12-18 02:00:00,False,7.214745476745481,0.9,0.1,1,9,7.214745476745481,1,0,True,high
2012-12-18 03:00:00,False,3.552957972582973,0.9,0.1,1,5,3.552957972582973,1,0,True,high
2012-12-18 04:00:00,False,5.495797258297256,0.9,0.1,1,7,5.495797258297256,1,0,True,high
2012-12-18 05:00:00,False,28.754699855699855,0.9,0.1,3,32,28.754699855699855,3,0,True,high
2012-12-18 06:00:00,False,122.71441519591521,0.9,0.1,13,136,122.71441519591521,13,0,True,high
2012-12-18 07:00:00,True,346.9233952020202,0.9,0.1,35,382,346.9233952020202,35,0,True,critical
2012-12-18 08:00:00,True,611.5403257575756,0.9,0.1,62,674,611.5403257575756,62,0,True,critical
2012-12-18 09:00:00,True,315.2594577367079,0.9,0.1,32,348,315.2594577367079,32,0,True,critical
2012-12-18 10:00:00,False,174.10089177489183,0.9,0.1,18,193,174.10089177489183,18,0,True,high
2012-12-18 11:00:00,False,187.72964545177055,0.9,0.1,19,207,187.72964545177055,19,0,True,high
2012-12-18 12:00:00,False,261.71308717671224,0.9,0.1,27,289,261.71308717671224,27,0,True,high
2012-12-18 13:00:00,False,267.95152894327896,0.9,0.1,27,295,267.95152894327896,27,0,True,high
2012-12-18 14:00:00,False,235.57756854256863,0.9,0.1,24,260,235.57756854256863,24,0,True,high
2012-12-18 15:00:00,False,266.79962724775226,0.9,0.1,27,294,266.79962724775226,27,0,True,high
2012-12-18 16:00:00,False,351.8479823232324,0.9,0.1,36,388,351.8479823232324,36,0,True,high
2012-12-18 17:00:00,True,516.2374794372295,0.9,0.1,52,569,516.2374794372295,52,0,True,critical
2012-12-18 18:00:00,True,500.45380735930746,0.9,0.1,51,552,500.45380735930746,51,0,True,critical
2012-12-18 19:00:00,True,371.53574675324666,0.9,0.1,38,410,371.53574675324666,38,0,True,critical
2012-12-18 20:00:00,False,247.37795795870784,0.9,0.1,25,273,247.37795795870784,25,0,True,high
2012-12-18 21:00:00,False,205.1781217393718,0.9,0.1,21,227,205.1781217393718,21,0,True,high
2012-12-18 22:00:00,False,133.78293601006837,0.9,0.1,14,148,133.78293601006837,14,0,True,high
2012-12-18 23:00:00,False,80.03801587301588,0.9,0.1,9,90,80.03801587301588,9,0,True,high
2012-12-19 00:00:00,False,42.92821854534353,0.9,0.1,5,48,42.92821854534353,5,0,True,high
2012-12-19 01:00:00,False,20.57229478854479,0.9,0.1,3,24,20.57229478854479,3,0,True,high
2012-12-19 02:00:00,False,7.452557844932852,0.9,0.1,1,9,7.452557844932852,1,0,True,high
2012-12-19 03:00:00,False,3.55016953879454,0.9,0.1,1,5,3.55016953879454,1,0,True,high
2012-12-19 04:00:00,False,3.733778499278499,0.9,0.1,1,5,3.733778499278499,1,0,True,high
2012-12-19 05:00:00,False,31.585397963147965,0.9,0.1,4,36,31.585397963147965,4,0,True,high
2012-12-19 06:00:00,False,106.38469083694086,0.9,0.1,11,118,106.38469083694086,11,0,True,high
2012-12-19 07:00:00,True,327.73772961760466,0.9,0.1,33,361,327.73772961760466,33,0,True,critical
2012-12-19 08:00:00,True,620.0191679292928,0.9,0.1,63,684,620.0191679292928,63,0,True,critical
2012-12-19 09:00:00,True,317.0082817460317,0.9,0.1,32,350,317.0082817460317,32,0,True,critical
2012-12-19 10:00:00,False,179.99394606782104,0.9,0.1,18,198,179.99394606782104,18,0,True,high
2012-12-19 11:00:00,False,182.17245437895446,0.9,0.1,19,202,182.17245437895446,19,0,True,high
2012-12-19 12:00:00,False,276.9814613164614,0.9,0.1,28,305,276.9814613164614,28,0,True,high
2012-12-19 13:00:00,False,265.60179310966805,0.9,0.1,27,293,265.60179310966805,27,0,True,high
2012-12-19 14:00:00,False,212.94841945554444,0.9,0.1,22,235,212.94841945554444,22,0,True,high
2012-12-19 15:00:00,False,242.3948064990565,0.9,0.1,25,268,242.3948064990565,25,0,True,high
2012-12-19 16:00:00,False,366.0297666222668,0.9,0.1,37,404,366.0297666222668,37,0,True,high
2012-12-19 17:00:00,True,534.799929834055,0.9,0.1,54,589,534.799929834055,54,0,True,critical
2012-12-19 18:00:00,True,503.2187530663782,0.9,0.1,51,555,503.2187530663782,51,0,True,critical
2012-12-19 19:00:00,True,372.11157917082915,0.9,0.1,38,411,372.11157917082915,38,0,True,critical
2012-12-19 20:00:00,False,256.23934931734937,0.9,0.1,26,283,256.23934931734937,26,0,True,high
2012-12-19 21:00:00,False,189.50059686147193,0.9,0.1,19,209,189.50059686147193,19,0,True,high
2012-12-19 22:00:00,False,132.21350229100963,0.9,0.1,14,147,132.21350229100963,14,0,True,high
2012-12-19 23:00:00,False,89.49467766955266,0.9,0.1,9,99,89.49467766955266,9,0,True,high
2012-12-20 00:00:00,False,49.755102272727264,0.9,0.1,5,55,49.755102272727264,5,0,True,high
2012-12-20 01:00:00,False,20.010694139194143,0.9,0.1,3,24,20.010694139194143,3,0,True,high
2012-12-20 02:00:00,False,8.647927176989686,0.9,0.1,1,10,8.647927176989686,1,0,True,high
2012-12-20 03:00:00,False,4.123331168831169,0.9,0.1,1,6,4.123331168831169,1,0,True,high
2012-12-20 04:00:00,False,4.627934870684871,0.9,0.1,1,6,4.627934870684871,1,0,True,high
2012-12-20 05:00:00,False,29.16083442945944,0.9,0.1,3,33,29.16083442945944,3,0,True,high
2012-12-20 06:00:00,False,120.72779416416914,0.9,0.1,13,134,120.72779416416914,13,0,True,high
2012-12-20 07:00:00,True,347.4053970057721,0.9,0.1,35,383,347.4053970057721,35,0,True,critical
2012-12-20 08:00:00,True,615.2867233044733,0.9,0.1,62,678,615.2867233044733,62,0,True,critical
2012-12-20 09:00:00,True,310.6491201853702,0.9,0.1,32,343,310.6491201853702,32,0,True,critical
2012-12-20 10:00:00,False,174.16569859307364,0.9,0.1,18,193,174.16569859307364,18,0,True,high
2012-12-20 11:00:00,False,167.28781751581752,0.9,0.1,17,185,167.28781751581752,17,0,True,high
2012-12-20 12:00:00,False,237.75269978632474,0.9,0.1,24,262,237.75269978632474,24,0,True,high
2012-12-20 13:00:00,False,221.68336774336782,0.9,0.1,23,245,221.68336774336782,23,0,True,high
2012-12-20 14:00:00,False,201.85168290043285,0.9,0.1,21,223,201.85168290043285,21,0,True,high
2012-12-20 15:00:00,False,243.6517696608948,0.9,0.1,25,269,243.6517696608948,25,0,True,high
2012-12-20 16:00:00,False,340.3832509296258,0.9,0.1,35,376,340.3832509296258,35,0,True,high
2012-12-20 17:00:00,True,506.62830447330435,0.9,0.1,51,558,506.62830447330435,51,0,True,critical
2012-12-20 18:00:00,True,436.70289069264066,0.9,0.1,44,481,436.70289069264066,44,0,True,critical
2012-12-20 19:00:00,True,289.2868200826951,0.9,0.1,29,319,289.2868200826951,29,0,True,critical
2012-12-20 20:00:00,False,103.07750360750357,0.9,0.1,11,115,103.07750360750357,11,0,True,high
2012-12-20 21:00:00,False,55.32024422799422,0.9,0.1,6,62,55.32024422799422,6,0,True,high
2012-12-20 22:00:00,False,25.81951172438673,0.9,0.1,3,29,25.81951172438673,3,0,True,high
2012-12-20 23:00:00,False,25.05430375180375,0.9,0.1,3,29,25.05430375180375,3,0,True,high
2012-12-21 00:00:00,False,24.09415927128428,0.9,0.1,3,28,24.09415927128428,3,0,True,high
2012-12-21 01:00:00,False,14.100618326118331,0.9,0.1,2,17,14.100618326118331,2,0,True,high
2012-12-21 02:00:00,False,7.354321789321788,0.9,0.1,1,9,7.354321789321788,1,0,True,high
2012-12-21 03:00:00,False,4.494452029996145,0.9,0.1,1,6,4.494452029996145,1,0,True,high
2012-12-21 04:00:00,False,4.338684163059164,0.9,0.1,1,6,4.338684163059164,1,0,True,high
2012-12-21 05:00:00,False,30.97949186924187,0.9,0.1,4,35,30.97949186924187,4,0,True,high
2012-12-21 06:00:00,False,58.551598692973705,0.9,0.1,6,65,58.551598692973705,6,0,True,high
2012-12-21 07:00:00,True,240.62522150072147,0.9,0.1,25,266,240.62522150072147,25,0,True,critical
2012-12-21 08:00:00,True,464.2873116883114,0.9,0.1,47,512,464.2873116883114,47,0,True,critical
2012-12-21 09:00:00,True,295.2290380591631,0.9,0.1,30,326,295.2290380591631,30,0,True,critical
2012-12-21 10:00:00,False,156.67689957264957,0.9,0.1,16,173,156.67689957264957,16,0,True,high
2012-12-21 11:00:00,False,177.21066797091808,0.9,0.1,18,196,177.21066797091808,18,0,True,high
2012-12-21 12:00:00,False,188.16240277777788,0.9,0.1,19,208,188.16240277777788,19,0,True,high
2012-12-21 13:00:00,False,223.98074476911972,0.9,0.1,23,247,223.98074476911972,23,0,True,high
2012-12-21 14:00:00,False,254.63849206349204,0.9,0.1,26,281,254.63849206349204,26,0,True,high
2012-12-21 15:00:00,False,230.74083026695536,0.9,0.1,24,255,230.74083026695536,24,0,True,high
2012-12-21 16:00:00,False,342.199926046176,0.9,0.1,35,378,342.199926046176,35,0,True,high
2012-12-21 17:00:00,True,485.07462914862924,0.9,0.1,49,535,485.07462914862924,49,0,True,critical
2012-12-21 18:00:00,True,361.35238762626255,0.9,0.1,37,399,361.35238762626255,37,0,True,critical
2012-12-21 19:00:00,True,250.8604107142858,0.9,0.1,26,277,250.8604107142858,26,0,True,critical
2012-12-21 20:00:00,False,155.700450979576,0.9,0.1,16,172,155.700450979576,16,0,True,high
2012-12-21 21:00:00,False,130.25687481962478,0.9,0.1,14,145,130.25687481962478,14,0,True,high
2012-12-21 22:00:00,False,82.36163582251082,0.9,0.1,9,92,82.36163582251082,9,0,True,high
2012-12-21 23:00:00,False,57.373326839826866,0.9,0.1,6,64,57.373326839826866,6,0,True,high
2012-12-22 00:00:00,False,33.287338439338434,0.9,0.1,4,38,33.287338439338434,4,0,True,high
2012-12-22 01:00:00,False,27.290311327561312,0.9,0.1,3,31,27.290311327561312,3,0,True,high
2012-12-22 02:00:00,False,30.74776731601732,0.9,0.1,4,35,30.74776731601732,4,0,True,high
2012-12-22 03:00:00,False,17.538512265512267,0.9,0.1,2,20,17.538512265512267,2,0,True,high
2012-12-22 04:00:00,False,4.415452741702742,0.9,0.1,1,6,4.415452741702742,1,0,True,high
2012-12-22 05:00:00,False,8.320396381396382,0.9,0.1,1,10,8.320396381396382,1,0,True,high
2012-12-22 06:00:00,False,14.809802447552451,0.9,0.1,2,17,14.809802447552451,2,0,True,high
2012-12-22 07:00:00,True,40.25749134199134,0.9,0.1,5,46,40.25749134199134,5,0,True,critical
2012-12-22 08:00:00,True,73.99848593073592,0.9,0.1,8,82,73.99848593073592,8,0,True,critical
2012-12-22 09:00:00,True,56.88361688311683,0.9,0.1,6,63,56.88361688311683,6,0,True,critical
2012-12-22 10:00:00,False,133.5161771284271,0.9,0.1,14,148,133.5161771284271,14,0,True,high
2012-12-22 11:00:00,False,132.37108189033196,0.9,0.1,14,147,132.37108189033196,14,0,True,high
2012-12-22 12:00:00,False,195.35672259684767,0.9,0.1,20,216,195.35672259684767,20,0,True,high
2012-12-22 13:00:00,False,175.99768795093794,0.9,0.1,18,194,175.99768795093794,18,0,True,high
2012-12-22 14:00:00,False,167.9216753246753,0.9,0.1,17,185,167.9216753246753,17,0,True,high
2012-12-22 15:00:00,False,180.52134235209235,0.9,0.1,19,200,180.52134235209235,19,0,True,high
2012-12-22 16:00:00,False,236.071420981796,0.9,0.1,24,261,236.071420981796,24,0,True,high
2012-12-22 17:00:00,True,172.02355939893442,0.9,0.1,18,191,172.02355939893442,18,0,True,critical
2012-12-22 18:00:00,True,135.79813644688636,0.9,0.1,14,150,135.79813644688636,14,0,True,critical
2012-12-22 19:00:00,True,73.63497871572868,0.9,0.1,8,82,73.63497871572868,8,0,True,critical
2012-12-22 20:00:00,False,64.80119078144078,0.9,0.1,7,72,64.80119078144078,7,0,True,high
2012-12-22 21:00:00,False,65.09808011433014,0.9,0.1,7,73,65.09808011433014,7,0,True,high
2012-12-22 22:00:00,False,60.065896020646015,0.9,0.1,7,68,60.065896020646015,7,0,True,high
2012-12-22 23:00:00,False,41.1496295093795,0.9,0.1,5,47,41.1496295093795,5,0,True,high
2012-12-23 00:00:00,False,30.902639305139306,0.9,0.1,4,35,30.902639305139306,4,0,True,high
2012-12-23 01:00:00,False,24.55503907203908,0.9,0.1,3,28,24.55503907203908,3,0,True,high
2012-12-23 02:00:00,False,17.710518939393946,0.9,0.1,2,20,17.710518939393946,2,0,True,high
2012-12-23 03:00:00,False,12.5287481962482,0.9,0.1,2,15,12.5287481962482,2,0,True,high
2012-12-23 04:00:00,False,5.0277465034965045,0.9,0.1,1,7,5.0277465034965045,1,0,True,high
2012-12-23 05:00:00,False,7.607468059718062,0.9,0.1,1,9,7.607468059718062,1,0,True,high
2012-12-23 06:00:00,False,10.829798076923078,0.9,0.1,2,13,10.829798076923078,2,0,True,high
2012-12-23 07:00:00,True,28.372503427128432,0.9,0.1,3,32,28.372503427128432,3,0,True,critical
2012-12-23 08:00:00,True,57.5146865079365,0.9,0.1,6,64,57.5146865079365,6,0,True,critical
2012-12-23 09:00:00,True,89.91777404539906,0.9,0.1,9,99,89.91777404539906,9,0,True,critical
2012-12-23 10:00:00,False,85.38719913419916,0.9,0.1,9,95,85.38719913419916,9,0,True,high
2012-12-23 11:00:00,False,108.42876441613942,0.9,0.1,11,120,108.42876441613942,11,0,True,high
2012-12-23 12:00:00,False,177.1876601592851,0.9,0.1,18,196,177.1876601592851,18,0,True,high
2012-12-23 13:00:00,False,199.61297012709514,0.9,0.1,20,220,199.61297012709514,20,0,True,high
2012-12-23 14:00:00,False,187.0420755772006,0.9,0.1,19,207,187.0420755772006,19,0,True,high
2012-12-23 15:00:00,False,196.87478300865797,0.9,0.1,20,217,196.87478300865797,20,0,True,high
2012-12-23 16:00:00,False,187.09826741314234,0.9,0.1,19,207,187.09826741314234,19,0,True,high
2012-12-23 17:00:00,True,183.70801461038957,0.9,0.1,19,203,183.70801461038957,19,0,True,critical
2012-12-23 18:00:00,True,139.44637536075024,0.9,0.1,14,154,139.44637536075024,14,0,True,critical
2012-12-23 19:00:00,True,103.19619209956714,0.9,0.1,11,115,103.19619209956714,11,0,True,critical
2012-12-23 20:00:00,False,65.9616182151182,0.9,0.1,7,73,65.9616182151182,7,0,True,high
2012-12-23 21:00:00,False,56.18424549062048,0.9,0.1,6,63,56.18424549062048,6,0,True,high
2012-12-23 22:00:00,False,51.1266174242424,0.9,0.1,6,58,51.1266174242424,6,0,True,high
2012-12-23 23:00:00,False,41.16876262626265,0.9,0.1,5,47,41.16876262626265,5,0,True,high
2012-12-24 00:00:00,False,14.467494047619045,0.9,0.1,2,17,14.467494047619045,2,0,True,high
2012-12-24 01:00:00,False,5.235486291486291,0.9,0.1,1,7,5.235486291486291,1,0,True,high
2012-12-24 02:00:00,False,4.232609848484849,0.9,0.1,1,6,4.232609848484849,1,0,True,high
2012-12-24 03:00:00,False,2.8639715145965137,0.9,0.1,1,4,2.8639715145965137,1,0,True,high
2012-12-24 05:00:00,False,23.787150793650795,0.9,0.1,3,27,23.787150793650795,3,0,True,high
2012-12-24 06:00:00,False,41.75826800976802,0.9,0.1,5,47,41.75826800976802,5,0,True,high
2012-12-24 07:00:00,True,57.80902200577199,0.9,0.1,6,64,57.80902200577199,6,0,True,critical
2012-12-24 08:00:00,True,84.11382930957933,0.9,0.1,9,94,84.11382930957933,9,0,True,critical
2012-12-24 09:00:00,True,134.72641702741706,0.9,0.1,14,149,134.72641702741706,14,0,True,critical
2012-12-24 10:00:00,False,114.27378055278054,0.9,0.1,12,127,114.27378055278054,12,0,True,high
2012-12-24 11:00:00,False,109.83816126928626,0.9,0.1,11,121,109.83816126928626,11,0,True,high
2012-12-24 12:00:00,False,150.49751391663884,0.9,0.1,16,167,150.49751391663884,16,0,True,high
2012-12-24 13:00:00,False,110.33955447330443,0.9,0.1,12,123,110.33955447330443,12,0,True,high
2012-12-24 14:00:00,False,62.80945526695525,0.9,0.1,7,70,62.80945526695525,7,0,True,high
2012-12-24 15:00:00,False,53.83507503607506,0.9,0.1,6,60,53.83507503607506,6,0,True,high
2012-12-24 16:00:00,False,46.816576923076916,0.9,0.1,5,52,46.816576923076916,5,0,True,high
2012-12-24 17:00:00,True,77.88965936840935,0.9,0.1,8,86,77.88965936840935,8,0,True,critical
2012-12-24 18:00:00,True,79.90908739871242,0.9,0.1,8,88,79.90908739871242,8,0,True,critical
2012-12-24 19:00:00,True,83.05169282106785,0.9,0.1,9,93,83.05169282106785,9,0,True,critical
2012-12-24 20:00:00,False,30.17870337995336,0.9,0.1,4,35,30.17870337995336,4,0,True,high
2012-12-24 21:00:00,False,28.914099220224227,0.9,0.1,3,32,28.914099220224227,3,0,True,high
2012-12-24 22:00:00,False,37.595993686868695,0.9,0.1,4,42,37.595993686868695,4,0,True,high
2012-12-24 23:00:00,False,15.523259629259632,0.9,0.1,2,18,15.523259629259632,2,0,True,high
2012-12-25 00:00:00,False,9.8650965007215,0.9,0.1,1,11,9.8650965007215,1,0,True,high
2012-12-25 01:00:00,False,8.305449855699855,0.9,0.1,1,10,8.305449855699855,1,0,True,high
2012-12-25 02:00:00,False,7.363782578532582,0.9,0.1,1,9,7.363782578532582,1,0,True,high
2012-12-25 04:00:00,False,4.200193598068599,0.9,0.1,1,6,4.200193598068599,1,0,True,high
2012-12-25 05:00:00,False,9.178678141303141,0.9,0.1,1,11,9.178678141303141,1,0,True,high
2012-12-25 06:00:00,False,8.329801587301585,0.9,0.1,1,10,8.329801587301585,1,0,True,high
2012-12-25 07:00:00,True,18.88102308802309,0.9,0.1,2,21,18.88102308802309,2,0,True,critical
2012-12-25 08:00:00,True,22.281855311355294,0.9,0.1,3,26,22.281855311355294,3,0,True,critical
2012-12-25 09:00:00,True,35.953974844599855,0.9,0.1,4,40,35.953974844599855,4,0,True,critical
2012-12-25 10:00:00,False,37.51457196969697,0.9,0.1,4,42,37.51457196969697,4,0,True,high
2012-12-25 11:00:00,False,46.23083477633477,0.9,0.1,5,52,46.23083477633477,5,0,True,high
2012-12-25 12:00:00,False,107.16487554112555,0.9,0.1,11,119,107.16487554112555,11,0,True,high
2012-12-25 13:00:00,False,140.47614339826833,0.9,0.1,15,156,140.47614339826833,15,0,True,high
2012-12-25 14:00:00,False,130.65069318181816,0.9,0.1,14,145,130.65069318181816,14,0,True,high
2012-12-25 15:00:00,False,141.84095941558442,0.9,0.1,15,157,141.84095941558442,15,0,True,high
2012-12-25 16:00:00,False,140.0183662032412,0.9,0.1,15,156,140.0183662032412,15,0,True,high
2012-12-25 17:00:00,True,150.4972537878788,0.9,0.1,16,167,150.4972537878788,16,0,True,critical
2012-12-25 18:00:00,True,76.3494628982129,0.9,0.1,8,85,76.3494628982129,8,0,True,critical
2012-12-25 19:00:00,True,61.631775030525034,0.9,0.1,7,69,61.631775030525034,7,0,True,critical
2012-12-25 20:00:00,False,45.92410371572869,0.9,0.1,5,51,45.92410371572869,5,0,True,high
2012-12-25 21:00:00,False,48.65244264069261,0.9,0.1,5,54,48.65244264069261,5,0,True,high
2012-12-25 22:00:00,False,37.46437085137086,0.9,0.1,4,42,37.46437085137086,4,0,True,high
2012-12-25 23:00:00,False,19.11716353091353,0.9,0.1,2,22,19.11716353091353,2,0,True,high
2012-12-26 00:00:00,False,13.736481601731603,0.9,0.1,2,16,13.736481601731603,2,0,True,high
2012-12-26 01:00:00,False,7.250280996780996,0.9,0.1,1,9,7.250280996780996,1,0,True,high
2012-12-26 02:00:00,False,4.385216991341993,0.9,0.1,1,6,4.385216991341993,1,0,True,high
2012-12-26 03:00:00,False,2.7249514790764784,0.9,0.1,1,4,2.7249514790764784,1,0,True,high
2012-12-26 04:00:00,False,2.8254806166056157,0.9,0.1,1,4,2.8254806166056157,1,0,True,high
2012-12-26 05:00:00,False,18.79078397990898,0.9,0.1,2,21,18.79078397990898,2,0,True,high
2012-12-26 06:00:00,False,33.037747113997135,0.9,0.1,4,38,33.037747113997135,4,0,True,high
2012-12-26 07:00:00,True,72.43018577256078,0.9,0.1,8,81,72.43018577256078,8,0,True,critical
2012-12-26 08:00:00,True,64.88170923520924,0.9,0.1,7,72,64.88170923520924,7,0,True,critical
2012-12-26 09:00:00,True,55.377681818181834,0.9,0.1,6,62,55.377681818181834,6,0,True,critical
2012-12-26 10:00:00,False,31.28591325341326,0.9,0.1,4,36,31.28591325341326,4,0,True,high
2012-12-26 11:00:00,False,23.002096861471852,0.9,0.1,3,27,23.002096861471852,3,0,True,high
2012-12-26 12:00:00,False,25.403636002886,0.9,0.1,3,29,25.403636002886,3,0,True,high
2012-12-26 13:00:00,False,24.50418163780663,0.9,0.1,3,28,24.50418163780663,3,0,True,high
2012-12-26 14:00:00,False,29.294327824952834,0.9,0.1,3,33,29.294327824952834,3,0,True,high
2012-12-26 15:00:00,False,34.8713161144411,0.9,0.1,4,39,34.8713161144411,4,0,True,high
2012-12-26 16:00:00,False,25.489330974580977,0.9,0.1,3,29,25.489330974580977,3,0,True,high
2012-12-26 17:00:00,True,35.47916973304474,0.9,0.1,4,40,35.47916973304474,4,0,True,critical
2012-12-26 18:00:00,True,82.25024837662333,0.9,0.1,9,92,82.25024837662333,9,0,True,critical
2012-12-26 19:00:00,True,78.95879329004327,0.9,0.1,8,87,78.95879329004327,8,0,True,critical
2012-12-26 20:00:00,False,34.4082985209235,0.9,0.1,4,39,34.4082985209235,4,0,True,high
2012-12-26 21:00:00,False,34.67085263347762,0.9,0.1,4,39,34.67085263347762,4,0,True,high
2012-12-26 22:00:00,False,25.55131074481074,0.9,0.1,3,29,25.55131074481074,3,0,True,high
2012-12-26 23:00:00,False,12.935783369408368,0.9,0.1,2,15,12.935783369408368,2,0,True,high
2012-12-27 00:00:00,False,8.075710497835495,0.9,0.1,1,10,8.075710497835495,1,0,True,high
2012-12-27 01:00:00,False,6.775694055944057,0.9,0.1,1,8,6.775694055944057,1,0,True,high
2012-12-27 02:00:00,False,4.177920634920633,0.9,0.1,1,6,4.177920634920633,1,0,True,high
2012-12-27 03:00:00,False,2.1356944444444443,0.9,0.1,1,4,2.1356944444444443,1,0,True,high
2012-12-27 04:00:00,False,2.3020277777777785,0.9,0.1,1,4,2.3020277777777785,1,0,True,high
2012-12-27 05:00:00,False,18.82803751803752,0.9,0.1,2,21,18.82803751803752,2,0,True,high
2012-12-27 06:00:00,False,39.35167694805195,0.9,0.1,4,44,39.35167694805195,4,0,True,high
2012-12-27 07:00:00,True,118.89956654456651,0.9,0.1,12,131,118.89956654456651,12,0,True,critical
2012-12-27 08:00:00,True,216.4092763347763,0.9,0.1,22,239,216.4092763347763,22,0,True,critical
2012-12-27 09:00:00,True,153.71176028138527,0.9,0.1,16,170,153.71176028138527,16,0,True,critical
2012-12-27 10:00:00,False,98.55917550505058,0.9,0.1,10,109,98.55917550505058,10,0,True,high
2012-12-27 11:00:00,False,81.3877851731602,0.9,0.1,9,91,81.3877851731602,9,0,True,high
2012-12-27 12:00:00,False,127.95208567821068,0.9,0.1,13,141,127.95208567821068,13,0,True,high
2012-12-27 13:00:00,False,127.58917730880232,0.9,0.1,13,141,127.58917730880232,13,0,True,high
2012-12-27 14:00:00,False,130.89545472582972,0.9,0.1,14,145,130.89545472582972,14,0,True,high
2012-12-27 15:00:00,False,134.5055261544011,0.9,0.1,14,149,134.5055261544011,14,0,True,high
2012-12-27 16:00:00,False,145.18361056998555,0.9,0.1,15,161,145.18361056998555,15,0,True,high
2012-12-27 17:00:00,True,196.6554936868687,0.9,0.1,20,217,196.6554936868687,20,0,True,critical
2012-12-27 18:00:00,True,186.93449848762353,0.9,0.1,19,206,186.93449848762353,19,0,True,critical
2012-12-27 19:00:00,True,102.15831222943721,0.9,0.1,11,114,102.15831222943721,11,0,True,critical
2012-12-27 20:00:00,False,73.1404213564214,0.9,0.1,8,82,73.1404213564214,8,0,True,high
2012-12-27 21:00:00,False,59.876987554112546,0.9,0.1,6,66,59.876987554112546,6,0,True,high
2012-12-27 22:00:00,False,34.49323655511155,0.9,0.1,4,39,34.49323655511155,4,0,True,high
2012-12-27 23:00:00,False,24.591473873348868,0.9,0.1,3,28,24.591473873348868,3,0,True,high
2012-12-28 00:00:00,False,12.161361291486294,0.9,0.1,2,15,12.161361291486294,2,0,True,high
2012-12-28 01:00:00,False,10.939875291375294,0.9,0.1,2,13,10.939875291375294,2,0,True,high
2012-12-28 02:00:00,False,4.6318966450216426,0.9,0.1,1,6,4.6318966450216426,1,0,True,high
2012-12-28 03:00:00,False,2.781578643578643,0.9,0.1,1,4,2.781578643578643,1,0,True,high
2012-12-28 04:00:00,False,2.5531635170385174,0.9,0.1,1,4,2.5531635170385174,1,0,True,high
2012-12-28 05:00:00,False,11.818296342546345,0.9,0.1,2,14,11.818296342546345,2,0,True,high
2012-12-28 06:00:00,False,59.52416999666998,0.9,0.1,6,66,59.52416999666998,6,0,True,high
2012-12-28 07:00:00,True,100.0124018759019,0.9,0.1,11,112,100.0124018759019,11,0,True,critical
2012-12-28 08:00:00,True,234.6688719336218,0.9,0.1,24,259,234.6688719336218,24,0,True,critical
2012-12-28 09:00:00,True,160.52486322011322,0.9,0.1,17,178,160.52486322011322,17,0,True,critical
2012-12-28 10:00:00,False,98.8534941586192,0.9,0.1,10,109,98.8534941586192,10,0,True,high
2012-12-28 11:00:00,False,141.88784415584416,0.9,0.1,15,157,141.88784415584416,15,0,True,high
2012-12-28 12:00:00,False,159.2192794011545,0.9,0.1,16,176,159.2192794011545,16,0,True,high
2012-12-28 13:00:00,False,170.9197247474748,0.9,0.1,18,189,170.9197247474748,18,0,True,high
2012-12-28 14:00:00,False,167.4176612554112,0.9,0.1,17,185,167.4176612554112,17,0,True,high
2012-12-28 15:00:00,False,186.5184176517927,0.9,0.1,19,206,186.5184176517927,19,0,True,high
2012-12-28 16:00:00,False,176.16197655122653,0.9,0.1,18,195,176.16197655122653,18,0,True,high
2012-12-28 17:00:00,True,250.37105483405466,0.9,0.1,26,277,250.37105483405466,26,0,True,critical
2012-12-28 18:00:00,True,206.82409163059162,0.9,0.1,21,228,206.82409163059162,21,0,True,critical
2012-12-28 19:00:00,True,144.6015166500166,0.9,0.1,15,160,144.6015166500166,15,0,True,critical
2012-12-28 20:00:00,False,87.16816323953825,0.9,0.1,9,97,87.16816323953825,9,0,True,high
2012-12-28 21:00:00,False,73.10127984515483,0.9,0.1,8,82,73.10127984515483,8,0,True,high
2012-12-28 22:00:00,False,69.21542468642471,0.9,0.1,7,77,69.21542468642471,7,0,True,high
2012-12-28 23:00:00,False,36.7297664141414,0.9,0.1,4,41,36.7297664141414,4,0,True,high
2012-12-29 00:00:00,False,40.21418000055499,0.9,0.1,5,46,40.21418000055499,5,0,True,high
2012-12-29 01:00:00,False,22.473329711954715,0.9,0.1,3,26,22.473329711954715,3,0,True,high
2012-12-29 02:00:00,False,19.4125835137085,0.9,0.1,2,22,19.4125835137085,2,0,True,high
2012-12-29 03:00:00,False,10.162907467532465,0.9,0.1,2,13,10.162907467532465,2,0,True,high
2012-12-29 04:00:00,False,2.6945135281385277,0.9,0.1,1,4,2.6945135281385277,1,0,True,high
2012-12-29 05:00:00,False,7.5535946969696965,0.9,0.1,1,9,7.5535946969696965,1,0,True,high
2012-12-29 06:00:00,False,6.4759585969585975,0.9,0.1,1,8,6.4759585969585975,1,0,True,high
2012-12-29 07:00:00,True,14.51314682539682,0.9,0.1,2,17,14.51314682539682,2,0,True,critical
2012-12-29 08:00:00,True,49.50012808025306,0.9,0.1,5,55,49.50012808025306,5,0,True,critical
2012-12-29 09:00:00,True,82.4757503607504,0.9,0.1,9,92,82.4757503607504,9,0,True,critical
2012-12-29 10:00:00,False,57.08478037240537,0.9,0.1,6,64,57.08478037240537,6,0,True,high
2012-12-29 11:00:00,False,44.263953504828514,0.9,0.1,5,50,44.263953504828514,5,0,True,high
2012-12-29 12:00:00,False,47.001652097902124,0.9,0.1,5,53,47.001652097902124,5,0,True,high
2012-12-29 13:00:00,False,46.37405830280831,0.9,0.1,5,52,46.37405830280831,5,0,True,high
2012-12-29 14:00:00,False,100.75127886002888,0.9,0.1,11,112,100.75127886002888,11,0,True,high
2012-12-29 15:00:00,False,106.51436363636358,0.9,0.1,11,118,106.51436363636358,11,0,True,high
2012-12-29 16:00:00,False,129.18311544011544,0.9,0.1,13,143,129.18311544011544,13,0,True,high
2012-12-29 17:00:00,True,138.32405411255414,0.9,0.1,14,153,138.32405411255414,14,0,True,critical
2012-12-29 18:00:00,True,125.71357615995117,0.9,0.1,13,139,125.71357615995117,13,0,True,critical
2012-12-29 19:00:00,True,91.56410053835057,0.9,0.1,10,102,91.56410053835057,10,0,True,critical
2012-12-29 20:00:00,False,85.47499278499278,0.9,0.1,9,95,85.47499278499278,9,0,True,high
2012-12-29 21:00:00,False,52.76756727994224,0.9,0.1,6,59,52.76756727994224,6,0,True,high
2012-12-29 22:00:00,False,45.48267951492952,0.9,0.1,5,51,45.48267951492952,5,0,True,high
2012-12-29 23:00:00,False,42.76418510656009,0.9,0.1,5,48,42.76418510656009,5,0,True,high
2012-12-30 00:00:00,False,28.433587884337886,0.9,0.1,3,32,28.433587884337886,3,0,True,high
2012-12-30 01:00:00,False,32.71404076479077,0.9,0.1,4,37,32.71404076479077,4,0,True,high
2012-12-30 02:00:00,False,17.353925144300135,0.9,0.1,2,20,17.353925144300135,2,0,True,high
2012-12-30 03:00:00,False,8.52002362914863,0.9,0.1,1,10,8.52002362914863,1,0,True,high
2012-12-30 04:00:00,False,3.9876171744921747,0.9,0.1,1,5,3.9876171744921747,1,0,True,high
2012-12-30 05:00:00,False,5.572158910533908,0.9,0.1,1,7,5.572158910533908,1,0,True,high
2012-12-30 06:00:00,False,4.75398654123654,0.9,0.1,1,6,4.75398654123654,1,0,True,high
2012-12-30 07:00:00,True,11.926615495615492,0.9,0.1,2,14,11.926615495615492,2,0,True,critical
2012-12-30 08:00:00,True,30.848729853479846,0.9,0.1,4,35,30.848729853479846,4,0,True,critical
2012-12-30 09:00:00,True,54.48992676767674,0.9,0.1,6,61,54.48992676767674,6,0,True,critical
2012-12-30 10:00:00,False,82.48524603174602,0.9,0.1,9,92,82.48524603174602,9,0,True,high
2012-12-30 11:00:00,False,126.57874837662335,0.9,0.1,13,140,126.57874837662335,13,0,True,high
2012-12-30 12:00:00,False,152.0237413230045,0.9,0.1,16,169,152.0237413230045,16,0,True,high
2012-12-30 13:00:00,False,127.95588095238092,0.9,0.1,13,141,127.95588095238092,13,0,True,high
2012-12-30 14:00:00,False,163.39028102453102,0.9,0.1,17,181,163.39028102453102,17,0,True,high
2012-12-30 15:00:00,False,141.79432437007438,0.9,0.1,15,157,141.79432437007438,15,0,True,high
2012-12-30 16:00:00,False,130.02463185425685,0.9,0.1,14,145,130.02463185425685,14,0,True,high
2012-12-30 17:00:00,True,118.74127218614716,0.9,0.1,12,131,118.74127218614716,12,0,True,critical
2012-12-30 18:00:00,True,97.68383556721054,0.9,0.1,10,108,97.68383556721054,10,0,True,critical
2012-12-30 19:00:00,True,105.43380881618383,0.9,0.1,11,117,105.43380881618383,11,0,True,critical
2012-12-30 20:00:00,False,86.80814042207788,0.9,0.1,9,96,86.80814042207788,9,0,True,high
2012-12-30 21:00:00,False,63.1912019230769,0.9,0.1,7,71,63.1912019230769,7,0,True,high
2012-12-30 22:00:00,False,41.62234704184705,0.9,0.1,5,47,41.62234704184705,5,0,True,high
2012-12-30 23:00:00,False,29.148979978354998,0.9,0.1,3,33,29.148979978354998,3,0,True,high
2012-12-31 00:00:00,False,33.89735028860027,0.9,0.1,4,38,33.89735028860027,4,0,True,high
2012-12-31 01:00:00,False,16.76575041625041,0.9,0.1,2,19,16.76575041625041,2,0,True,high
2012-12-31 02:00:00,False,9.207643398268399,0.9,0.1,1,11,9.207643398268399,1,0,True,high
2012-12-31 03:00:00,False,4.938912545787545,0.9,0.1,1,6,4.938912545787545,1,0,True,high
2012-12-31 04:00:00,False,2.8198511904761894,0.9,0.1,1,4,2.8198511904761894,1,0,True,high
2012-12-31 05:00:00,False,10.450470765345763,0.9,0.1,2,13,10.450470765345763,2,0,True,high
2012-12-31 06:00:00,False,33.58985227272727,0.9,0.1,4,38,33.58985227272727,4,0,True,high
2012-12-31 07:00:00,True,58.94142893217893,0.9,0.1,6,65,58.94142893217893,6,0,True,critical
2012-12-31 08:00:00,True,158.06472023809522,0.9,0.1,16,175,158.06472023809522,16,0,True,critical
2012-12-31 09:00:00,True,110.73041215728718,0.9,0.1,12,123,110.73041215728718,12,0,True,critical
2012-12-31 10:00:00,False,87.77618740981238,0.9,0.1,9,97,87.77618740981238,9,0,True,high
2012-12-31 11:00:00,False,134.68064216339218,0.9,0.1,14,149,134.68064216339218,14,0,True,high
2012-12-31 12:00:00,False,151.14980558330558,0.9,0.1,16,168,151.14980558330558,16,0,True,high
2012-12-31 13:00:00,False,166.88790079365074,0.9,0.1,17,184,166.88790079365074,17,0,True,high
2012-12-31 14:00:00,False,165.704755952381,0.9,0.1,17,183,165.704755952381,17,0,True,high
2012-12-31 15:00:00,False,163.28933874458883,0.9,0.1,17,181,163.28933874458883,17,0,True,high
2012-12-31 16:00:00,False,200.67009476634473,0.9,0.1,21,222,200.67009476634473,21,0,True,high
2012-12-31 17:00:00,True,166.6895605505606,0.9,0.1,17,184,166.6895605505606,17,0,True,critical
2012-12-31 18:00:00,True,132.0335654761905,0.9,0.1,14,147,132.0335654761905,14,0,True,critical
2012-12-31 19:00:00,True,85.30077002164506,0.9,0.1,9,95,85.30077002164506,9,0,True,critical
2012-12-31 20:00:00,False,77.25677002164502,0.9,0.1,8,86,77.25677002164502,8,0,True,high
2012-12-31 21:00:00,False,61.41055293317793,0.9,0.1,7,69,61.41055293317793,7,0,True,high
2012-12-31 22:00:00,False,60.52519246031748,0.9,0.1,7,68,60.52519246031748,7,0,True,high
2012-12-31 23:00:00,False,39.52417424242425,0.9,0.1,4,44,39.52417424242425,4,0,True,high
